2025/08/29 09:27:01 [error] [exception.CHttpException.404] CHttpException: Unable to resolve the request "data.php". in /home/f7000414/public_html/yii-1.1.13/framework/web/CWebApplication.php:286
Stack trace:
#0 /home/f7000414/public_html/yii-1.1.13/framework/web/CWebApplication.php(141): CWebApplication->runController('data.php')
#1 /home/f7000414/public_html/yii-1.1.13/framework/base/CApplication.php(169): CWebApplication->processRequest()
#2 /home/f7000414/public_html/index.php(17): CApplication->run()
#3 {main}
REQUEST_URI=/data.php
---
2025/08/29 09:27:01 [error] [exception.CHttpException.404] CHttpException: Unable to resolve the request "alfa.php". in /home/f7000414/public_html/yii-1.1.13/framework/web/CWebApplication.php:286
Stack trace:
#0 /home/f7000414/public_html/yii-1.1.13/framework/web/CWebApplication.php(141): CWebApplication->runController('alfa.php')
#1 /home/f7000414/public_html/yii-1.1.13/framework/base/CApplication.php(169): CWebApplication->processRequest()
#2 /home/f7000414/public_html/index.php(17): CApplication->run()
#3 {main}
REQUEST_URI=/alfa.php
---
2025/08/29 09:27:01 [error] [exception.CHttpException.404] CHttpException: Unable to resolve the request "ss.php". in /home/f7000414/public_html/yii-1.1.13/framework/web/CWebApplication.php:286
Stack trace:
#0 /home/f7000414/public_html/yii-1.1.13/framework/web/CWebApplication.php(141): CWebApplication->runController('ss.php')
#1 /home/f7000414/public_html/yii-1.1.13/framework/base/CApplication.php(169): CWebApplication->processRequest()
#2 /home/f7000414/public_html/index.php(17): CApplication->run()
#3 {main}
REQUEST_URI=/ss.php
---
2025/08/29 09:27:01 [error] [exception.CHttpException.404] CHttpException: Unable to resolve the request "h.php". in /home/f7000414/public_html/yii-1.1.13/framework/web/CWebApplication.php:286
Stack trace:
#0 /home/f7000414/public_html/yii-1.1.13/framework/web/CWebApplication.php(141): CWebApplication->runController('h.php')
#1 /home/f7000414/public_html/yii-1.1.13/framework/base/CApplication.php(169): CWebApplication->processRequest()
#2 /home/f7000414/public_html/index.php(17): CApplication->run()
#3 {main}
REQUEST_URI=/h.php
---
2025/08/29 09:27:02 [error] [exception.CHttpException.404] CHttpException: Unable to resolve the request "hi.php". in /home/f7000414/public_html/yii-1.1.13/framework/web/CWebApplication.php:286
Stack trace:
#0 /home/f7000414/public_html/yii-1.1.13/framework/web/CWebApplication.php(141): CWebApplication->runController('hi.php')
#1 /home/f7000414/public_html/yii-1.1.13/framework/base/CApplication.php(169): CWebApplication->processRequest()
#2 /home/f7000414/public_html/index.php(17): CApplication->run()
#3 {main}
REQUEST_URI=/hi.php
---
2025/08/29 09:27:02 [error] [exception.CHttpException.404] CHttpException: Unable to resolve the request "ini.php". in /home/f7000414/public_html/yii-1.1.13/framework/web/CWebApplication.php:286
Stack trace:
#0 /home/f7000414/public_html/yii-1.1.13/framework/web/CWebApplication.php(141): CWebApplication->runController('ini.php')
#1 /home/f7000414/public_html/yii-1.1.13/framework/base/CApplication.php(169): CWebApplication->processRequest()
#2 /home/f7000414/public_html/index.php(17): CApplication->run()
#3 {main}
REQUEST_URI=/ini.php
---
2025/08/29 09:27:02 [error] [exception.CHttpException.404] CHttpException: Unable to resolve the request "faq.php". in /home/f7000414/public_html/yii-1.1.13/framework/web/CWebApplication.php:286
Stack trace:
#0 /home/f7000414/public_html/yii-1.1.13/framework/web/CWebApplication.php(141): CWebApplication->runController('faq.php')
#1 /home/f7000414/public_html/yii-1.1.13/framework/base/CApplication.php(169): CWebApplication->processRequest()
#2 /home/f7000414/public_html/index.php(17): CApplication->run()
#3 {main}
REQUEST_URI=/faq.php
---
2025/08/29 09:27:03 [error] [exception.CHttpException.404] CHttpException: Unable to resolve the request "elp.php". in /home/f7000414/public_html/yii-1.1.13/framework/web/CWebApplication.php:286
Stack trace:
#0 /home/f7000414/public_html/yii-1.1.13/framework/web/CWebApplication.php(141): CWebApplication->runController('elp.php')
#1 /home/f7000414/public_html/yii-1.1.13/framework/base/CApplication.php(169): CWebApplication->processRequest()
#2 /home/f7000414/public_html/index.php(17): CApplication->run()
#3 {main}
REQUEST_URI=/elp.php
---
2025/08/29 09:27:03 [error] [exception.CHttpException.404] CHttpException: Unable to resolve the request "erin1.PhP7". in /home/f7000414/public_html/yii-1.1.13/framework/web/CWebApplication.php:286
Stack trace:
#0 /home/f7000414/public_html/yii-1.1.13/framework/web/CWebApplication.php(141): CWebApplication->runController('erin1.PhP7')
#1 /home/f7000414/public_html/yii-1.1.13/framework/base/CApplication.php(169): CWebApplication->processRequest()
#2 /home/f7000414/public_html/index.php(17): CApplication->run()
#3 {main}
REQUEST_URI=/erin1.PhP7
---
2025/08/29 09:27:03 [error] [exception.CHttpException.404] CHttpException: Unable to resolve the request "astab.php". in /home/f7000414/public_html/yii-1.1.13/framework/web/CWebApplication.php:286
Stack trace:
#0 /home/f7000414/public_html/yii-1.1.13/framework/web/CWebApplication.php(141): CWebApplication->runController('astab.php')
#1 /home/f7000414/public_html/yii-1.1.13/framework/base/CApplication.php(169): CWebApplication->processRequest()
#2 /home/f7000414/public_html/index.php(17): CApplication->run()
#3 {main}
REQUEST_URI=/astab.php
---
2025/08/29 09:27:04 [error] [exception.CHttpException.404] CHttpException: Unable to resolve the request "Njima.php". in /home/f7000414/public_html/yii-1.1.13/framework/web/CWebApplication.php:286
Stack trace:
#0 /home/f7000414/public_html/yii-1.1.13/framework/web/CWebApplication.php(141): CWebApplication->runController('Njima.php')
#1 /home/f7000414/public_html/yii-1.1.13/framework/base/CApplication.php(169): CWebApplication->processRequest()
#2 /home/f7000414/public_html/index.php(17): CApplication->run()
#3 {main}
REQUEST_URI=/Njima.php
---
2025/08/29 09:27:04 [error] [exception.CHttpException.404] CHttpException: Unable to resolve the request "packed.php". in /home/f7000414/public_html/yii-1.1.13/framework/web/CWebApplication.php:286
Stack trace:
#0 /home/f7000414/public_html/yii-1.1.13/framework/web/CWebApplication.php(141): CWebApplication->runController('packed.php')
#1 /home/f7000414/public_html/yii-1.1.13/framework/base/CApplication.php(169): CWebApplication->processRequest()
#2 /home/f7000414/public_html/index.php(17): CApplication->run()
#3 {main}
REQUEST_URI=/packed.php
---
2025/08/29 09:55:45 [error] [exception.CHttpException.404] CHttpException: Unable to resolve the request "robots.txt". in /home/f7000414/public_html/yii-1.1.13/framework/web/CWebApplication.php:286
Stack trace:
#0 /home/f7000414/public_html/yii-1.1.13/framework/web/CWebApplication.php(141): CWebApplication->runController('robots.txt')
#1 /home/f7000414/public_html/yii-1.1.13/framework/base/CApplication.php(169): CWebApplication->processRequest()
#2 /home/f7000414/public_html/index.php(17): CApplication->run()
#3 {main}
REQUEST_URI=/robots.txt
---
2025/08/29 10:50:02 [error] [exception.CHttpException.404] CHttpException: Unable to resolve the request "wordpress/wp-admin/setup-config.php". in /home/f7000414/public_html/yii-1.1.13/framework/web/CWebApplication.php:286
Stack trace:
#0 /home/f7000414/public_html/yii-1.1.13/framework/web/CWebApplication.php(141): CWebApplication->runController('wordpress/wp-ad...')
#1 /home/f7000414/public_html/yii-1.1.13/framework/base/CApplication.php(169): CWebApplication->processRequest()
#2 /home/f7000414/public_html/index.php(17): CApplication->run()
#3 {main}
REQUEST_URI=/wordpress/wp-admin/setup-config.php
---
2025/08/29 10:50:12 [error] [exception.CHttpException.404] CHttpException: Unable to resolve the request "wp-admin/setup-config.php". in /home/f7000414/public_html/yii-1.1.13/framework/web/CWebApplication.php:286
Stack trace:
#0 /home/f7000414/public_html/yii-1.1.13/framework/web/CWebApplication.php(141): CWebApplication->runController('wp-admin/setup-...')
#1 /home/f7000414/public_html/yii-1.1.13/framework/base/CApplication.php(169): CWebApplication->processRequest()
#2 /home/f7000414/public_html/index.php(17): CApplication->run()
#3 {main}
REQUEST_URI=/wp-admin/setup-config.php
---
2025/08/29 10:51:07 [error] [exception.CHttpException.404] CHttpException: Unable to resolve the request "wordpress/wp-admin/setup-config.php". in /home/f7000414/public_html/yii-1.1.13/framework/web/CWebApplication.php:286
Stack trace:
#0 /home/f7000414/public_html/yii-1.1.13/framework/web/CWebApplication.php(141): CWebApplication->runController('wordpress/wp-ad...')
#1 /home/f7000414/public_html/yii-1.1.13/framework/base/CApplication.php(169): CWebApplication->processRequest()
#2 /home/f7000414/public_html/index.php(17): CApplication->run()
#3 {main}
REQUEST_URI=/wordpress/wp-admin/setup-config.php
---
2025/08/29 10:51:23 [error] [exception.CHttpException.404] CHttpException: Unable to resolve the request "robots.txt". in /home/f7000414/public_html/yii-1.1.13/framework/web/CWebApplication.php:286
Stack trace:
#0 /home/f7000414/public_html/yii-1.1.13/framework/web/CWebApplication.php(141): CWebApplication->runController('robots.txt')
#1 /home/f7000414/public_html/yii-1.1.13/framework/base/CApplication.php(169): CWebApplication->processRequest()
#2 /home/f7000414/public_html/index.php(17): CApplication->run()
#3 {main}
REQUEST_URI=/robots.txt
---
2025/08/29 10:51:23 [error] [exception.CHttpException.404] CHttpException: Unable to resolve the request "ads.txt". in /home/f7000414/public_html/yii-1.1.13/framework/web/CWebApplication.php:286
Stack trace:
#0 /home/f7000414/public_html/yii-1.1.13/framework/web/CWebApplication.php(141): CWebApplication->runController('ads.txt')
#1 /home/f7000414/public_html/yii-1.1.13/framework/base/CApplication.php(169): CWebApplication->processRequest()
#2 /home/f7000414/public_html/index.php(17): CApplication->run()
#3 {main}
REQUEST_URI=/ads.txt
---
2025/08/29 10:51:36 [error] [exception.CHttpException.404] CHttpException: Unable to resolve the request "wp-admin/setup-config.php". in /home/f7000414/public_html/yii-1.1.13/framework/web/CWebApplication.php:286
Stack trace:
#0 /home/f7000414/public_html/yii-1.1.13/framework/web/CWebApplication.php(141): CWebApplication->runController('wp-admin/setup-...')
#1 /home/f7000414/public_html/yii-1.1.13/framework/base/CApplication.php(169): CWebApplication->processRequest()
#2 /home/f7000414/public_html/index.php(17): CApplication->run()
#3 {main}
REQUEST_URI=/wp-admin/setup-config.php
---
2025/08/29 11:11:00 [error] [exception.CHttpException.404] CHttpException: Unable to resolve the request "index.html". in /home/f7000414/public_html/yii-1.1.13/framework/web/CWebApplication.php:286
Stack trace:
#0 /home/f7000414/public_html/yii-1.1.13/framework/web/CWebApplication.php(141): CWebApplication->runController('index.html')
#1 /home/f7000414/public_html/yii-1.1.13/framework/base/CApplication.php(169): CWebApplication->processRequest()
#2 /home/f7000414/public_html/index.php(17): CApplication->run()
#3 {main}
REQUEST_URI=/index.html
---
2025/08/29 12:01:02 [error] [exception.CHttpException.404] CHttpException: Unable to resolve the request "index.html". in /home/f7000414/public_html/yii-1.1.13/framework/web/CWebApplication.php:286
Stack trace:
#0 /home/f7000414/public_html/yii-1.1.13/framework/web/CWebApplication.php(141): CWebApplication->runController('index.html')
#1 /home/f7000414/public_html/yii-1.1.13/framework/base/CApplication.php(169): CWebApplication->processRequest()
#2 /home/f7000414/public_html/index.php(17): CApplication->run()
#3 {main}
REQUEST_URI=/index.html
---
2025/08/29 12:03:58 [error] [exception.CHttpException.404] CHttpException: Unable to resolve the request "robots.txt". in /home/f7000414/public_html/yii-1.1.13/framework/web/CWebApplication.php:286
Stack trace:
#0 /home/f7000414/public_html/yii-1.1.13/framework/web/CWebApplication.php(141): CWebApplication->runController('robots.txt')
#1 /home/f7000414/public_html/yii-1.1.13/framework/base/CApplication.php(169): CWebApplication->processRequest()
#2 /home/f7000414/public_html/index.php(17): CApplication->run()
#3 {main}
REQUEST_URI=/robots.txt
---
2025/08/29 12:04:01 [error] [exception.CHttpException.404] CHttpException: Unable to resolve the request "robots.txt". in /home/f7000414/public_html/yii-1.1.13/framework/web/CWebApplication.php:286
Stack trace:
#0 /home/f7000414/public_html/yii-1.1.13/framework/web/CWebApplication.php(141): CWebApplication->runController('robots.txt')
#1 /home/f7000414/public_html/yii-1.1.13/framework/base/CApplication.php(169): CWebApplication->processRequest()
#2 /home/f7000414/public_html/index.php(17): CApplication->run()
#3 {main}
REQUEST_URI=/robots.txt
---
2025/08/29 12:17:59 [error] [exception.CHttpException.404] CHttpException: Unable to resolve the request "wordpress". in /home/f7000414/public_html/yii-1.1.13/framework/web/CWebApplication.php:286
Stack trace:
#0 /home/f7000414/public_html/yii-1.1.13/framework/web/CWebApplication.php(141): CWebApplication->runController('wordpress')
#1 /home/f7000414/public_html/yii-1.1.13/framework/base/CApplication.php(169): CWebApplication->processRequest()
#2 /home/f7000414/public_html/index.php(17): CApplication->run()
#3 {main}
REQUEST_URI=/wordpress
---
2025/08/29 12:18:00 [error] [exception.CHttpException.404] CHttpException: Unable to resolve the request "wp". in /home/f7000414/public_html/yii-1.1.13/framework/web/CWebApplication.php:286
Stack trace:
#0 /home/f7000414/public_html/yii-1.1.13/framework/web/CWebApplication.php(141): CWebApplication->runController('wp')
#1 /home/f7000414/public_html/yii-1.1.13/framework/base/CApplication.php(169): CWebApplication->processRequest()
#2 /home/f7000414/public_html/index.php(17): CApplication->run()
#3 {main}
REQUEST_URI=/wp
---
2025/08/29 12:18:00 [error] [exception.CHttpException.404] CHttpException: Unable to resolve the request "bc". in /home/f7000414/public_html/yii-1.1.13/framework/web/CWebApplication.php:286
Stack trace:
#0 /home/f7000414/public_html/yii-1.1.13/framework/web/CWebApplication.php(141): CWebApplication->runController('bc')
#1 /home/f7000414/public_html/yii-1.1.13/framework/base/CApplication.php(169): CWebApplication->processRequest()
#2 /home/f7000414/public_html/index.php(17): CApplication->run()
#3 {main}
REQUEST_URI=/bc
---
2025/08/29 12:18:00 [error] [exception.CHttpException.404] CHttpException: Unable to resolve the request "bk". in /home/f7000414/public_html/yii-1.1.13/framework/web/CWebApplication.php:286
Stack trace:
#0 /home/f7000414/public_html/yii-1.1.13/framework/web/CWebApplication.php(141): CWebApplication->runController('bk')
#1 /home/f7000414/public_html/yii-1.1.13/framework/base/CApplication.php(169): CWebApplication->processRequest()
#2 /home/f7000414/public_html/index.php(17): CApplication->run()
#3 {main}
REQUEST_URI=/bk
---
2025/08/29 12:18:00 [error] [exception.CHttpException.404] CHttpException: Unable to resolve the request "backup". in /home/f7000414/public_html/yii-1.1.13/framework/web/CWebApplication.php:286
Stack trace:
#0 /home/f7000414/public_html/yii-1.1.13/framework/web/CWebApplication.php(141): CWebApplication->runController('backup')
#1 /home/f7000414/public_html/yii-1.1.13/framework/base/CApplication.php(169): CWebApplication->processRequest()
#2 /home/f7000414/public_html/index.php(17): CApplication->run()
#3 {main}
REQUEST_URI=/backup
---
2025/08/29 12:18:00 [error] [exception.CHttpException.404] CHttpException: Unable to resolve the request "old". in /home/f7000414/public_html/yii-1.1.13/framework/web/CWebApplication.php:286
Stack trace:
#0 /home/f7000414/public_html/yii-1.1.13/framework/web/CWebApplication.php(141): CWebApplication->runController('old')
#1 /home/f7000414/public_html/yii-1.1.13/framework/base/CApplication.php(169): CWebApplication->processRequest()
#2 /home/f7000414/public_html/index.php(17): CApplication->run()
#3 {main}
REQUEST_URI=/old
---
2025/08/29 12:18:00 [error] [exception.CHttpException.404] CHttpException: Unable to resolve the request "new". in /home/f7000414/public_html/yii-1.1.13/framework/web/CWebApplication.php:286
Stack trace:
#0 /home/f7000414/public_html/yii-1.1.13/framework/web/CWebApplication.php(141): CWebApplication->runController('new')
#1 /home/f7000414/public_html/yii-1.1.13/framework/base/CApplication.php(169): CWebApplication->processRequest()
#2 /home/f7000414/public_html/index.php(17): CApplication->run()
#3 {main}
REQUEST_URI=/new
---
2025/08/29 12:18:01 [error] [exception.CHttpException.404] CHttpException: Unable to resolve the request "main". in /home/f7000414/public_html/yii-1.1.13/framework/web/CWebApplication.php:286
Stack trace:
#0 /home/f7000414/public_html/yii-1.1.13/framework/web/CWebApplication.php(141): CWebApplication->runController('main')
#1 /home/f7000414/public_html/yii-1.1.13/framework/base/CApplication.php(169): CWebApplication->processRequest()
#2 /home/f7000414/public_html/index.php(17): CApplication->run()
#3 {main}
REQUEST_URI=/main
---
2025/08/29 12:18:01 [error] [exception.CHttpException.404] CHttpException: Unable to resolve the request "home". in /home/f7000414/public_html/yii-1.1.13/framework/web/CWebApplication.php:286
Stack trace:
#0 /home/f7000414/public_html/yii-1.1.13/framework/web/CWebApplication.php(141): CWebApplication->runController('home')
#1 /home/f7000414/public_html/yii-1.1.13/framework/base/CApplication.php(169): CWebApplication->processRequest()
#2 /home/f7000414/public_html/index.php(17): CApplication->run()
#3 {main}
REQUEST_URI=/home
---
2025/08/29 12:18:01 [error] [exception.CHttpException.404] CHttpException: Unable to resolve the request "wordpress". in /home/f7000414/public_html/yii-1.1.13/framework/web/CWebApplication.php:286
Stack trace:
#0 /home/f7000414/public_html/yii-1.1.13/framework/web/CWebApplication.php(141): CWebApplication->runController('wordpress')
#1 /home/f7000414/public_html/yii-1.1.13/framework/base/CApplication.php(169): CWebApplication->processRequest()
#2 /home/f7000414/public_html/index.php(17): CApplication->run()
#3 {main}
REQUEST_URI=/wordpress
HTTP_REFERER=http://0800cocinas.com/wordpress
---
2025/08/29 12:18:02 [error] [exception.CHttpException.404] CHttpException: Unable to resolve the request "wp". in /home/f7000414/public_html/yii-1.1.13/framework/web/CWebApplication.php:286
Stack trace:
#0 /home/f7000414/public_html/yii-1.1.13/framework/web/CWebApplication.php(141): CWebApplication->runController('wp')
#1 /home/f7000414/public_html/yii-1.1.13/framework/base/CApplication.php(169): CWebApplication->processRequest()
#2 /home/f7000414/public_html/index.php(17): CApplication->run()
#3 {main}
REQUEST_URI=/wp
HTTP_REFERER=http://0800cocinas.com/wp
---
2025/08/29 12:18:02 [error] [exception.CHttpException.404] CHttpException: Unable to resolve the request "bc". in /home/f7000414/public_html/yii-1.1.13/framework/web/CWebApplication.php:286
Stack trace:
#0 /home/f7000414/public_html/yii-1.1.13/framework/web/CWebApplication.php(141): CWebApplication->runController('bc')
#1 /home/f7000414/public_html/yii-1.1.13/framework/base/CApplication.php(169): CWebApplication->processRequest()
#2 /home/f7000414/public_html/index.php(17): CApplication->run()
#3 {main}
REQUEST_URI=/bc
HTTP_REFERER=http://0800cocinas.com/bc
---
2025/08/29 12:18:02 [error] [exception.CHttpException.404] CHttpException: Unable to resolve the request "bk". in /home/f7000414/public_html/yii-1.1.13/framework/web/CWebApplication.php:286
Stack trace:
#0 /home/f7000414/public_html/yii-1.1.13/framework/web/CWebApplication.php(141): CWebApplication->runController('bk')
#1 /home/f7000414/public_html/yii-1.1.13/framework/base/CApplication.php(169): CWebApplication->processRequest()
#2 /home/f7000414/public_html/index.php(17): CApplication->run()
#3 {main}
REQUEST_URI=/bk
HTTP_REFERER=http://0800cocinas.com/bk
---
2025/08/29 12:18:03 [error] [exception.CHttpException.404] CHttpException: Unable to resolve the request "backup". in /home/f7000414/public_html/yii-1.1.13/framework/web/CWebApplication.php:286
Stack trace:
#0 /home/f7000414/public_html/yii-1.1.13/framework/web/CWebApplication.php(141): CWebApplication->runController('backup')
#1 /home/f7000414/public_html/yii-1.1.13/framework/base/CApplication.php(169): CWebApplication->processRequest()
#2 /home/f7000414/public_html/index.php(17): CApplication->run()
#3 {main}
REQUEST_URI=/backup
HTTP_REFERER=http://0800cocinas.com/backup
---
2025/08/29 12:18:03 [error] [exception.CHttpException.404] CHttpException: Unable to resolve the request "wordpress". in /home/f7000414/public_html/yii-1.1.13/framework/web/CWebApplication.php:286
Stack trace:
#0 /home/f7000414/public_html/yii-1.1.13/framework/web/CWebApplication.php(141): CWebApplication->runController('wordpress')
#1 /home/f7000414/public_html/yii-1.1.13/framework/base/CApplication.php(169): CWebApplication->processRequest()
#2 /home/f7000414/public_html/index.php(17): CApplication->run()
#3 {main}
REQUEST_URI=/wordpress
---
2025/08/29 12:18:03 [error] [exception.CHttpException.404] CHttpException: Unable to resolve the request "old". in /home/f7000414/public_html/yii-1.1.13/framework/web/CWebApplication.php:286
Stack trace:
#0 /home/f7000414/public_html/yii-1.1.13/framework/web/CWebApplication.php(141): CWebApplication->runController('old')
#1 /home/f7000414/public_html/yii-1.1.13/framework/base/CApplication.php(169): CWebApplication->processRequest()
#2 /home/f7000414/public_html/index.php(17): CApplication->run()
#3 {main}
REQUEST_URI=/old
HTTP_REFERER=http://0800cocinas.com/old
---
2025/08/29 12:18:03 [error] [exception.CHttpException.404] CHttpException: Unable to resolve the request "new". in /home/f7000414/public_html/yii-1.1.13/framework/web/CWebApplication.php:286
Stack trace:
#0 /home/f7000414/public_html/yii-1.1.13/framework/web/CWebApplication.php(141): CWebApplication->runController('new')
#1 /home/f7000414/public_html/yii-1.1.13/framework/base/CApplication.php(169): CWebApplication->processRequest()
#2 /home/f7000414/public_html/index.php(17): CApplication->run()
#3 {main}
REQUEST_URI=/new
HTTP_REFERER=http://0800cocinas.com/new
---
2025/08/29 12:18:03 [error] [exception.CHttpException.404] CHttpException: Unable to resolve the request "wp". in /home/f7000414/public_html/yii-1.1.13/framework/web/CWebApplication.php:286
Stack trace:
#0 /home/f7000414/public_html/yii-1.1.13/framework/web/CWebApplication.php(141): CWebApplication->runController('wp')
#1 /home/f7000414/public_html/yii-1.1.13/framework/base/CApplication.php(169): CWebApplication->processRequest()
#2 /home/f7000414/public_html/index.php(17): CApplication->run()
#3 {main}
REQUEST_URI=/wp
---
2025/08/29 12:18:03 [error] [exception.CHttpException.404] CHttpException: Unable to resolve the request "bc". in /home/f7000414/public_html/yii-1.1.13/framework/web/CWebApplication.php:286
Stack trace:
#0 /home/f7000414/public_html/yii-1.1.13/framework/web/CWebApplication.php(141): CWebApplication->runController('bc')
#1 /home/f7000414/public_html/yii-1.1.13/framework/base/CApplication.php(169): CWebApplication->processRequest()
#2 /home/f7000414/public_html/index.php(17): CApplication->run()
#3 {main}
REQUEST_URI=/bc
---
2025/08/29 12:18:04 [error] [exception.CHttpException.404] CHttpException: Unable to resolve the request "main". in /home/f7000414/public_html/yii-1.1.13/framework/web/CWebApplication.php:286
Stack trace:
#0 /home/f7000414/public_html/yii-1.1.13/framework/web/CWebApplication.php(141): CWebApplication->runController('main')
#1 /home/f7000414/public_html/yii-1.1.13/framework/base/CApplication.php(169): CWebApplication->processRequest()
#2 /home/f7000414/public_html/index.php(17): CApplication->run()
#3 {main}
REQUEST_URI=/main
HTTP_REFERER=http://0800cocinas.com/main
---
2025/08/29 12:18:04 [error] [exception.CHttpException.404] CHttpException: Unable to resolve the request "bk". in /home/f7000414/public_html/yii-1.1.13/framework/web/CWebApplication.php:286
Stack trace:
#0 /home/f7000414/public_html/yii-1.1.13/framework/web/CWebApplication.php(141): CWebApplication->runController('bk')
#1 /home/f7000414/public_html/yii-1.1.13/framework/base/CApplication.php(169): CWebApplication->processRequest()
#2 /home/f7000414/public_html/index.php(17): CApplication->run()
#3 {main}
REQUEST_URI=/bk
---
2025/08/29 12:18:04 [error] [exception.CHttpException.404] CHttpException: Unable to resolve the request "backup". in /home/f7000414/public_html/yii-1.1.13/framework/web/CWebApplication.php:286
Stack trace:
#0 /home/f7000414/public_html/yii-1.1.13/framework/web/CWebApplication.php(141): CWebApplication->runController('backup')
#1 /home/f7000414/public_html/yii-1.1.13/framework/base/CApplication.php(169): CWebApplication->processRequest()
#2 /home/f7000414/public_html/index.php(17): CApplication->run()
#3 {main}
REQUEST_URI=/backup
---
2025/08/29 12:18:04 [error] [exception.CHttpException.404] CHttpException: Unable to resolve the request "home". in /home/f7000414/public_html/yii-1.1.13/framework/web/CWebApplication.php:286
Stack trace:
#0 /home/f7000414/public_html/yii-1.1.13/framework/web/CWebApplication.php(141): CWebApplication->runController('home')
#1 /home/f7000414/public_html/yii-1.1.13/framework/base/CApplication.php(169): CWebApplication->processRequest()
#2 /home/f7000414/public_html/index.php(17): CApplication->run()
#3 {main}
REQUEST_URI=/home
HTTP_REFERER=http://0800cocinas.com/home
---
2025/08/29 12:18:04 [error] [exception.CHttpException.404] CHttpException: Unable to resolve the request "old". in /home/f7000414/public_html/yii-1.1.13/framework/web/CWebApplication.php:286
Stack trace:
#0 /home/f7000414/public_html/yii-1.1.13/framework/web/CWebApplication.php(141): CWebApplication->runController('old')
#1 /home/f7000414/public_html/yii-1.1.13/framework/base/CApplication.php(169): CWebApplication->processRequest()
#2 /home/f7000414/public_html/index.php(17): CApplication->run()
#3 {main}
REQUEST_URI=/old
---
2025/08/29 12:18:04 [error] [exception.CHttpException.404] CHttpException: Unable to resolve the request "new". in /home/f7000414/public_html/yii-1.1.13/framework/web/CWebApplication.php:286
Stack trace:
#0 /home/f7000414/public_html/yii-1.1.13/framework/web/CWebApplication.php(141): CWebApplication->runController('new')
#1 /home/f7000414/public_html/yii-1.1.13/framework/base/CApplication.php(169): CWebApplication->processRequest()
#2 /home/f7000414/public_html/index.php(17): CApplication->run()
#3 {main}
REQUEST_URI=/new
---
2025/08/29 12:18:04 [error] [exception.CHttpException.404] CHttpException: Unable to resolve the request "main". in /home/f7000414/public_html/yii-1.1.13/framework/web/CWebApplication.php:286
Stack trace:
#0 /home/f7000414/public_html/yii-1.1.13/framework/web/CWebApplication.php(141): CWebApplication->runController('main')
#1 /home/f7000414/public_html/yii-1.1.13/framework/base/CApplication.php(169): CWebApplication->processRequest()
#2 /home/f7000414/public_html/index.php(17): CApplication->run()
#3 {main}
REQUEST_URI=/main
---
2025/08/29 12:18:04 [error] [exception.CHttpException.404] CHttpException: Unable to resolve the request "home". in /home/f7000414/public_html/yii-1.1.13/framework/web/CWebApplication.php:286
Stack trace:
#0 /home/f7000414/public_html/yii-1.1.13/framework/web/CWebApplication.php(141): CWebApplication->runController('home')
#1 /home/f7000414/public_html/yii-1.1.13/framework/base/CApplication.php(169): CWebApplication->processRequest()
#2 /home/f7000414/public_html/index.php(17): CApplication->run()
#3 {main}
REQUEST_URI=/home
---
2025/08/29 12:29:49 [error] [exception.CHttpException.404] CHttpException: Unable to resolve the request "robots.txt". in /home/f7000414/public_html/yii-1.1.13/framework/web/CWebApplication.php:286
Stack trace:
#0 /home/f7000414/public_html/yii-1.1.13/framework/web/CWebApplication.php(141): CWebApplication->runController('robots.txt')
#1 /home/f7000414/public_html/yii-1.1.13/framework/base/CApplication.php(169): CWebApplication->processRequest()
#2 /home/f7000414/public_html/index.php(17): CApplication->run()
#3 {main}
REQUEST_URI=/robots.txt
---
2025/08/29 13:51:11 [error] [exception.CHttpException.404] CHttpException: Unable to resolve the request "robots.txt". in /home/f7000414/public_html/yii-1.1.13/framework/web/CWebApplication.php:286
Stack trace:
#0 /home/f7000414/public_html/yii-1.1.13/framework/web/CWebApplication.php(141): CWebApplication->runController('robots.txt')
#1 /home/f7000414/public_html/yii-1.1.13/framework/base/CApplication.php(169): CWebApplication->processRequest()
#2 /home/f7000414/public_html/index.php(17): CApplication->run()
#3 {main}
REQUEST_URI=/robots.txt
---
2025/08/29 14:15:12 [error] [exception.CHttpException.404] CHttpException: Unable to resolve the request "wp-content/plugins/hellopress/wp_filemanager.php". in /home/f7000414/public_html/yii-1.1.13/framework/web/CWebApplication.php:286
Stack trace:
#0 /home/f7000414/public_html/yii-1.1.13/framework/web/CWebApplication.php(141): CWebApplication->runController('wp-content/plug...')
#1 /home/f7000414/public_html/yii-1.1.13/framework/base/CApplication.php(169): CWebApplication->processRequest()
#2 /home/f7000414/public_html/index.php(17): CApplication->run()
#3 {main}
REQUEST_URI=/wp-content/plugins/hellopress/wp_filemanager.php
---
2025/08/29 14:15:12 [error] [exception.CHttpException.404] CHttpException: Unable to resolve the request "NewFile.php". in /home/f7000414/public_html/yii-1.1.13/framework/web/CWebApplication.php:286
Stack trace:
#0 /home/f7000414/public_html/yii-1.1.13/framework/web/CWebApplication.php(141): CWebApplication->runController('NewFile.php')
#1 /home/f7000414/public_html/yii-1.1.13/framework/base/CApplication.php(169): CWebApplication->processRequest()
#2 /home/f7000414/public_html/index.php(17): CApplication->run()
#3 {main}
REQUEST_URI=/NewFile.php
---
2025/08/29 14:15:13 [error] [exception.CHttpException.404] CHttpException: Unable to resolve the request "dejavu.php". in /home/f7000414/public_html/yii-1.1.13/framework/web/CWebApplication.php:286
Stack trace:
#0 /home/f7000414/public_html/yii-1.1.13/framework/web/CWebApplication.php(141): CWebApplication->runController('dejavu.php')
#1 /home/f7000414/public_html/yii-1.1.13/framework/base/CApplication.php(169): CWebApplication->processRequest()
#2 /home/f7000414/public_html/index.php(17): CApplication->run()
#3 {main}
REQUEST_URI=/dejavu.php
---
2025/08/29 14:15:13 [error] [exception.CHttpException.404] CHttpException: Unable to resolve the request "bugz.php". in /home/f7000414/public_html/yii-1.1.13/framework/web/CWebApplication.php:286
Stack trace:
#0 /home/f7000414/public_html/yii-1.1.13/framework/web/CWebApplication.php(141): CWebApplication->runController('bugz.php')
#1 /home/f7000414/public_html/yii-1.1.13/framework/base/CApplication.php(169): CWebApplication->processRequest()
#2 /home/f7000414/public_html/index.php(17): CApplication->run()
#3 {main}
REQUEST_URI=/bugz.php
---
2025/08/29 14:15:13 [error] [exception.CHttpException.404] CHttpException: Unable to resolve the request "first.php". in /home/f7000414/public_html/yii-1.1.13/framework/web/CWebApplication.php:286
Stack trace:
#0 /home/f7000414/public_html/yii-1.1.13/framework/web/CWebApplication.php(141): CWebApplication->runController('first.php')
#1 /home/f7000414/public_html/yii-1.1.13/framework/base/CApplication.php(169): CWebApplication->processRequest()
#2 /home/f7000414/public_html/index.php(17): CApplication->run()
#3 {main}
REQUEST_URI=/first.php
---
2025/08/29 14:15:14 [error] [exception.CHttpException.404] CHttpException: Unable to resolve the request "page.php". in /home/f7000414/public_html/yii-1.1.13/framework/web/CWebApplication.php:286
Stack trace:
#0 /home/f7000414/public_html/yii-1.1.13/framework/web/CWebApplication.php(141): CWebApplication->runController('page.php')
#1 /home/f7000414/public_html/yii-1.1.13/framework/base/CApplication.php(169): CWebApplication->processRequest()
#2 /home/f7000414/public_html/index.php(17): CApplication->run()
#3 {main}
REQUEST_URI=/page.php
---
2025/08/29 14:15:14 [error] [exception.CHttpException.404] CHttpException: Unable to resolve the request "data.php". in /home/f7000414/public_html/yii-1.1.13/framework/web/CWebApplication.php:286
Stack trace:
#0 /home/f7000414/public_html/yii-1.1.13/framework/web/CWebApplication.php(141): CWebApplication->runController('data.php')
#1 /home/f7000414/public_html/yii-1.1.13/framework/base/CApplication.php(169): CWebApplication->processRequest()
#2 /home/f7000414/public_html/index.php(17): CApplication->run()
#3 {main}
REQUEST_URI=/data.php
---
2025/08/29 14:15:14 [error] [exception.CHttpException.404] CHttpException: Unable to resolve the request "alfa.php". in /home/f7000414/public_html/yii-1.1.13/framework/web/CWebApplication.php:286
Stack trace:
#0 /home/f7000414/public_html/yii-1.1.13/framework/web/CWebApplication.php(141): CWebApplication->runController('alfa.php')
#1 /home/f7000414/public_html/yii-1.1.13/framework/base/CApplication.php(169): CWebApplication->processRequest()
#2 /home/f7000414/public_html/index.php(17): CApplication->run()
#3 {main}
REQUEST_URI=/alfa.php
---
2025/08/29 14:15:14 [error] [exception.CHttpException.404] CHttpException: Unable to resolve the request "ss.php". in /home/f7000414/public_html/yii-1.1.13/framework/web/CWebApplication.php:286
Stack trace:
#0 /home/f7000414/public_html/yii-1.1.13/framework/web/CWebApplication.php(141): CWebApplication->runController('ss.php')
#1 /home/f7000414/public_html/yii-1.1.13/framework/base/CApplication.php(169): CWebApplication->processRequest()
#2 /home/f7000414/public_html/index.php(17): CApplication->run()
#3 {main}
REQUEST_URI=/ss.php
---
2025/08/29 14:15:15 [error] [exception.CHttpException.404] CHttpException: Unable to resolve the request "h.php". in /home/f7000414/public_html/yii-1.1.13/framework/web/CWebApplication.php:286
Stack trace:
#0 /home/f7000414/public_html/yii-1.1.13/framework/web/CWebApplication.php(141): CWebApplication->runController('h.php')
#1 /home/f7000414/public_html/yii-1.1.13/framework/base/CApplication.php(169): CWebApplication->processRequest()
#2 /home/f7000414/public_html/index.php(17): CApplication->run()
#3 {main}
REQUEST_URI=/h.php
---
2025/08/29 14:15:15 [error] [exception.CHttpException.404] CHttpException: Unable to resolve the request "hi.php". in /home/f7000414/public_html/yii-1.1.13/framework/web/CWebApplication.php:286
Stack trace:
#0 /home/f7000414/public_html/yii-1.1.13/framework/web/CWebApplication.php(141): CWebApplication->runController('hi.php')
#1 /home/f7000414/public_html/yii-1.1.13/framework/base/CApplication.php(169): CWebApplication->processRequest()
#2 /home/f7000414/public_html/index.php(17): CApplication->run()
#3 {main}
REQUEST_URI=/hi.php
---
2025/08/29 14:15:15 [error] [exception.CHttpException.404] CHttpException: Unable to resolve the request "ini.php". in /home/f7000414/public_html/yii-1.1.13/framework/web/CWebApplication.php:286
Stack trace:
#0 /home/f7000414/public_html/yii-1.1.13/framework/web/CWebApplication.php(141): CWebApplication->runController('ini.php')
#1 /home/f7000414/public_html/yii-1.1.13/framework/base/CApplication.php(169): CWebApplication->processRequest()
#2 /home/f7000414/public_html/index.php(17): CApplication->run()
#3 {main}
REQUEST_URI=/ini.php
---
2025/08/29 14:15:16 [error] [exception.CHttpException.404] CHttpException: Unable to resolve the request "faq.php". in /home/f7000414/public_html/yii-1.1.13/framework/web/CWebApplication.php:286
Stack trace:
#0 /home/f7000414/public_html/yii-1.1.13/framework/web/CWebApplication.php(141): CWebApplication->runController('faq.php')
#1 /home/f7000414/public_html/yii-1.1.13/framework/base/CApplication.php(169): CWebApplication->processRequest()
#2 /home/f7000414/public_html/index.php(17): CApplication->run()
#3 {main}
REQUEST_URI=/faq.php
---
2025/08/29 14:15:16 [error] [exception.CHttpException.404] CHttpException: Unable to resolve the request "elp.php". in /home/f7000414/public_html/yii-1.1.13/framework/web/CWebApplication.php:286
Stack trace:
#0 /home/f7000414/public_html/yii-1.1.13/framework/web/CWebApplication.php(141): CWebApplication->runController('elp.php')
#1 /home/f7000414/public_html/yii-1.1.13/framework/base/CApplication.php(169): CWebApplication->processRequest()
#2 /home/f7000414/public_html/index.php(17): CApplication->run()
#3 {main}
REQUEST_URI=/elp.php
---
2025/08/29 14:15:16 [error] [exception.CHttpException.404] CHttpException: Unable to resolve the request "erin1.PhP7". in /home/f7000414/public_html/yii-1.1.13/framework/web/CWebApplication.php:286
Stack trace:
#0 /home/f7000414/public_html/yii-1.1.13/framework/web/CWebApplication.php(141): CWebApplication->runController('erin1.PhP7')
#1 /home/f7000414/public_html/yii-1.1.13/framework/base/CApplication.php(169): CWebApplication->processRequest()
#2 /home/f7000414/public_html/index.php(17): CApplication->run()
#3 {main}
REQUEST_URI=/erin1.PhP7
---
2025/08/29 14:15:17 [error] [exception.CHttpException.404] CHttpException: Unable to resolve the request "astab.php". in /home/f7000414/public_html/yii-1.1.13/framework/web/CWebApplication.php:286
Stack trace:
#0 /home/f7000414/public_html/yii-1.1.13/framework/web/CWebApplication.php(141): CWebApplication->runController('astab.php')
#1 /home/f7000414/public_html/yii-1.1.13/framework/base/CApplication.php(169): CWebApplication->processRequest()
#2 /home/f7000414/public_html/index.php(17): CApplication->run()
#3 {main}
REQUEST_URI=/astab.php
---
2025/08/29 14:15:17 [error] [exception.CHttpException.404] CHttpException: Unable to resolve the request "Njima.php". in /home/f7000414/public_html/yii-1.1.13/framework/web/CWebApplication.php:286
Stack trace:
#0 /home/f7000414/public_html/yii-1.1.13/framework/web/CWebApplication.php(141): CWebApplication->runController('Njima.php')
#1 /home/f7000414/public_html/yii-1.1.13/framework/base/CApplication.php(169): CWebApplication->processRequest()
#2 /home/f7000414/public_html/index.php(17): CApplication->run()
#3 {main}
REQUEST_URI=/Njima.php
---
2025/08/29 14:15:17 [error] [exception.CHttpException.404] CHttpException: Unable to resolve the request "packed.php". in /home/f7000414/public_html/yii-1.1.13/framework/web/CWebApplication.php:286
Stack trace:
#0 /home/f7000414/public_html/yii-1.1.13/framework/web/CWebApplication.php(141): CWebApplication->runController('packed.php')
#1 /home/f7000414/public_html/yii-1.1.13/framework/base/CApplication.php(169): CWebApplication->processRequest()
#2 /home/f7000414/public_html/index.php(17): CApplication->run()
#3 {main}
REQUEST_URI=/packed.php
---
2025/08/29 15:04:17 [error] [exception.CHttpException.404] CHttpException: Unable to resolve the request "robots.txt". in /home/f7000414/public_html/yii-1.1.13/framework/web/CWebApplication.php:286
Stack trace:
#0 /home/f7000414/public_html/yii-1.1.13/framework/web/CWebApplication.php(141): CWebApplication->runController('robots.txt')
#1 /home/f7000414/public_html/yii-1.1.13/framework/base/CApplication.php(169): CWebApplication->processRequest()
#2 /home/f7000414/public_html/index.php(17): CApplication->run()
#3 {main}
REQUEST_URI=/robots.txt
---
2025/08/29 15:28:34 [error] [exception.CHttpException.404] CHttpException: Unable to resolve the request "robots.txt". in /home/f7000414/public_html/yii-1.1.13/framework/web/CWebApplication.php:286
Stack trace:
#0 /home/f7000414/public_html/yii-1.1.13/framework/web/CWebApplication.php(141): CWebApplication->runController('robots.txt')
#1 /home/f7000414/public_html/yii-1.1.13/framework/base/CApplication.php(169): CWebApplication->processRequest()
#2 /home/f7000414/public_html/index.php(17): CApplication->run()
#3 {main}
REQUEST_URI=/robots.txt
---
2025/08/29 15:37:53 [error] [exception.CHttpException.404] CHttpException: Unable to resolve the request "robots.txt". in /home/f7000414/public_html/yii-1.1.13/framework/web/CWebApplication.php:286
Stack trace:
#0 /home/f7000414/public_html/yii-1.1.13/framework/web/CWebApplication.php(141): CWebApplication->runController('robots.txt')
#1 /home/f7000414/public_html/yii-1.1.13/framework/base/CApplication.php(169): CWebApplication->processRequest()
#2 /home/f7000414/public_html/index.php(17): CApplication->run()
#3 {main}
REQUEST_URI=/robots.txt
---
2025/08/29 16:52:42 [error] [exception.CHttpException.404] CHttpException: Unable to resolve the request "wp-includes/wlwmanifest.xml". in /home/f7000414/public_html/yii-1.1.13/framework/web/CWebApplication.php:286
Stack trace:
#0 /home/f7000414/public_html/yii-1.1.13/framework/web/CWebApplication.php(141): CWebApplication->runController('wp-includes/wlw...')
#1 /home/f7000414/public_html/yii-1.1.13/framework/base/CApplication.php(169): CWebApplication->processRequest()
#2 /home/f7000414/public_html/index.php(17): CApplication->run()
#3 {main}
REQUEST_URI=/wp-includes/wlwmanifest.xml
---
2025/08/29 16:52:42 [error] [exception.CHttpException.404] CHttpException: Unable to resolve the request "xmlrpc.php". in /home/f7000414/public_html/yii-1.1.13/framework/web/CWebApplication.php:286
Stack trace:
#0 /home/f7000414/public_html/yii-1.1.13/framework/web/CWebApplication.php(141): CWebApplication->runController('xmlrpc.php')
#1 /home/f7000414/public_html/yii-1.1.13/framework/base/CApplication.php(169): CWebApplication->processRequest()
#2 /home/f7000414/public_html/index.php(17): CApplication->run()
#3 {main}
REQUEST_URI=/xmlrpc.php?rsd
---
2025/08/29 16:52:44 [error] [exception.CHttpException.404] CHttpException: Unable to resolve the request "blog/wp-includes/wlwmanifest.xml". in /home/f7000414/public_html/yii-1.1.13/framework/web/CWebApplication.php:286
Stack trace:
#0 /home/f7000414/public_html/yii-1.1.13/framework/web/CWebApplication.php(141): CWebApplication->runController('blog/wp-include...')
#1 /home/f7000414/public_html/yii-1.1.13/framework/base/CApplication.php(169): CWebApplication->processRequest()
#2 /home/f7000414/public_html/index.php(17): CApplication->run()
#3 {main}
REQUEST_URI=/blog/wp-includes/wlwmanifest.xml
---
2025/08/29 17:55:57 [error] [exception.CHttpException.404] CHttpException: Unable to resolve the request "robots.txt". in /home/f7000414/public_html/yii-1.1.13/framework/web/CWebApplication.php:286
Stack trace:
#0 /home/f7000414/public_html/yii-1.1.13/framework/web/CWebApplication.php(141): CWebApplication->runController('robots.txt')
#1 /home/f7000414/public_html/yii-1.1.13/framework/base/CApplication.php(169): CWebApplication->processRequest()
#2 /home/f7000414/public_html/index.php(17): CApplication->run()
#3 {main}
REQUEST_URI=/robots.txt
---
2025/08/29 17:56:45 [error] [exception.CHttpException.404] CHttpException: Unable to resolve the request "robots.txt". in /home/f7000414/public_html/yii-1.1.13/framework/web/CWebApplication.php:286
Stack trace:
#0 /home/f7000414/public_html/yii-1.1.13/framework/web/CWebApplication.php(141): CWebApplication->runController('robots.txt')
#1 /home/f7000414/public_html/yii-1.1.13/framework/base/CApplication.php(169): CWebApplication->processRequest()
#2 /home/f7000414/public_html/index.php(17): CApplication->run()
#3 {main}
REQUEST_URI=/robots.txt
---
2025/08/29 17:56:47 [error] [exception.CHttpException.404] CHttpException: Unable to resolve the request "robots.txt". in /home/f7000414/public_html/yii-1.1.13/framework/web/CWebApplication.php:286
Stack trace:
#0 /home/f7000414/public_html/yii-1.1.13/framework/web/CWebApplication.php(141): CWebApplication->runController('robots.txt')
#1 /home/f7000414/public_html/yii-1.1.13/framework/base/CApplication.php(169): CWebApplication->processRequest()
#2 /home/f7000414/public_html/index.php(17): CApplication->run()
#3 {main}
REQUEST_URI=/robots.txt
---
2025/08/29 17:56:50 [error] [exception.CHttpException.404] CHttpException: Unable to resolve the request "index.html". in /home/f7000414/public_html/yii-1.1.13/framework/web/CWebApplication.php:286
Stack trace:
#0 /home/f7000414/public_html/yii-1.1.13/framework/web/CWebApplication.php(141): CWebApplication->runController('index.html')
#1 /home/f7000414/public_html/yii-1.1.13/framework/base/CApplication.php(169): CWebApplication->processRequest()
#2 /home/f7000414/public_html/index.php(17): CApplication->run()
#3 {main}
REQUEST_URI=/index.html
---
2025/08/29 18:07:18 [error] [exception.CHttpException.404] CHttpException: Unable to resolve the request "robots.txt". in /home/f7000414/public_html/yii-1.1.13/framework/web/CWebApplication.php:286
Stack trace:
#0 /home/f7000414/public_html/yii-1.1.13/framework/web/CWebApplication.php(141): CWebApplication->runController('robots.txt')
#1 /home/f7000414/public_html/yii-1.1.13/framework/base/CApplication.php(169): CWebApplication->processRequest()
#2 /home/f7000414/public_html/index.php(17): CApplication->run()
#3 {main}
REQUEST_URI=/robots.txt
---
2025/08/29 18:27:37 [error] [exception.CHttpException.404] CHttpException: Unable to resolve the request "robots.txt". in /home/f7000414/public_html/yii-1.1.13/framework/web/CWebApplication.php:286
Stack trace:
#0 /home/f7000414/public_html/yii-1.1.13/framework/web/CWebApplication.php(141): CWebApplication->runController('robots.txt')
#1 /home/f7000414/public_html/yii-1.1.13/framework/base/CApplication.php(169): CWebApplication->processRequest()
#2 /home/f7000414/public_html/index.php(17): CApplication->run()
#3 {main}
REQUEST_URI=/robots.txt
---
2025/08/29 18:28:37 [error] [exception.CHttpException.404] CHttpException: Unable to resolve the request "robots.txt". in /home/f7000414/public_html/yii-1.1.13/framework/web/CWebApplication.php:286
Stack trace:
#0 /home/f7000414/public_html/yii-1.1.13/framework/web/CWebApplication.php(141): CWebApplication->runController('robots.txt')
#1 /home/f7000414/public_html/yii-1.1.13/framework/base/CApplication.php(169): CWebApplication->processRequest()
#2 /home/f7000414/public_html/index.php(17): CApplication->run()
#3 {main}
REQUEST_URI=/robots.txt
---
2025/08/29 19:13:01 [error] [exception.CHttpException.404] CHttpException: Unable to resolve the request "robots.txt". in /home/f7000414/public_html/yii-1.1.13/framework/web/CWebApplication.php:286
Stack trace:
#0 /home/f7000414/public_html/yii-1.1.13/framework/web/CWebApplication.php(141): CWebApplication->runController('robots.txt')
#1 /home/f7000414/public_html/yii-1.1.13/framework/base/CApplication.php(169): CWebApplication->processRequest()
#2 /home/f7000414/public_html/index.php(17): CApplication->run()
#3 {main}
REQUEST_URI=/robots.txt
---
2025/08/29 19:25:33 [error] [exception.CHttpException.404] CHttpException: Unable to resolve the request "wp-content/plugins/hellopress/wp_filemanager.php". in /home/f7000414/public_html/yii-1.1.13/framework/web/CWebApplication.php:286
Stack trace:
#0 /home/f7000414/public_html/yii-1.1.13/framework/web/CWebApplication.php(141): CWebApplication->runController('wp-content/plug...')
#1 /home/f7000414/public_html/yii-1.1.13/framework/base/CApplication.php(169): CWebApplication->processRequest()
#2 /home/f7000414/public_html/index.php(17): CApplication->run()
#3 {main}
REQUEST_URI=/wp-content/plugins/hellopress/wp_filemanager.php
---
2025/08/29 19:25:33 [error] [exception.CHttpException.404] CHttpException: Unable to resolve the request "class20.php". in /home/f7000414/public_html/yii-1.1.13/framework/web/CWebApplication.php:286
Stack trace:
#0 /home/f7000414/public_html/yii-1.1.13/framework/web/CWebApplication.php(141): CWebApplication->runController('class20.php')
#1 /home/f7000414/public_html/yii-1.1.13/framework/base/CApplication.php(169): CWebApplication->processRequest()
#2 /home/f7000414/public_html/index.php(17): CApplication->run()
#3 {main}
REQUEST_URI=/class20.php
---
2025/08/29 19:25:33 [error] [exception.CHttpException.404] CHttpException: Unable to resolve the request "nc4.php". in /home/f7000414/public_html/yii-1.1.13/framework/web/CWebApplication.php:286
Stack trace:
#0 /home/f7000414/public_html/yii-1.1.13/framework/web/CWebApplication.php(141): CWebApplication->runController('nc4.php')
#1 /home/f7000414/public_html/yii-1.1.13/framework/base/CApplication.php(169): CWebApplication->processRequest()
#2 /home/f7000414/public_html/index.php(17): CApplication->run()
#3 {main}
REQUEST_URI=/nc4.php
---
2025/08/29 19:25:34 [error] [exception.CHttpException.404] CHttpException: Unable to resolve the request "fs.php". in /home/f7000414/public_html/yii-1.1.13/framework/web/CWebApplication.php:286
Stack trace:
#0 /home/f7000414/public_html/yii-1.1.13/framework/web/CWebApplication.php(141): CWebApplication->runController('fs.php')
#1 /home/f7000414/public_html/yii-1.1.13/framework/base/CApplication.php(169): CWebApplication->processRequest()
#2 /home/f7000414/public_html/index.php(17): CApplication->run()
#3 {main}
REQUEST_URI=/fs.php
---
2025/08/29 19:25:34 [error] [exception.CHttpException.404] CHttpException: Unable to resolve the request "nc.php". in /home/f7000414/public_html/yii-1.1.13/framework/web/CWebApplication.php:286
Stack trace:
#0 /home/f7000414/public_html/yii-1.1.13/framework/web/CWebApplication.php(141): CWebApplication->runController('nc.php')
#1 /home/f7000414/public_html/yii-1.1.13/framework/base/CApplication.php(169): CWebApplication->processRequest()
#2 /home/f7000414/public_html/index.php(17): CApplication->run()
#3 {main}
REQUEST_URI=/nc.php
---
2025/08/29 19:25:34 [error] [exception.CHttpException.404] CHttpException: Unable to resolve the request ".an5.php". in /home/f7000414/public_html/yii-1.1.13/framework/web/CWebApplication.php:286
Stack trace:
#0 /home/f7000414/public_html/yii-1.1.13/framework/web/CWebApplication.php(141): CWebApplication->runController('.an5.php')
#1 /home/f7000414/public_html/yii-1.1.13/framework/base/CApplication.php(169): CWebApplication->processRequest()
#2 /home/f7000414/public_html/index.php(17): CApplication->run()
#3 {main}
REQUEST_URI=/.an5.php
---
2025/08/29 19:25:35 [error] [exception.CHttpException.404] CHttpException: Unable to resolve the request "berm.php". in /home/f7000414/public_html/yii-1.1.13/framework/web/CWebApplication.php:286
Stack trace:
#0 /home/f7000414/public_html/yii-1.1.13/framework/web/CWebApplication.php(141): CWebApplication->runController('berm.php')
#1 /home/f7000414/public_html/yii-1.1.13/framework/base/CApplication.php(169): CWebApplication->processRequest()
#2 /home/f7000414/public_html/index.php(17): CApplication->run()
#3 {main}
REQUEST_URI=/berm.php
---
2025/08/29 19:25:35 [error] [exception.CHttpException.404] CHttpException: Unable to resolve the request "2index.php". in /home/f7000414/public_html/yii-1.1.13/framework/web/CWebApplication.php:286
Stack trace:
#0 /home/f7000414/public_html/yii-1.1.13/framework/web/CWebApplication.php(141): CWebApplication->runController('2index.php')
#1 /home/f7000414/public_html/yii-1.1.13/framework/base/CApplication.php(169): CWebApplication->processRequest()
#2 /home/f7000414/public_html/index.php(17): CApplication->run()
#3 {main}
REQUEST_URI=/2index.php
---
2025/08/29 19:25:35 [error] [exception.CHttpException.404] CHttpException: Unable to resolve the request "n1.php". in /home/f7000414/public_html/yii-1.1.13/framework/web/CWebApplication.php:286
Stack trace:
#0 /home/f7000414/public_html/yii-1.1.13/framework/web/CWebApplication.php(141): CWebApplication->runController('n1.php')
#1 /home/f7000414/public_html/yii-1.1.13/framework/base/CApplication.php(169): CWebApplication->processRequest()
#2 /home/f7000414/public_html/index.php(17): CApplication->run()
#3 {main}
REQUEST_URI=/n1.php
---
2025/08/29 19:25:36 [error] [exception.CHttpException.404] CHttpException: Unable to resolve the request "skk.php". in /home/f7000414/public_html/yii-1.1.13/framework/web/CWebApplication.php:286
Stack trace:
#0 /home/f7000414/public_html/yii-1.1.13/framework/web/CWebApplication.php(141): CWebApplication->runController('skk.php')
#1 /home/f7000414/public_html/yii-1.1.13/framework/base/CApplication.php(169): CWebApplication->processRequest()
#2 /home/f7000414/public_html/index.php(17): CApplication->run()
#3 {main}
REQUEST_URI=/skk.php
---
2025/08/29 19:25:36 [error] [exception.CHttpException.404] CHttpException: Unable to resolve the request "pn.php". in /home/f7000414/public_html/yii-1.1.13/framework/web/CWebApplication.php:286
Stack trace:
#0 /home/f7000414/public_html/yii-1.1.13/framework/web/CWebApplication.php(141): CWebApplication->runController('pn.php')
#1 /home/f7000414/public_html/yii-1.1.13/framework/base/CApplication.php(169): CWebApplication->processRequest()
#2 /home/f7000414/public_html/index.php(17): CApplication->run()
#3 {main}
REQUEST_URI=/pn.php
---
2025/08/29 19:25:37 [error] [exception.CHttpException.404] CHttpException: Unable to resolve the request "app.php". in /home/f7000414/public_html/yii-1.1.13/framework/web/CWebApplication.php:286
Stack trace:
#0 /home/f7000414/public_html/yii-1.1.13/framework/web/CWebApplication.php(141): CWebApplication->runController('app.php')
#1 /home/f7000414/public_html/yii-1.1.13/framework/base/CApplication.php(169): CWebApplication->processRequest()
#2 /home/f7000414/public_html/index.php(17): CApplication->run()
#3 {main}
REQUEST_URI=/app.php
---
2025/08/29 19:25:37 [error] [exception.CHttpException.404] CHttpException: Unable to resolve the request "re.php". in /home/f7000414/public_html/yii-1.1.13/framework/web/CWebApplication.php:286
Stack trace:
#0 /home/f7000414/public_html/yii-1.1.13/framework/web/CWebApplication.php(141): CWebApplication->runController('re.php')
#1 /home/f7000414/public_html/yii-1.1.13/framework/base/CApplication.php(169): CWebApplication->processRequest()
#2 /home/f7000414/public_html/index.php(17): CApplication->run()
#3 {main}
REQUEST_URI=/re.php
---
2025/08/29 19:25:37 [error] [exception.CHttpException.404] CHttpException: Unable to resolve the request "Eva.php". in /home/f7000414/public_html/yii-1.1.13/framework/web/CWebApplication.php:286
Stack trace:
#0 /home/f7000414/public_html/yii-1.1.13/framework/web/CWebApplication.php(141): CWebApplication->runController('Eva.php')
#1 /home/f7000414/public_html/yii-1.1.13/framework/base/CApplication.php(169): CWebApplication->processRequest()
#2 /home/f7000414/public_html/index.php(17): CApplication->run()
#3 {main}
REQUEST_URI=/Eva.php
---
2025/08/29 19:25:38 [error] [exception.CHttpException.404] CHttpException: Unable to resolve the request "bq.php". in /home/f7000414/public_html/yii-1.1.13/framework/web/CWebApplication.php:286
Stack trace:
#0 /home/f7000414/public_html/yii-1.1.13/framework/web/CWebApplication.php(141): CWebApplication->runController('bq.php')
#1 /home/f7000414/public_html/yii-1.1.13/framework/base/CApplication.php(169): CWebApplication->processRequest()
#2 /home/f7000414/public_html/index.php(17): CApplication->run()
#3 {main}
REQUEST_URI=/bq.php
---
2025/08/29 19:25:38 [error] [exception.CHttpException.404] CHttpException: Unable to resolve the request "1a.php". in /home/f7000414/public_html/yii-1.1.13/framework/web/CWebApplication.php:286
Stack trace:
#0 /home/f7000414/public_html/yii-1.1.13/framework/web/CWebApplication.php(141): CWebApplication->runController('1a.php')
#1 /home/f7000414/public_html/yii-1.1.13/framework/base/CApplication.php(169): CWebApplication->processRequest()
#2 /home/f7000414/public_html/index.php(17): CApplication->run()
#3 {main}
REQUEST_URI=/1a.php
---
2025/08/29 19:25:39 [error] [exception.CHttpException.404] CHttpException: Unable to resolve the request "tarc.php". in /home/f7000414/public_html/yii-1.1.13/framework/web/CWebApplication.php:286
Stack trace:
#0 /home/f7000414/public_html/yii-1.1.13/framework/web/CWebApplication.php(141): CWebApplication->runController('tarc.php')
#1 /home/f7000414/public_html/yii-1.1.13/framework/base/CApplication.php(169): CWebApplication->processRequest()
#2 /home/f7000414/public_html/index.php(17): CApplication->run()
#3 {main}
REQUEST_URI=/tarc.php
---
2025/08/29 19:25:39 [error] [exception.CHttpException.404] CHttpException: Unable to resolve the request "ed35f.php". in /home/f7000414/public_html/yii-1.1.13/framework/web/CWebApplication.php:286
Stack trace:
#0 /home/f7000414/public_html/yii-1.1.13/framework/web/CWebApplication.php(141): CWebApplication->runController('ed35f.php')
#1 /home/f7000414/public_html/yii-1.1.13/framework/base/CApplication.php(169): CWebApplication->processRequest()
#2 /home/f7000414/public_html/index.php(17): CApplication->run()
#3 {main}
REQUEST_URI=/ed35f.php
---
2025/08/29 19:25:40 [error] [exception.CHttpException.404] CHttpException: Unable to resolve the request "ula.php". in /home/f7000414/public_html/yii-1.1.13/framework/web/CWebApplication.php:286
Stack trace:
#0 /home/f7000414/public_html/yii-1.1.13/framework/web/CWebApplication.php(141): CWebApplication->runController('ula.php')
#1 /home/f7000414/public_html/yii-1.1.13/framework/base/CApplication.php(169): CWebApplication->processRequest()
#2 /home/f7000414/public_html/index.php(17): CApplication->run()
#3 {main}
REQUEST_URI=/ula.php
---
2025/08/29 19:25:40 [error] [exception.CHttpException.404] CHttpException: Unable to resolve the request "wrt.php". in /home/f7000414/public_html/yii-1.1.13/framework/web/CWebApplication.php:286
Stack trace:
#0 /home/f7000414/public_html/yii-1.1.13/framework/web/CWebApplication.php(141): CWebApplication->runController('wrt.php')
#1 /home/f7000414/public_html/yii-1.1.13/framework/base/CApplication.php(169): CWebApplication->processRequest()
#2 /home/f7000414/public_html/index.php(17): CApplication->run()
#3 {main}
REQUEST_URI=/wrt.php
---
2025/08/29 19:25:41 [error] [exception.CHttpException.404] CHttpException: Unable to resolve the request "c451f.php". in /home/f7000414/public_html/yii-1.1.13/framework/web/CWebApplication.php:286
Stack trace:
#0 /home/f7000414/public_html/yii-1.1.13/framework/web/CWebApplication.php(141): CWebApplication->runController('c451f.php')
#1 /home/f7000414/public_html/yii-1.1.13/framework/base/CApplication.php(169): CWebApplication->processRequest()
#2 /home/f7000414/public_html/index.php(17): CApplication->run()
#3 {main}
REQUEST_URI=/c451f.php
---
2025/08/29 19:25:41 [error] [exception.CHttpException.404] CHttpException: Unable to resolve the request "efa4f.php". in /home/f7000414/public_html/yii-1.1.13/framework/web/CWebApplication.php:286
Stack trace:
#0 /home/f7000414/public_html/yii-1.1.13/framework/web/CWebApplication.php(141): CWebApplication->runController('efa4f.php')
#1 /home/f7000414/public_html/yii-1.1.13/framework/base/CApplication.php(169): CWebApplication->processRequest()
#2 /home/f7000414/public_html/index.php(17): CApplication->run()
#3 {main}
REQUEST_URI=/efa4f.php
---
2025/08/29 19:25:41 [error] [exception.CHttpException.404] CHttpException: Unable to resolve the request "suy.php". in /home/f7000414/public_html/yii-1.1.13/framework/web/CWebApplication.php:286
Stack trace:
#0 /home/f7000414/public_html/yii-1.1.13/framework/web/CWebApplication.php(141): CWebApplication->runController('suy.php')
#1 /home/f7000414/public_html/yii-1.1.13/framework/base/CApplication.php(169): CWebApplication->processRequest()
#2 /home/f7000414/public_html/index.php(17): CApplication->run()
#3 {main}
REQUEST_URI=/suy.php
---
2025/08/29 19:25:42 [error] [exception.CHttpException.404] CHttpException: Unable to resolve the request "wp-admin/network/nbr.php". in /home/f7000414/public_html/yii-1.1.13/framework/web/CWebApplication.php:286
Stack trace:
#0 /home/f7000414/public_html/yii-1.1.13/framework/web/CWebApplication.php(141): CWebApplication->runController('wp-admin/networ...')
#1 /home/f7000414/public_html/yii-1.1.13/framework/base/CApplication.php(169): CWebApplication->processRequest()
#2 /home/f7000414/public_html/index.php(17): CApplication->run()
#3 {main}
REQUEST_URI=/wp-admin/network/nbr.php
---
2025/08/29 19:25:42 [error] [exception.CHttpException.404] CHttpException: Unable to resolve the request "gul.php". in /home/f7000414/public_html/yii-1.1.13/framework/web/CWebApplication.php:286
Stack trace:
#0 /home/f7000414/public_html/yii-1.1.13/framework/web/CWebApplication.php(141): CWebApplication->runController('gul.php')
#1 /home/f7000414/public_html/yii-1.1.13/framework/base/CApplication.php(169): CWebApplication->processRequest()
#2 /home/f7000414/public_html/index.php(17): CApplication->run()
#3 {main}
REQUEST_URI=/gul.php
---
2025/08/29 19:25:43 [error] [exception.CHttpException.404] CHttpException: Unable to resolve the request "shop.php". in /home/f7000414/public_html/yii-1.1.13/framework/web/CWebApplication.php:286
Stack trace:
#0 /home/f7000414/public_html/yii-1.1.13/framework/web/CWebApplication.php(141): CWebApplication->runController('shop.php')
#1 /home/f7000414/public_html/yii-1.1.13/framework/base/CApplication.php(169): CWebApplication->processRequest()
#2 /home/f7000414/public_html/index.php(17): CApplication->run()
#3 {main}
REQUEST_URI=/shop.php
---
2025/08/29 19:25:43 [error] [exception.CHttpException.404] CHttpException: Unable to resolve the request "log.php". in /home/f7000414/public_html/yii-1.1.13/framework/web/CWebApplication.php:286
Stack trace:
#0 /home/f7000414/public_html/yii-1.1.13/framework/web/CWebApplication.php(141): CWebApplication->runController('log.php')
#1 /home/f7000414/public_html/yii-1.1.13/framework/base/CApplication.php(169): CWebApplication->processRequest()
#2 /home/f7000414/public_html/index.php(17): CApplication->run()
#3 {main}
REQUEST_URI=/log.php
---
2025/08/29 19:25:44 [error] [exception.CHttpException.404] CHttpException: Unable to resolve the request "ker.php". in /home/f7000414/public_html/yii-1.1.13/framework/web/CWebApplication.php:286
Stack trace:
#0 /home/f7000414/public_html/yii-1.1.13/framework/web/CWebApplication.php(141): CWebApplication->runController('ker.php')
#1 /home/f7000414/public_html/yii-1.1.13/framework/base/CApplication.php(169): CWebApplication->processRequest()
#2 /home/f7000414/public_html/index.php(17): CApplication->run()
#3 {main}
REQUEST_URI=/ker.php
---
2025/08/29 19:25:44 [error] [exception.CHttpException.404] CHttpException: Unable to resolve the request "public/new2.php". in /home/f7000414/public_html/yii-1.1.13/framework/web/CWebApplication.php:286
Stack trace:
#0 /home/f7000414/public_html/yii-1.1.13/framework/web/CWebApplication.php(141): CWebApplication->runController('public/new2.php')
#1 /home/f7000414/public_html/yii-1.1.13/framework/base/CApplication.php(169): CWebApplication->processRequest()
#2 /home/f7000414/public_html/index.php(17): CApplication->run()
#3 {main}
REQUEST_URI=/public/new2.php
---
2025/08/29 19:25:44 [error] [exception.CHttpException.404] CHttpException: Unable to resolve the request "wp-content/themes/hueman/404.php". in /home/f7000414/public_html/yii-1.1.13/framework/web/CWebApplication.php:286
Stack trace:
#0 /home/f7000414/public_html/yii-1.1.13/framework/web/CWebApplication.php(141): CWebApplication->runController('wp-content/them...')
#1 /home/f7000414/public_html/yii-1.1.13/framework/base/CApplication.php(169): CWebApplication->processRequest()
#2 /home/f7000414/public_html/index.php(17): CApplication->run()
#3 {main}
REQUEST_URI=/wp-content/themes/hueman/404.php
---
2025/08/29 19:25:45 [error] [exception.CHttpException.404] CHttpException: Unable to resolve the request "led.php". in /home/f7000414/public_html/yii-1.1.13/framework/web/CWebApplication.php:286
Stack trace:
#0 /home/f7000414/public_html/yii-1.1.13/framework/web/CWebApplication.php(141): CWebApplication->runController('led.php')
#1 /home/f7000414/public_html/yii-1.1.13/framework/base/CApplication.php(169): CWebApplication->processRequest()
#2 /home/f7000414/public_html/index.php(17): CApplication->run()
#3 {main}
REQUEST_URI=/led.php
---
2025/08/29 19:25:45 [error] [exception.CHttpException.404] CHttpException: Unable to resolve the request "nas.php". in /home/f7000414/public_html/yii-1.1.13/framework/web/CWebApplication.php:286
Stack trace:
#0 /home/f7000414/public_html/yii-1.1.13/framework/web/CWebApplication.php(141): CWebApplication->runController('nas.php')
#1 /home/f7000414/public_html/yii-1.1.13/framework/base/CApplication.php(169): CWebApplication->processRequest()
#2 /home/f7000414/public_html/index.php(17): CApplication->run()
#3 {main}
REQUEST_URI=/nas.php
---
2025/08/29 19:25:45 [error] [exception.CHttpException.404] CHttpException: Unable to resolve the request "loi.php". in /home/f7000414/public_html/yii-1.1.13/framework/web/CWebApplication.php:286
Stack trace:
#0 /home/f7000414/public_html/yii-1.1.13/framework/web/CWebApplication.php(141): CWebApplication->runController('loi.php')
#1 /home/f7000414/public_html/yii-1.1.13/framework/base/CApplication.php(169): CWebApplication->processRequest()
#2 /home/f7000414/public_html/index.php(17): CApplication->run()
#3 {main}
REQUEST_URI=/loi.php
---
2025/08/29 19:26:17 [error] [exception.CHttpException.404] CHttpException: Unable to resolve the request "ads.txt". in /home/f7000414/public_html/yii-1.1.13/framework/web/CWebApplication.php:286
Stack trace:
#0 /home/f7000414/public_html/yii-1.1.13/framework/web/CWebApplication.php(141): CWebApplication->runController('ads.txt')
#1 /home/f7000414/public_html/yii-1.1.13/framework/base/CApplication.php(169): CWebApplication->processRequest()
#2 /home/f7000414/public_html/index.php(17): CApplication->run()
#3 {main}
REQUEST_URI=/ads.txt
---
2025/08/29 19:52:50 [error] [exception.CHttpException.404] CHttpException: Unable to resolve the request "wordpress/wp-admin/setup-config.php". in /home/f7000414/public_html/yii-1.1.13/framework/web/CWebApplication.php:286
Stack trace:
#0 /home/f7000414/public_html/yii-1.1.13/framework/web/CWebApplication.php(141): CWebApplication->runController('wordpress/wp-ad...')
#1 /home/f7000414/public_html/yii-1.1.13/framework/base/CApplication.php(169): CWebApplication->processRequest()
#2 /home/f7000414/public_html/index.php(17): CApplication->run()
#3 {main}
REQUEST_URI=/wordpress/wp-admin/setup-config.php
---
2025/08/29 19:53:05 [error] [exception.CHttpException.404] CHttpException: Unable to resolve the request "wordpress/wp-admin/setup-config.php". in /home/f7000414/public_html/yii-1.1.13/framework/web/CWebApplication.php:286
Stack trace:
#0 /home/f7000414/public_html/yii-1.1.13/framework/web/CWebApplication.php(141): CWebApplication->runController('wordpress/wp-ad...')
#1 /home/f7000414/public_html/yii-1.1.13/framework/base/CApplication.php(169): CWebApplication->processRequest()
#2 /home/f7000414/public_html/index.php(17): CApplication->run()
#3 {main}
REQUEST_URI=/wordpress/wp-admin/setup-config.php
---
2025/08/29 19:53:29 [error] [exception.CHttpException.404] CHttpException: Unable to resolve the request "wp-admin/setup-config.php". in /home/f7000414/public_html/yii-1.1.13/framework/web/CWebApplication.php:286
Stack trace:
#0 /home/f7000414/public_html/yii-1.1.13/framework/web/CWebApplication.php(141): CWebApplication->runController('wp-admin/setup-...')
#1 /home/f7000414/public_html/yii-1.1.13/framework/base/CApplication.php(169): CWebApplication->processRequest()
#2 /home/f7000414/public_html/index.php(17): CApplication->run()
#3 {main}
REQUEST_URI=/wp-admin/setup-config.php
---
2025/08/29 19:53:50 [error] [exception.CHttpException.404] CHttpException: Unable to resolve the request "wp-admin/setup-config.php". in /home/f7000414/public_html/yii-1.1.13/framework/web/CWebApplication.php:286
Stack trace:
#0 /home/f7000414/public_html/yii-1.1.13/framework/web/CWebApplication.php(141): CWebApplication->runController('wp-admin/setup-...')
#1 /home/f7000414/public_html/yii-1.1.13/framework/base/CApplication.php(169): CWebApplication->processRequest()
#2 /home/f7000414/public_html/index.php(17): CApplication->run()
#3 {main}
REQUEST_URI=/wp-admin/setup-config.php
---
2025/08/29 21:01:27 [error] [exception.CHttpException.404] CHttpException: Unable to resolve the request "robots.txt". in /home/f7000414/public_html/yii-1.1.13/framework/web/CWebApplication.php:286
Stack trace:
#0 /home/f7000414/public_html/yii-1.1.13/framework/web/CWebApplication.php(141): CWebApplication->runController('robots.txt')
#1 /home/f7000414/public_html/yii-1.1.13/framework/base/CApplication.php(169): CWebApplication->processRequest()
#2 /home/f7000414/public_html/index.php(17): CApplication->run()
#3 {main}
REQUEST_URI=/robots.txt
---
2025/08/29 21:08:57 [error] [exception.CHttpException.404] CHttpException: Unable to resolve the request "robots.txt". in /home/f7000414/public_html/yii-1.1.13/framework/web/CWebApplication.php:286
Stack trace:
#0 /home/f7000414/public_html/yii-1.1.13/framework/web/CWebApplication.php(141): CWebApplication->runController('robots.txt')
#1 /home/f7000414/public_html/yii-1.1.13/framework/base/CApplication.php(169): CWebApplication->processRequest()
#2 /home/f7000414/public_html/index.php(17): CApplication->run()
#3 {main}
REQUEST_URI=/robots.txt
---
2025/08/29 21:09:58 [error] [exception.CHttpException.404] CHttpException: Unable to resolve the request ".well-known/traffic-advice". in /home/f7000414/public_html/yii-1.1.13/framework/web/CWebApplication.php:286
Stack trace:
#0 /home/f7000414/public_html/yii-1.1.13/framework/web/CWebApplication.php(141): CWebApplication->runController('.well-known/tra...')
#1 /home/f7000414/public_html/yii-1.1.13/framework/base/CApplication.php(169): CWebApplication->processRequest()
#2 /home/f7000414/public_html/index.php(17): CApplication->run()
#3 {main}
REQUEST_URI=/.well-known/traffic-advice
---
2025/08/29 21:16:11 [error] [exception.CHttpException.404] CHttpException: Unable to resolve the request "robots.txt". in /home/f7000414/public_html/yii-1.1.13/framework/web/CWebApplication.php:286
Stack trace:
#0 /home/f7000414/public_html/yii-1.1.13/framework/web/CWebApplication.php(141): CWebApplication->runController('robots.txt')
#1 /home/f7000414/public_html/yii-1.1.13/framework/base/CApplication.php(169): CWebApplication->processRequest()
#2 /home/f7000414/public_html/index.php(17): CApplication->run()
#3 {main}
REQUEST_URI=/robots.txt
---
2025/08/29 21:17:59 [error] [exception.CHttpException.404] CHttpException: Unable to resolve the request "robots.txt". in /home/f7000414/public_html/yii-1.1.13/framework/web/CWebApplication.php:286
Stack trace:
#0 /home/f7000414/public_html/yii-1.1.13/framework/web/CWebApplication.php(141): CWebApplication->runController('robots.txt')
#1 /home/f7000414/public_html/yii-1.1.13/framework/base/CApplication.php(169): CWebApplication->processRequest()
#2 /home/f7000414/public_html/index.php(17): CApplication->run()
#3 {main}
REQUEST_URI=/robots.txt
---
2025/08/29 21:44:29 [error] [exception.CHttpException.404] CHttpException: Unable to resolve the request "robots.txt". in /home/f7000414/public_html/yii-1.1.13/framework/web/CWebApplication.php:286
Stack trace:
#0 /home/f7000414/public_html/yii-1.1.13/framework/web/CWebApplication.php(141): CWebApplication->runController('robots.txt')
#1 /home/f7000414/public_html/yii-1.1.13/framework/base/CApplication.php(169): CWebApplication->processRequest()
#2 /home/f7000414/public_html/index.php(17): CApplication->run()
#3 {main}
REQUEST_URI=/robots.txt
---
2025/08/29 21:44:30 [error] [exception.CHttpException.404] CHttpException: Unable to resolve the request "index.html". in /home/f7000414/public_html/yii-1.1.13/framework/web/CWebApplication.php:286
Stack trace:
#0 /home/f7000414/public_html/yii-1.1.13/framework/web/CWebApplication.php(141): CWebApplication->runController('index.html')
#1 /home/f7000414/public_html/yii-1.1.13/framework/base/CApplication.php(169): CWebApplication->processRequest()
#2 /home/f7000414/public_html/index.php(17): CApplication->run()
#3 {main}
REQUEST_URI=/index.html
---
2025/08/29 21:55:20 [error] [exception.CHttpException.404] CHttpException: Unable to resolve the request "robots.txt". in /home/f7000414/public_html/yii-1.1.13/framework/web/CWebApplication.php:286
Stack trace:
#0 /home/f7000414/public_html/yii-1.1.13/framework/web/CWebApplication.php(141): CWebApplication->runController('robots.txt')
#1 /home/f7000414/public_html/yii-1.1.13/framework/base/CApplication.php(169): CWebApplication->processRequest()
#2 /home/f7000414/public_html/index.php(17): CApplication->run()
#3 {main}
REQUEST_URI=/robots.txt
---
2025/08/29 22:14:36 [error] [exception.CHttpException.404] CHttpException: Unable to resolve the request "robots.txt". in /home/f7000414/public_html/yii-1.1.13/framework/web/CWebApplication.php:286
Stack trace:
#0 /home/f7000414/public_html/yii-1.1.13/framework/web/CWebApplication.php(141): CWebApplication->runController('robots.txt')
#1 /home/f7000414/public_html/yii-1.1.13/framework/base/CApplication.php(169): CWebApplication->processRequest()
#2 /home/f7000414/public_html/index.php(17): CApplication->run()
#3 {main}
REQUEST_URI=/robots.txt
---
2025/08/29 22:14:36 [error] [exception.CHttpException.404] CHttpException: Unable to resolve the request "robots.txt". in /home/f7000414/public_html/yii-1.1.13/framework/web/CWebApplication.php:286
Stack trace:
#0 /home/f7000414/public_html/yii-1.1.13/framework/web/CWebApplication.php(141): CWebApplication->runController('robots.txt')
#1 /home/f7000414/public_html/yii-1.1.13/framework/base/CApplication.php(169): CWebApplication->processRequest()
#2 /home/f7000414/public_html/index.php(17): CApplication->run()
#3 {main}
REQUEST_URI=/robots.txt
---
2025/08/29 22:20:03 [error] [exception.CHttpException.404] CHttpException: Unable to resolve the request "robots.txt". in /home/f7000414/public_html/yii-1.1.13/framework/web/CWebApplication.php:286
Stack trace:
#0 /home/f7000414/public_html/yii-1.1.13/framework/web/CWebApplication.php(141): CWebApplication->runController('robots.txt')
#1 /home/f7000414/public_html/yii-1.1.13/framework/base/CApplication.php(169): CWebApplication->processRequest()
#2 /home/f7000414/public_html/index.php(17): CApplication->run()
#3 {main}
REQUEST_URI=/robots.txt
---
2025/08/29 22:20:05 [error] [exception.CHttpException.404] CHttpException: Unable to resolve the request "index.html". in /home/f7000414/public_html/yii-1.1.13/framework/web/CWebApplication.php:286
Stack trace:
#0 /home/f7000414/public_html/yii-1.1.13/framework/web/CWebApplication.php(141): CWebApplication->runController('index.html')
#1 /home/f7000414/public_html/yii-1.1.13/framework/base/CApplication.php(169): CWebApplication->processRequest()
#2 /home/f7000414/public_html/index.php(17): CApplication->run()
#3 {main}
REQUEST_URI=/index.html
---
2025/08/29 22:54:05 [error] [exception.CHttpException.404] CHttpException: Unable to resolve the request "index.html". in /home/f7000414/public_html/yii-1.1.13/framework/web/CWebApplication.php:286
Stack trace:
#0 /home/f7000414/public_html/yii-1.1.13/framework/web/CWebApplication.php(141): CWebApplication->runController('index.html')
#1 /home/f7000414/public_html/yii-1.1.13/framework/base/CApplication.php(169): CWebApplication->processRequest()
#2 /home/f7000414/public_html/index.php(17): CApplication->run()
#3 {main}
REQUEST_URI=/index.html
---
2025/08/29 23:20:26 [error] [exception.CHttpException.404] CHttpException: Unable to resolve the request "wp-admin/setup-config.php". in /home/f7000414/public_html/yii-1.1.13/framework/web/CWebApplication.php:286
Stack trace:
#0 /home/f7000414/public_html/yii-1.1.13/framework/web/CWebApplication.php(141): CWebApplication->runController('wp-admin/setup-...')
#1 /home/f7000414/public_html/yii-1.1.13/framework/base/CApplication.php(169): CWebApplication->processRequest()
#2 /home/f7000414/public_html/index.php(17): CApplication->run()
#3 {main}
REQUEST_URI=/wp-admin/setup-config.php
---
2025/08/29 23:21:41 [error] [exception.CHttpException.404] CHttpException: Unable to resolve the request "wordpress/wp-admin/setup-config.php". in /home/f7000414/public_html/yii-1.1.13/framework/web/CWebApplication.php:286
Stack trace:
#0 /home/f7000414/public_html/yii-1.1.13/framework/web/CWebApplication.php(141): CWebApplication->runController('wordpress/wp-ad...')
#1 /home/f7000414/public_html/yii-1.1.13/framework/base/CApplication.php(169): CWebApplication->processRequest()
#2 /home/f7000414/public_html/index.php(17): CApplication->run()
#3 {main}
REQUEST_URI=/wordpress/wp-admin/setup-config.php
---
2025/08/29 23:22:28 [error] [exception.CHttpException.404] CHttpException: Unable to resolve the request "wp-admin/setup-config.php". in /home/f7000414/public_html/yii-1.1.13/framework/web/CWebApplication.php:286
Stack trace:
#0 /home/f7000414/public_html/yii-1.1.13/framework/web/CWebApplication.php(141): CWebApplication->runController('wp-admin/setup-...')
#1 /home/f7000414/public_html/yii-1.1.13/framework/base/CApplication.php(169): CWebApplication->processRequest()
#2 /home/f7000414/public_html/index.php(17): CApplication->run()
#3 {main}
REQUEST_URI=/wp-admin/setup-config.php
---
2025/08/29 23:22:43 [error] [exception.CHttpException.404] CHttpException: Unable to resolve the request "wordpress/wp-admin/setup-config.php". in /home/f7000414/public_html/yii-1.1.13/framework/web/CWebApplication.php:286
Stack trace:
#0 /home/f7000414/public_html/yii-1.1.13/framework/web/CWebApplication.php(141): CWebApplication->runController('wordpress/wp-ad...')
#1 /home/f7000414/public_html/yii-1.1.13/framework/base/CApplication.php(169): CWebApplication->processRequest()
#2 /home/f7000414/public_html/index.php(17): CApplication->run()
#3 {main}
REQUEST_URI=/wordpress/wp-admin/setup-config.php
---
2025/08/29 23:26:20 [error] [exception.CHttpException.404] CHttpException: Unable to resolve the request "favicon.ico". in /home/f7000414/public_html/yii-1.1.13/framework/web/CWebApplication.php:286
Stack trace:
#0 /home/f7000414/public_html/yii-1.1.13/framework/web/CWebApplication.php(141): CWebApplication->runController('favicon.ico')
#1 /home/f7000414/public_html/yii-1.1.13/framework/base/CApplication.php(169): CWebApplication->processRequest()
#2 /home/f7000414/public_html/index.php(17): CApplication->run()
#3 {main}
REQUEST_URI=/favicon.ico
---
2025/08/30 00:42:47 [error] [exception.CHttpException.404] CHttpException: Unable to resolve the request "robots.txt". in /home/f7000414/public_html/yii-1.1.13/framework/web/CWebApplication.php:286
Stack trace:
#0 /home/f7000414/public_html/yii-1.1.13/framework/web/CWebApplication.php(141): CWebApplication->runController('robots.txt')
#1 /home/f7000414/public_html/yii-1.1.13/framework/base/CApplication.php(169): CWebApplication->processRequest()
#2 /home/f7000414/public_html/index.php(17): CApplication->run()
#3 {main}
REQUEST_URI=/robots.txt
---
2025/08/30 00:42:48 [error] [exception.CHttpException.404] CHttpException: Unable to resolve the request "robots.txt". in /home/f7000414/public_html/yii-1.1.13/framework/web/CWebApplication.php:286
Stack trace:
#0 /home/f7000414/public_html/yii-1.1.13/framework/web/CWebApplication.php(141): CWebApplication->runController('robots.txt')
#1 /home/f7000414/public_html/yii-1.1.13/framework/base/CApplication.php(169): CWebApplication->processRequest()
#2 /home/f7000414/public_html/index.php(17): CApplication->run()
#3 {main}
REQUEST_URI=/robots.txt
---
2025/08/30 00:56:05 [error] [exception.CHttpException.404] CHttpException: Unable to resolve the request "robots.txt". in /home/f7000414/public_html/yii-1.1.13/framework/web/CWebApplication.php:286
Stack trace:
#0 /home/f7000414/public_html/yii-1.1.13/framework/web/CWebApplication.php(141): CWebApplication->runController('robots.txt')
#1 /home/f7000414/public_html/yii-1.1.13/framework/base/CApplication.php(169): CWebApplication->processRequest()
#2 /home/f7000414/public_html/index.php(17): CApplication->run()
#3 {main}
REQUEST_URI=/robots.txt
---
2025/08/30 01:00:25 [error] [exception.CHttpException.404] CHttpException: Unable to resolve the request "robots.txt". in /home/f7000414/public_html/yii-1.1.13/framework/web/CWebApplication.php:286
Stack trace:
#0 /home/f7000414/public_html/yii-1.1.13/framework/web/CWebApplication.php(141): CWebApplication->runController('robots.txt')
#1 /home/f7000414/public_html/yii-1.1.13/framework/base/CApplication.php(169): CWebApplication->processRequest()
#2 /home/f7000414/public_html/index.php(17): CApplication->run()
#3 {main}
REQUEST_URI=/robots.txt
---
2025/08/30 01:00:27 [error] [exception.CHttpException.404] CHttpException: Unable to resolve the request "robots.txt". in /home/f7000414/public_html/yii-1.1.13/framework/web/CWebApplication.php:286
Stack trace:
#0 /home/f7000414/public_html/yii-1.1.13/framework/web/CWebApplication.php(141): CWebApplication->runController('robots.txt')
#1 /home/f7000414/public_html/yii-1.1.13/framework/base/CApplication.php(169): CWebApplication->processRequest()
#2 /home/f7000414/public_html/index.php(17): CApplication->run()
#3 {main}
REQUEST_URI=/robots.txt
---
2025/08/30 01:23:25 [error] [exception.CHttpException.404] CHttpException: Unable to resolve the request "robots.txt". in /home/f7000414/public_html/yii-1.1.13/framework/web/CWebApplication.php:286
Stack trace:
#0 /home/f7000414/public_html/yii-1.1.13/framework/web/CWebApplication.php(141): CWebApplication->runController('robots.txt')
#1 /home/f7000414/public_html/yii-1.1.13/framework/base/CApplication.php(169): CWebApplication->processRequest()
#2 /home/f7000414/public_html/index.php(17): CApplication->run()
#3 {main}
REQUEST_URI=/robots.txt
---
2025/08/30 01:32:52 [error] [exception.CHttpException.404] CHttpException: Unable to resolve the request "robots.txt". in /home/f7000414/public_html/yii-1.1.13/framework/web/CWebApplication.php:286
Stack trace:
#0 /home/f7000414/public_html/yii-1.1.13/framework/web/CWebApplication.php(141): CWebApplication->runController('robots.txt')
#1 /home/f7000414/public_html/yii-1.1.13/framework/base/CApplication.php(169): CWebApplication->processRequest()
#2 /home/f7000414/public_html/index.php(17): CApplication->run()
#3 {main}
REQUEST_URI=/robots.txt
---
2025/08/30 04:24:51 [error] [exception.CHttpException.404] CHttpException: Unable to resolve the request "media/system/js/core.js". in /home/f7000414/public_html/yii-1.1.13/framework/web/CWebApplication.php:286
Stack trace:
#0 /home/f7000414/public_html/yii-1.1.13/framework/web/CWebApplication.php(141): CWebApplication->runController('media/system/js...')
#1 /home/f7000414/public_html/yii-1.1.13/framework/base/CApplication.php(169): CWebApplication->processRequest()
#2 /home/f7000414/public_html/index.php(17): CApplication->run()
#3 {main}
REQUEST_URI=/media/system/js/core.js
---
2025/08/30 04:24:51 [error] [exception.CHttpException.404] CHttpException: Unable to resolve the request "wp-includes/js/jquery/jquery.js". in /home/f7000414/public_html/yii-1.1.13/framework/web/CWebApplication.php:286
Stack trace:
#0 /home/f7000414/public_html/yii-1.1.13/framework/web/CWebApplication.php(141): CWebApplication->runController('wp-includes/js/...')
#1 /home/f7000414/public_html/yii-1.1.13/framework/base/CApplication.php(169): CWebApplication->processRequest()
#2 /home/f7000414/public_html/index.php(17): CApplication->run()
#3 {main}
REQUEST_URI=/wp-includes/js/jquery/jquery.js
---
2025/08/30 04:42:43 [error] [exception.CHttpException.404] CHttpException: Unable to resolve the request "robots.txt". in /home/f7000414/public_html/yii-1.1.13/framework/web/CWebApplication.php:286
Stack trace:
#0 /home/f7000414/public_html/yii-1.1.13/framework/web/CWebApplication.php(141): CWebApplication->runController('robots.txt')
#1 /home/f7000414/public_html/yii-1.1.13/framework/base/CApplication.php(169): CWebApplication->processRequest()
#2 /home/f7000414/public_html/index.php(17): CApplication->run()
#3 {main}
REQUEST_URI=/robots.txt
---
2025/08/30 05:04:33 [error] [exception.CHttpException.404] CHttpException: Unable to resolve the request "robots.txt". in /home/f7000414/public_html/yii-1.1.13/framework/web/CWebApplication.php:286
Stack trace:
#0 /home/f7000414/public_html/yii-1.1.13/framework/web/CWebApplication.php(141): CWebApplication->runController('robots.txt')
#1 /home/f7000414/public_html/yii-1.1.13/framework/base/CApplication.php(169): CWebApplication->processRequest()
#2 /home/f7000414/public_html/index.php(17): CApplication->run()
#3 {main}
REQUEST_URI=/robots.txt
---
2025/08/30 05:12:28 [error] [exception.CHttpException.404] CHttpException: Unable to resolve the request "wp-admin/setup-config.php". in /home/f7000414/public_html/yii-1.1.13/framework/web/CWebApplication.php:286
Stack trace:
#0 /home/f7000414/public_html/yii-1.1.13/framework/web/CWebApplication.php(141): CWebApplication->runController('wp-admin/setup-...')
#1 /home/f7000414/public_html/yii-1.1.13/framework/base/CApplication.php(169): CWebApplication->processRequest()
#2 /home/f7000414/public_html/index.php(17): CApplication->run()
#3 {main}
REQUEST_URI=/wp-admin/setup-config.php
---
2025/08/30 05:14:07 [error] [exception.CHttpException.404] CHttpException: Unable to resolve the request "wordpress/wp-admin/setup-config.php". in /home/f7000414/public_html/yii-1.1.13/framework/web/CWebApplication.php:286
Stack trace:
#0 /home/f7000414/public_html/yii-1.1.13/framework/web/CWebApplication.php(141): CWebApplication->runController('wordpress/wp-ad...')
#1 /home/f7000414/public_html/yii-1.1.13/framework/base/CApplication.php(169): CWebApplication->processRequest()
#2 /home/f7000414/public_html/index.php(17): CApplication->run()
#3 {main}
REQUEST_URI=/wordpress/wp-admin/setup-config.php
---
2025/08/30 05:15:07 [error] [exception.CHttpException.404] CHttpException: Unable to resolve the request "robots.txt". in /home/f7000414/public_html/yii-1.1.13/framework/web/CWebApplication.php:286
Stack trace:
#0 /home/f7000414/public_html/yii-1.1.13/framework/web/CWebApplication.php(141): CWebApplication->runController('robots.txt')
#1 /home/f7000414/public_html/yii-1.1.13/framework/base/CApplication.php(169): CWebApplication->processRequest()
#2 /home/f7000414/public_html/index.php(17): CApplication->run()
#3 {main}
REQUEST_URI=/robots.txt
---
2025/08/30 05:15:21 [error] [exception.CHttpException.404] CHttpException: Unable to resolve the request "wordpress/wp-admin/setup-config.php". in /home/f7000414/public_html/yii-1.1.13/framework/web/CWebApplication.php:286
Stack trace:
#0 /home/f7000414/public_html/yii-1.1.13/framework/web/CWebApplication.php(141): CWebApplication->runController('wordpress/wp-ad...')
#1 /home/f7000414/public_html/yii-1.1.13/framework/base/CApplication.php(169): CWebApplication->processRequest()
#2 /home/f7000414/public_html/index.php(17): CApplication->run()
#3 {main}
REQUEST_URI=/wordpress/wp-admin/setup-config.php
---
2025/08/30 05:16:11 [error] [exception.CHttpException.404] CHttpException: Unable to resolve the request "wp-admin/setup-config.php". in /home/f7000414/public_html/yii-1.1.13/framework/web/CWebApplication.php:286
Stack trace:
#0 /home/f7000414/public_html/yii-1.1.13/framework/web/CWebApplication.php(141): CWebApplication->runController('wp-admin/setup-...')
#1 /home/f7000414/public_html/yii-1.1.13/framework/base/CApplication.php(169): CWebApplication->processRequest()
#2 /home/f7000414/public_html/index.php(17): CApplication->run()
#3 {main}
REQUEST_URI=/wp-admin/setup-config.php
---
2025/08/30 05:36:53 [error] [exception.CHttpException.404] CHttpException: Unable to resolve the request "robots.txt". in /home/f7000414/public_html/yii-1.1.13/framework/web/CWebApplication.php:286
Stack trace:
#0 /home/f7000414/public_html/yii-1.1.13/framework/web/CWebApplication.php(141): CWebApplication->runController('robots.txt')
#1 /home/f7000414/public_html/yii-1.1.13/framework/base/CApplication.php(169): CWebApplication->processRequest()
#2 /home/f7000414/public_html/index.php(17): CApplication->run()
#3 {main}
REQUEST_URI=/robots.txt
---
2025/08/30 05:45:05 [error] [exception.CHttpException.404] CHttpException: Unable to resolve the request "robots.txt". in /home/f7000414/public_html/yii-1.1.13/framework/web/CWebApplication.php:286
Stack trace:
#0 /home/f7000414/public_html/yii-1.1.13/framework/web/CWebApplication.php(141): CWebApplication->runController('robots.txt')
#1 /home/f7000414/public_html/yii-1.1.13/framework/base/CApplication.php(169): CWebApplication->processRequest()
#2 /home/f7000414/public_html/index.php(17): CApplication->run()
#3 {main}
REQUEST_URI=/robots.txt
---
2025/08/30 06:36:06 [error] [exception.CHttpException.404] CHttpException: Unable to resolve the request "robots.txt". in /home/f7000414/public_html/yii-1.1.13/framework/web/CWebApplication.php:286
Stack trace:
#0 /home/f7000414/public_html/yii-1.1.13/framework/web/CWebApplication.php(141): CWebApplication->runController('robots.txt')
#1 /home/f7000414/public_html/yii-1.1.13/framework/base/CApplication.php(169): CWebApplication->processRequest()
#2 /home/f7000414/public_html/index.php(17): CApplication->run()
#3 {main}
REQUEST_URI=/robots.txt
---
2025/08/30 06:36:06 [error] [exception.CHttpException.404] CHttpException: Unable to resolve the request "robots.txt". in /home/f7000414/public_html/yii-1.1.13/framework/web/CWebApplication.php:286
Stack trace:
#0 /home/f7000414/public_html/yii-1.1.13/framework/web/CWebApplication.php(141): CWebApplication->runController('robots.txt')
#1 /home/f7000414/public_html/yii-1.1.13/framework/base/CApplication.php(169): CWebApplication->processRequest()
#2 /home/f7000414/public_html/index.php(17): CApplication->run()
#3 {main}
REQUEST_URI=/robots.txt
---
2025/08/30 07:43:45 [error] [exception.CHttpException.404] CHttpException: Unable to resolve the request "index.html". in /home/f7000414/public_html/yii-1.1.13/framework/web/CWebApplication.php:286
Stack trace:
#0 /home/f7000414/public_html/yii-1.1.13/framework/web/CWebApplication.php(141): CWebApplication->runController('index.html')
#1 /home/f7000414/public_html/yii-1.1.13/framework/base/CApplication.php(169): CWebApplication->processRequest()
#2 /home/f7000414/public_html/index.php(17): CApplication->run()
#3 {main}
REQUEST_URI=/index.html
---
2025/08/30 07:44:32 [error] [exception.CHttpException.404] CHttpException: Unable to resolve the request "index.html". in /home/f7000414/public_html/yii-1.1.13/framework/web/CWebApplication.php:286
Stack trace:
#0 /home/f7000414/public_html/yii-1.1.13/framework/web/CWebApplication.php(141): CWebApplication->runController('index.html')
#1 /home/f7000414/public_html/yii-1.1.13/framework/base/CApplication.php(169): CWebApplication->processRequest()
#2 /home/f7000414/public_html/index.php(17): CApplication->run()
#3 {main}
REQUEST_URI=/index.html
---
2025/08/30 07:44:33 [error] [exception.CHttpException.404] CHttpException: Unable to resolve the request "index.html". in /home/f7000414/public_html/yii-1.1.13/framework/web/CWebApplication.php:286
Stack trace:
#0 /home/f7000414/public_html/yii-1.1.13/framework/web/CWebApplication.php(141): CWebApplication->runController('index.html')
#1 /home/f7000414/public_html/yii-1.1.13/framework/base/CApplication.php(169): CWebApplication->processRequest()
#2 /home/f7000414/public_html/index.php(17): CApplication->run()
#3 {main}
REQUEST_URI=/index.html
---
2025/08/30 08:33:20 [error] [exception.CHttpException.404] CHttpException: Unable to resolve the request "wp-includes/wlwmanifest.xml". in /home/f7000414/public_html/yii-1.1.13/framework/web/CWebApplication.php:286
Stack trace:
#0 /home/f7000414/public_html/yii-1.1.13/framework/web/CWebApplication.php(141): CWebApplication->runController('wp-includes/wlw...')
#1 /home/f7000414/public_html/yii-1.1.13/framework/base/CApplication.php(169): CWebApplication->processRequest()
#2 /home/f7000414/public_html/index.php(17): CApplication->run()
#3 {main}
REQUEST_URI=//wp-includes/wlwmanifest.xml
---
2025/08/30 08:33:20 [error] [exception.CHttpException.404] CHttpException: Unable to resolve the request "xmlrpc.php". in /home/f7000414/public_html/yii-1.1.13/framework/web/CWebApplication.php:286
Stack trace:
#0 /home/f7000414/public_html/yii-1.1.13/framework/web/CWebApplication.php(141): CWebApplication->runController('xmlrpc.php')
#1 /home/f7000414/public_html/yii-1.1.13/framework/base/CApplication.php(169): CWebApplication->processRequest()
#2 /home/f7000414/public_html/index.php(17): CApplication->run()
#3 {main}
REQUEST_URI=//xmlrpc.php?rsd
---
2025/08/30 08:33:21 [error] [exception.CHttpException.404] CHttpException: Unable to resolve the request "blog/wp-includes/wlwmanifest.xml". in /home/f7000414/public_html/yii-1.1.13/framework/web/CWebApplication.php:286
Stack trace:
#0 /home/f7000414/public_html/yii-1.1.13/framework/web/CWebApplication.php(141): CWebApplication->runController('blog/wp-include...')
#1 /home/f7000414/public_html/yii-1.1.13/framework/base/CApplication.php(169): CWebApplication->processRequest()
#2 /home/f7000414/public_html/index.php(17): CApplication->run()
#3 {main}
REQUEST_URI=//blog/wp-includes/wlwmanifest.xml
---
2025/08/30 08:38:09 [error] [exception.CHttpException.404] CHttpException: Unable to resolve the request "robots.txt". in /home/f7000414/public_html/yii-1.1.13/framework/web/CWebApplication.php:286
Stack trace:
#0 /home/f7000414/public_html/yii-1.1.13/framework/web/CWebApplication.php(141): CWebApplication->runController('robots.txt')
#1 /home/f7000414/public_html/yii-1.1.13/framework/base/CApplication.php(169): CWebApplication->processRequest()
#2 /home/f7000414/public_html/index.php(17): CApplication->run()
#3 {main}
REQUEST_URI=/robots.txt
---
2025/08/30 08:39:24 [error] [exception.CHttpException.404] CHttpException: Unable to resolve the request "robots.txt". in /home/f7000414/public_html/yii-1.1.13/framework/web/CWebApplication.php:286
Stack trace:
#0 /home/f7000414/public_html/yii-1.1.13/framework/web/CWebApplication.php(141): CWebApplication->runController('robots.txt')
#1 /home/f7000414/public_html/yii-1.1.13/framework/base/CApplication.php(169): CWebApplication->processRequest()
#2 /home/f7000414/public_html/index.php(17): CApplication->run()
#3 {main}
REQUEST_URI=/robots.txt
---
2025/08/30 08:39:49 [error] [exception.CHttpException.404] CHttpException: The system is unable to find the requested action "articulos". in /home/f7000414/public_html/yii-1.1.13/framework/web/CController.php:483
Stack trace:
#0 /home/f7000414/public_html/yii-1.1.13/framework/web/CController.php(270): CController->missingAction('articulos')
#1 /home/f7000414/public_html/yii-1.1.13/framework/web/CWebApplication.php(282): CController->run('articulos')
#2 /home/f7000414/public_html/yii-1.1.13/framework/web/CWebApplication.php(141): CWebApplication->runController('tips/articulos/...')
#3 /home/f7000414/public_html/yii-1.1.13/framework/base/CApplication.php(169): CWebApplication->processRequest()
#4 /home/f7000414/public_html/index.php(17): CApplication->run()
#5 {main}
REQUEST_URI=/tips/articulos/view/5
---
2025/08/30 08:59:58 [error] [exception.CHttpException.404] CHttpException: Unable to resolve the request "robots.txt". in /home/f7000414/public_html/yii-1.1.13/framework/web/CWebApplication.php:286
Stack trace:
#0 /home/f7000414/public_html/yii-1.1.13/framework/web/CWebApplication.php(141): CWebApplication->runController('robots.txt')
#1 /home/f7000414/public_html/yii-1.1.13/framework/base/CApplication.php(169): CWebApplication->processRequest()
#2 /home/f7000414/public_html/index.php(17): CApplication->run()
#3 {main}
REQUEST_URI=/robots.txt
---
2025/08/30 08:59:59 [error] [exception.CHttpException.404] CHttpException: Unable to resolve the request "index.html". in /home/f7000414/public_html/yii-1.1.13/framework/web/CWebApplication.php:286
Stack trace:
#0 /home/f7000414/public_html/yii-1.1.13/framework/web/CWebApplication.php(141): CWebApplication->runController('index.html')
#1 /home/f7000414/public_html/yii-1.1.13/framework/base/CApplication.php(169): CWebApplication->processRequest()
#2 /home/f7000414/public_html/index.php(17): CApplication->run()
#3 {main}
REQUEST_URI=/index.html
---
2025/08/30 10:14:15 [error] [exception.CHttpException.404] CHttpException: Unable to resolve the request ".well-known/traffic-advice". in /home/f7000414/public_html/yii-1.1.13/framework/web/CWebApplication.php:286
Stack trace:
#0 /home/f7000414/public_html/yii-1.1.13/framework/web/CWebApplication.php(141): CWebApplication->runController('.well-known/tra...')
#1 /home/f7000414/public_html/yii-1.1.13/framework/base/CApplication.php(169): CWebApplication->processRequest()
#2 /home/f7000414/public_html/index.php(17): CApplication->run()
#3 {main}
REQUEST_URI=/.well-known/traffic-advice
---
2025/08/30 10:25:52 [error] [exception.CHttpException.404] CHttpException: Unable to resolve the request "robots.txt". in /home/f7000414/public_html/yii-1.1.13/framework/web/CWebApplication.php:286
Stack trace:
#0 /home/f7000414/public_html/yii-1.1.13/framework/web/CWebApplication.php(141): CWebApplication->runController('robots.txt')
#1 /home/f7000414/public_html/yii-1.1.13/framework/base/CApplication.php(169): CWebApplication->processRequest()
#2 /home/f7000414/public_html/index.php(17): CApplication->run()
#3 {main}
REQUEST_URI=/robots.txt
---
2025/08/30 10:51:39 [error] [exception.CHttpException.404] CHttpException: Unable to resolve the request "ads.txt". in /home/f7000414/public_html/yii-1.1.13/framework/web/CWebApplication.php:286
Stack trace:
#0 /home/f7000414/public_html/yii-1.1.13/framework/web/CWebApplication.php(141): CWebApplication->runController('ads.txt')
#1 /home/f7000414/public_html/yii-1.1.13/framework/base/CApplication.php(169): CWebApplication->processRequest()
#2 /home/f7000414/public_html/index.php(17): CApplication->run()
#3 {main}
REQUEST_URI=/ads.txt
---
2025/08/30 11:18:41 [error] [exception.CHttpException.404] CHttpException: Unable to resolve the request "robots.txt". in /home/f7000414/public_html/yii-1.1.13/framework/web/CWebApplication.php:286
Stack trace:
#0 /home/f7000414/public_html/yii-1.1.13/framework/web/CWebApplication.php(141): CWebApplication->runController('robots.txt')
#1 /home/f7000414/public_html/yii-1.1.13/framework/base/CApplication.php(169): CWebApplication->processRequest()
#2 /home/f7000414/public_html/index.php(17): CApplication->run()
#3 {main}
REQUEST_URI=/robots.txt
---
2025/08/30 11:18:49 [error] [exception.CHttpException.404] CHttpException: Unable to resolve the request "robots.txt". in /home/f7000414/public_html/yii-1.1.13/framework/web/CWebApplication.php:286
Stack trace:
#0 /home/f7000414/public_html/yii-1.1.13/framework/web/CWebApplication.php(141): CWebApplication->runController('robots.txt')
#1 /home/f7000414/public_html/yii-1.1.13/framework/base/CApplication.php(169): CWebApplication->processRequest()
#2 /home/f7000414/public_html/index.php(17): CApplication->run()
#3 {main}
REQUEST_URI=/robots.txt
---
2025/08/30 11:42:41 [error] [exception.CHttpException.404] CHttpException: Unable to resolve the request "wp-includes/wlwmanifest.xml". in /home/f7000414/public_html/yii-1.1.13/framework/web/CWebApplication.php:286
Stack trace:
#0 /home/f7000414/public_html/yii-1.1.13/framework/web/CWebApplication.php(141): CWebApplication->runController('wp-includes/wlw...')
#1 /home/f7000414/public_html/yii-1.1.13/framework/base/CApplication.php(169): CWebApplication->processRequest()
#2 /home/f7000414/public_html/index.php(17): CApplication->run()
#3 {main}
REQUEST_URI=//wp-includes/wlwmanifest.xml
---
2025/08/30 11:42:42 [error] [exception.CHttpException.404] CHttpException: Unable to resolve the request "xmlrpc.php". in /home/f7000414/public_html/yii-1.1.13/framework/web/CWebApplication.php:286
Stack trace:
#0 /home/f7000414/public_html/yii-1.1.13/framework/web/CWebApplication.php(141): CWebApplication->runController('xmlrpc.php')
#1 /home/f7000414/public_html/yii-1.1.13/framework/base/CApplication.php(169): CWebApplication->processRequest()
#2 /home/f7000414/public_html/index.php(17): CApplication->run()
#3 {main}
REQUEST_URI=//xmlrpc.php?rsd
---
2025/08/30 11:42:42 [error] [exception.CHttpException.404] CHttpException: Unable to resolve the request "blog/wp-includes/wlwmanifest.xml". in /home/f7000414/public_html/yii-1.1.13/framework/web/CWebApplication.php:286
Stack trace:
#0 /home/f7000414/public_html/yii-1.1.13/framework/web/CWebApplication.php(141): CWebApplication->runController('blog/wp-include...')
#1 /home/f7000414/public_html/yii-1.1.13/framework/base/CApplication.php(169): CWebApplication->processRequest()
#2 /home/f7000414/public_html/index.php(17): CApplication->run()
#3 {main}
REQUEST_URI=//blog/wp-includes/wlwmanifest.xml
---
2025/08/30 12:03:15 [error] [exception.CHttpException.404] CHttpException: The system is unable to find the requested action "articulos". in /home/f7000414/public_html/yii-1.1.13/framework/web/CController.php:483
Stack trace:
#0 /home/f7000414/public_html/yii-1.1.13/framework/web/CController.php(270): CController->missingAction('articulos')
#1 /home/f7000414/public_html/yii-1.1.13/framework/web/CWebApplication.php(282): CController->run('articulos')
#2 /home/f7000414/public_html/yii-1.1.13/framework/web/CWebApplication.php(141): CWebApplication->runController('tips/articulos/...')
#3 /home/f7000414/public_html/yii-1.1.13/framework/base/CApplication.php(169): CWebApplication->processRequest()
#4 /home/f7000414/public_html/index.php(17): CApplication->run()
#5 {main}
REQUEST_URI=/tips/articulos/view/5
---
2025/08/30 12:15:55 [error] [exception.CHttpException.404] CHttpException: Unable to resolve the request "robots.txt". in /home/f7000414/public_html/yii-1.1.13/framework/web/CWebApplication.php:286
Stack trace:
#0 /home/f7000414/public_html/yii-1.1.13/framework/web/CWebApplication.php(141): CWebApplication->runController('robots.txt')
#1 /home/f7000414/public_html/yii-1.1.13/framework/base/CApplication.php(169): CWebApplication->processRequest()
#2 /home/f7000414/public_html/index.php(17): CApplication->run()
#3 {main}
REQUEST_URI=/robots.txt
---
2025/08/30 12:26:57 [error] [exception.CHttpException.404] CHttpException: Unable to resolve the request "robots.txt". in /home/f7000414/public_html/yii-1.1.13/framework/web/CWebApplication.php:286
Stack trace:
#0 /home/f7000414/public_html/yii-1.1.13/framework/web/CWebApplication.php(141): CWebApplication->runController('robots.txt')
#1 /home/f7000414/public_html/yii-1.1.13/framework/base/CApplication.php(169): CWebApplication->processRequest()
#2 /home/f7000414/public_html/index.php(17): CApplication->run()
#3 {main}
REQUEST_URI=/robots.txt
---
2025/08/30 13:12:05 [error] [exception.CHttpException.404] CHttpException: Unable to resolve the request "robots.txt". in /home/f7000414/public_html/yii-1.1.13/framework/web/CWebApplication.php:286
Stack trace:
#0 /home/f7000414/public_html/yii-1.1.13/framework/web/CWebApplication.php(141): CWebApplication->runController('robots.txt')
#1 /home/f7000414/public_html/yii-1.1.13/framework/base/CApplication.php(169): CWebApplication->processRequest()
#2 /home/f7000414/public_html/index.php(17): CApplication->run()
#3 {main}
REQUEST_URI=/robots.txt
---
2025/08/30 13:59:23 [error] [exception.CHttpException.404] CHttpException: Unable to resolve the request "robots.txt". in /home/f7000414/public_html/yii-1.1.13/framework/web/CWebApplication.php:286
Stack trace:
#0 /home/f7000414/public_html/yii-1.1.13/framework/web/CWebApplication.php(141): CWebApplication->runController('robots.txt')
#1 /home/f7000414/public_html/yii-1.1.13/framework/base/CApplication.php(169): CWebApplication->processRequest()
#2 /home/f7000414/public_html/index.php(17): CApplication->run()
#3 {main}
REQUEST_URI=/robots.txt
---
2025/08/30 14:49:14 [error] [exception.CHttpException.404] CHttpException: Unable to resolve the request "robots.txt". in /home/f7000414/public_html/yii-1.1.13/framework/web/CWebApplication.php:286
Stack trace:
#0 /home/f7000414/public_html/yii-1.1.13/framework/web/CWebApplication.php(141): CWebApplication->runController('robots.txt')
#1 /home/f7000414/public_html/yii-1.1.13/framework/base/CApplication.php(169): CWebApplication->processRequest()
#2 /home/f7000414/public_html/index.php(17): CApplication->run()
#3 {main}
REQUEST_URI=/robots.txt
---
2025/08/30 15:11:42 [error] [exception.CHttpException.404] CHttpException: Unable to resolve the request "wordpress/wp-admin/setup-config.php". in /home/f7000414/public_html/yii-1.1.13/framework/web/CWebApplication.php:286
Stack trace:
#0 /home/f7000414/public_html/yii-1.1.13/framework/web/CWebApplication.php(141): CWebApplication->runController('wordpress/wp-ad...')
#1 /home/f7000414/public_html/yii-1.1.13/framework/base/CApplication.php(169): CWebApplication->processRequest()
#2 /home/f7000414/public_html/index.php(17): CApplication->run()
#3 {main}
REQUEST_URI=/wordpress/wp-admin/setup-config.php
---
2025/08/30 15:13:10 [error] [exception.CHttpException.404] CHttpException: Unable to resolve the request "wordpress/wp-admin/setup-config.php". in /home/f7000414/public_html/yii-1.1.13/framework/web/CWebApplication.php:286
Stack trace:
#0 /home/f7000414/public_html/yii-1.1.13/framework/web/CWebApplication.php(141): CWebApplication->runController('wordpress/wp-ad...')
#1 /home/f7000414/public_html/yii-1.1.13/framework/base/CApplication.php(169): CWebApplication->processRequest()
#2 /home/f7000414/public_html/index.php(17): CApplication->run()
#3 {main}
REQUEST_URI=/wordpress/wp-admin/setup-config.php
---
2025/08/30 15:13:53 [error] [exception.CHttpException.404] CHttpException: Unable to resolve the request "wp-admin/setup-config.php". in /home/f7000414/public_html/yii-1.1.13/framework/web/CWebApplication.php:286
Stack trace:
#0 /home/f7000414/public_html/yii-1.1.13/framework/web/CWebApplication.php(141): CWebApplication->runController('wp-admin/setup-...')
#1 /home/f7000414/public_html/yii-1.1.13/framework/base/CApplication.php(169): CWebApplication->processRequest()
#2 /home/f7000414/public_html/index.php(17): CApplication->run()
#3 {main}
REQUEST_URI=/wp-admin/setup-config.php
---
2025/08/30 15:14:52 [error] [exception.CHttpException.404] CHttpException: Unable to resolve the request "wp-admin/setup-config.php". in /home/f7000414/public_html/yii-1.1.13/framework/web/CWebApplication.php:286
Stack trace:
#0 /home/f7000414/public_html/yii-1.1.13/framework/web/CWebApplication.php(141): CWebApplication->runController('wp-admin/setup-...')
#1 /home/f7000414/public_html/yii-1.1.13/framework/base/CApplication.php(169): CWebApplication->processRequest()
#2 /home/f7000414/public_html/index.php(17): CApplication->run()
#3 {main}
REQUEST_URI=/wp-admin/setup-config.php
---
2025/08/30 16:29:59 [error] [exception.CHttpException.404] CHttpException: Unable to resolve the request "robots.txt". in /home/f7000414/public_html/yii-1.1.13/framework/web/CWebApplication.php:286
Stack trace:
#0 /home/f7000414/public_html/yii-1.1.13/framework/web/CWebApplication.php(141): CWebApplication->runController('robots.txt')
#1 /home/f7000414/public_html/yii-1.1.13/framework/base/CApplication.php(169): CWebApplication->processRequest()
#2 /home/f7000414/public_html/index.php(17): CApplication->run()
#3 {main}
REQUEST_URI=/robots.txt
---
2025/08/30 16:40:38 [error] [exception.CHttpException.404] CHttpException: Unable to resolve the request "robots.txt". in /home/f7000414/public_html/yii-1.1.13/framework/web/CWebApplication.php:286
Stack trace:
#0 /home/f7000414/public_html/yii-1.1.13/framework/web/CWebApplication.php(141): CWebApplication->runController('robots.txt')
#1 /home/f7000414/public_html/yii-1.1.13/framework/base/CApplication.php(169): CWebApplication->processRequest()
#2 /home/f7000414/public_html/index.php(17): CApplication->run()
#3 {main}
REQUEST_URI=/robots.txt
---
2025/08/30 16:40:38 [error] [exception.CHttpException.404] CHttpException: Unable to resolve the request "robots.txt". in /home/f7000414/public_html/yii-1.1.13/framework/web/CWebApplication.php:286
Stack trace:
#0 /home/f7000414/public_html/yii-1.1.13/framework/web/CWebApplication.php(141): CWebApplication->runController('robots.txt')
#1 /home/f7000414/public_html/yii-1.1.13/framework/base/CApplication.php(169): CWebApplication->processRequest()
#2 /home/f7000414/public_html/index.php(17): CApplication->run()
#3 {main}
REQUEST_URI=/robots.txt
---
2025/08/30 17:06:11 [error] [exception.CHttpException.404] CHttpException: Unable to resolve the request "robots.txt". in /home/f7000414/public_html/yii-1.1.13/framework/web/CWebApplication.php:286
Stack trace:
#0 /home/f7000414/public_html/yii-1.1.13/framework/web/CWebApplication.php(141): CWebApplication->runController('robots.txt')
#1 /home/f7000414/public_html/yii-1.1.13/framework/base/CApplication.php(169): CWebApplication->processRequest()
#2 /home/f7000414/public_html/index.php(17): CApplication->run()
#3 {main}
REQUEST_URI=/robots.txt
---
2025/08/30 17:35:36 [error] [exception.CHttpException.404] CHttpException: Unable to resolve the request "robots.txt". in /home/f7000414/public_html/yii-1.1.13/framework/web/CWebApplication.php:286
Stack trace:
#0 /home/f7000414/public_html/yii-1.1.13/framework/web/CWebApplication.php(141): CWebApplication->runController('robots.txt')
#1 /home/f7000414/public_html/yii-1.1.13/framework/base/CApplication.php(169): CWebApplication->processRequest()
#2 /home/f7000414/public_html/index.php(17): CApplication->run()
#3 {main}
REQUEST_URI=/robots.txt
---
2025/08/30 17:58:53 [error] [exception.CHttpException.404] CHttpException: Unable to resolve the request "wp-admin/setup-config.php". in /home/f7000414/public_html/yii-1.1.13/framework/web/CWebApplication.php:286
Stack trace:
#0 /home/f7000414/public_html/yii-1.1.13/framework/web/CWebApplication.php(141): CWebApplication->runController('wp-admin/setup-...')
#1 /home/f7000414/public_html/yii-1.1.13/framework/base/CApplication.php(169): CWebApplication->processRequest()
#2 /home/f7000414/public_html/index.php(17): CApplication->run()
#3 {main}
REQUEST_URI=/wp-admin/setup-config.php
---
2025/08/30 18:00:18 [error] [exception.CHttpException.404] CHttpException: Unable to resolve the request "wp-admin/setup-config.php". in /home/f7000414/public_html/yii-1.1.13/framework/web/CWebApplication.php:286
Stack trace:
#0 /home/f7000414/public_html/yii-1.1.13/framework/web/CWebApplication.php(141): CWebApplication->runController('wp-admin/setup-...')
#1 /home/f7000414/public_html/yii-1.1.13/framework/base/CApplication.php(169): CWebApplication->processRequest()
#2 /home/f7000414/public_html/index.php(17): CApplication->run()
#3 {main}
REQUEST_URI=/wp-admin/setup-config.php
---
2025/08/30 18:00:18 [error] [exception.CHttpException.404] CHttpException: Unable to resolve the request "wordpress/wp-admin/setup-config.php". in /home/f7000414/public_html/yii-1.1.13/framework/web/CWebApplication.php:286
Stack trace:
#0 /home/f7000414/public_html/yii-1.1.13/framework/web/CWebApplication.php(141): CWebApplication->runController('wordpress/wp-ad...')
#1 /home/f7000414/public_html/yii-1.1.13/framework/base/CApplication.php(169): CWebApplication->processRequest()
#2 /home/f7000414/public_html/index.php(17): CApplication->run()
#3 {main}
REQUEST_URI=/wordpress/wp-admin/setup-config.php
---
2025/08/30 18:00:43 [error] [exception.CHttpException.404] CHttpException: Unable to resolve the request "wordpress/wp-admin/setup-config.php". in /home/f7000414/public_html/yii-1.1.13/framework/web/CWebApplication.php:286
Stack trace:
#0 /home/f7000414/public_html/yii-1.1.13/framework/web/CWebApplication.php(141): CWebApplication->runController('wordpress/wp-ad...')
#1 /home/f7000414/public_html/yii-1.1.13/framework/base/CApplication.php(169): CWebApplication->processRequest()
#2 /home/f7000414/public_html/index.php(17): CApplication->run()
#3 {main}
REQUEST_URI=/wordpress/wp-admin/setup-config.php
---
2025/08/30 18:20:40 [error] [exception.CHttpException.404] CHttpException: Unable to resolve the request "robots.txt". in /home/f7000414/public_html/yii-1.1.13/framework/web/CWebApplication.php:286
Stack trace:
#0 /home/f7000414/public_html/yii-1.1.13/framework/web/CWebApplication.php(141): CWebApplication->runController('robots.txt')
#1 /home/f7000414/public_html/yii-1.1.13/framework/base/CApplication.php(169): CWebApplication->processRequest()
#2 /home/f7000414/public_html/index.php(17): CApplication->run()
#3 {main}
REQUEST_URI=/robots.txt
---
2025/08/30 19:14:28 [error] [exception.CHttpException.404] CHttpException: Unable to resolve the request "robots.txt". in /home/f7000414/public_html/yii-1.1.13/framework/web/CWebApplication.php:286
Stack trace:
#0 /home/f7000414/public_html/yii-1.1.13/framework/web/CWebApplication.php(141): CWebApplication->runController('robots.txt')
#1 /home/f7000414/public_html/yii-1.1.13/framework/base/CApplication.php(169): CWebApplication->processRequest()
#2 /home/f7000414/public_html/index.php(17): CApplication->run()
#3 {main}
REQUEST_URI=/robots.txt
---
2025/08/30 19:14:32 [error] [exception.CHttpException.404] CHttpException: Unable to resolve the request "robots.txt". in /home/f7000414/public_html/yii-1.1.13/framework/web/CWebApplication.php:286
Stack trace:
#0 /home/f7000414/public_html/yii-1.1.13/framework/web/CWebApplication.php(141): CWebApplication->runController('robots.txt')
#1 /home/f7000414/public_html/yii-1.1.13/framework/base/CApplication.php(169): CWebApplication->processRequest()
#2 /home/f7000414/public_html/index.php(17): CApplication->run()
#3 {main}
REQUEST_URI=/robots.txt
---
2025/08/30 19:30:56 [error] [exception.CHttpException.404] CHttpException: Unable to resolve the request "robots.txt". in /home/f7000414/public_html/yii-1.1.13/framework/web/CWebApplication.php:286
Stack trace:
#0 /home/f7000414/public_html/yii-1.1.13/framework/web/CWebApplication.php(141): CWebApplication->runController('robots.txt')
#1 /home/f7000414/public_html/yii-1.1.13/framework/base/CApplication.php(169): CWebApplication->processRequest()
#2 /home/f7000414/public_html/index.php(17): CApplication->run()
#3 {main}
REQUEST_URI=/robots.txt
---
2025/08/30 19:30:59 [error] [exception.CHttpException.404] CHttpException: Unable to resolve the request "ads.txt". in /home/f7000414/public_html/yii-1.1.13/framework/web/CWebApplication.php:286
Stack trace:
#0 /home/f7000414/public_html/yii-1.1.13/framework/web/CWebApplication.php(141): CWebApplication->runController('ads.txt')
#1 /home/f7000414/public_html/yii-1.1.13/framework/base/CApplication.php(169): CWebApplication->processRequest()
#2 /home/f7000414/public_html/index.php(17): CApplication->run()
#3 {main}
REQUEST_URI=/ads.txt
---
2025/08/30 20:40:51 [error] [exception.CHttpException.404] CHttpException: Unable to resolve the request "robots.txt". in /home/f7000414/public_html/yii-1.1.13/framework/web/CWebApplication.php:286
Stack trace:
#0 /home/f7000414/public_html/yii-1.1.13/framework/web/CWebApplication.php(141): CWebApplication->runController('robots.txt')
#1 /home/f7000414/public_html/yii-1.1.13/framework/base/CApplication.php(169): CWebApplication->processRequest()
#2 /home/f7000414/public_html/index.php(17): CApplication->run()
#3 {main}
REQUEST_URI=/robots.txt
---
2025/08/30 22:50:32 [error] [exception.CHttpException.404] CHttpException: Unable to resolve the request "robots.txt". in /home/f7000414/public_html/yii-1.1.13/framework/web/CWebApplication.php:286
Stack trace:
#0 /home/f7000414/public_html/yii-1.1.13/framework/web/CWebApplication.php(141): CWebApplication->runController('robots.txt')
#1 /home/f7000414/public_html/yii-1.1.13/framework/base/CApplication.php(169): CWebApplication->processRequest()
#2 /home/f7000414/public_html/index.php(17): CApplication->run()
#3 {main}
REQUEST_URI=/robots.txt
---
2025/08/30 23:25:48 [error] [exception.CHttpException.404] CHttpException: Unable to resolve the request "index.html". in /home/f7000414/public_html/yii-1.1.13/framework/web/CWebApplication.php:286
Stack trace:
#0 /home/f7000414/public_html/yii-1.1.13/framework/web/CWebApplication.php(141): CWebApplication->runController('index.html')
#1 /home/f7000414/public_html/yii-1.1.13/framework/base/CApplication.php(169): CWebApplication->processRequest()
#2 /home/f7000414/public_html/index.php(17): CApplication->run()
#3 {main}
REQUEST_URI=/index.html
---
2025/08/31 00:04:01 [error] [exception.CHttpException.404] CHttpException: Unable to resolve the request "robots.txt". in /home/f7000414/public_html/yii-1.1.13/framework/web/CWebApplication.php:286
Stack trace:
#0 /home/f7000414/public_html/yii-1.1.13/framework/web/CWebApplication.php(141): CWebApplication->runController('robots.txt')
#1 /home/f7000414/public_html/yii-1.1.13/framework/base/CApplication.php(169): CWebApplication->processRequest()
#2 /home/f7000414/public_html/index.php(17): CApplication->run()
#3 {main}
REQUEST_URI=/robots.txt
---
2025/08/31 00:04:02 [error] [exception.CHttpException.404] CHttpException: The system is unable to find the requested action "articulos". in /home/f7000414/public_html/yii-1.1.13/framework/web/CController.php:483
Stack trace:
#0 /home/f7000414/public_html/yii-1.1.13/framework/web/CController.php(270): CController->missingAction('articulos')
#1 /home/f7000414/public_html/yii-1.1.13/framework/web/CWebApplication.php(282): CController->run('articulos')
#2 /home/f7000414/public_html/yii-1.1.13/framework/web/CWebApplication.php(141): CWebApplication->runController('tips/articulos/...')
#3 /home/f7000414/public_html/yii-1.1.13/framework/base/CApplication.php(169): CWebApplication->processRequest()
#4 /home/f7000414/public_html/index.php(17): CApplication->run()
#5 {main}
REQUEST_URI=/tips/articulos/view/5
---
2025/08/31 01:04:51 [error] [exception.CHttpException.404] CHttpException: Unable to resolve the request "robots.txt". in /home/f7000414/public_html/yii-1.1.13/framework/web/CWebApplication.php:286
Stack trace:
#0 /home/f7000414/public_html/yii-1.1.13/framework/web/CWebApplication.php(141): CWebApplication->runController('robots.txt')
#1 /home/f7000414/public_html/yii-1.1.13/framework/base/CApplication.php(169): CWebApplication->processRequest()
#2 /home/f7000414/public_html/index.php(17): CApplication->run()
#3 {main}
REQUEST_URI=/robots.txt
---
2025/08/31 01:04:52 [error] [exception.CHttpException.404] CHttpException: Unable to resolve the request "index.html". in /home/f7000414/public_html/yii-1.1.13/framework/web/CWebApplication.php:286
Stack trace:
#0 /home/f7000414/public_html/yii-1.1.13/framework/web/CWebApplication.php(141): CWebApplication->runController('index.html')
#1 /home/f7000414/public_html/yii-1.1.13/framework/base/CApplication.php(169): CWebApplication->processRequest()
#2 /home/f7000414/public_html/index.php(17): CApplication->run()
#3 {main}
REQUEST_URI=/index.html
---
2025/08/31 01:08:50 [error] [exception.CHttpException.404] CHttpException: Unable to resolve the request "robots.txt". in /home/f7000414/public_html/yii-1.1.13/framework/web/CWebApplication.php:286
Stack trace:
#0 /home/f7000414/public_html/yii-1.1.13/framework/web/CWebApplication.php(141): CWebApplication->runController('robots.txt')
#1 /home/f7000414/public_html/yii-1.1.13/framework/base/CApplication.php(169): CWebApplication->processRequest()
#2 /home/f7000414/public_html/index.php(17): CApplication->run()
#3 {main}
REQUEST_URI=/robots.txt
---
2025/08/31 01:08:52 [error] [exception.CHttpException.404] CHttpException: Unable to resolve the request "robots.txt". in /home/f7000414/public_html/yii-1.1.13/framework/web/CWebApplication.php:286
Stack trace:
#0 /home/f7000414/public_html/yii-1.1.13/framework/web/CWebApplication.php(141): CWebApplication->runController('robots.txt')
#1 /home/f7000414/public_html/yii-1.1.13/framework/base/CApplication.php(169): CWebApplication->processRequest()
#2 /home/f7000414/public_html/index.php(17): CApplication->run()
#3 {main}
REQUEST_URI=/robots.txt
---
2025/08/31 02:58:36 [error] [exception.CHttpException.404] CHttpException: Unable to resolve the request "robots.txt". in /home/f7000414/public_html/yii-1.1.13/framework/web/CWebApplication.php:286
Stack trace:
#0 /home/f7000414/public_html/yii-1.1.13/framework/web/CWebApplication.php(141): CWebApplication->runController('robots.txt')
#1 /home/f7000414/public_html/yii-1.1.13/framework/base/CApplication.php(169): CWebApplication->processRequest()
#2 /home/f7000414/public_html/index.php(17): CApplication->run()
#3 {main}
REQUEST_URI=/robots.txt
---
2025/08/31 02:59:49 [error] [exception.CHttpException.404] CHttpException: Unable to resolve the request "robots.txt". in /home/f7000414/public_html/yii-1.1.13/framework/web/CWebApplication.php:286
Stack trace:
#0 /home/f7000414/public_html/yii-1.1.13/framework/web/CWebApplication.php(141): CWebApplication->runController('robots.txt')
#1 /home/f7000414/public_html/yii-1.1.13/framework/base/CApplication.php(169): CWebApplication->processRequest()
#2 /home/f7000414/public_html/index.php(17): CApplication->run()
#3 {main}
REQUEST_URI=/robots.txt
---
2025/08/31 03:22:28 [error] [exception.CHttpException.404] CHttpException: Unable to resolve the request "wordpress/wp-admin/setup-config.php". in /home/f7000414/public_html/yii-1.1.13/framework/web/CWebApplication.php:286
Stack trace:
#0 /home/f7000414/public_html/yii-1.1.13/framework/web/CWebApplication.php(141): CWebApplication->runController('wordpress/wp-ad...')
#1 /home/f7000414/public_html/yii-1.1.13/framework/base/CApplication.php(169): CWebApplication->processRequest()
#2 /home/f7000414/public_html/index.php(17): CApplication->run()
#3 {main}
REQUEST_URI=/wordpress/wp-admin/setup-config.php
---
2025/08/31 03:22:37 [error] [exception.CHttpException.404] CHttpException: Unable to resolve the request "wordpress/wp-admin/setup-config.php". in /home/f7000414/public_html/yii-1.1.13/framework/web/CWebApplication.php:286
Stack trace:
#0 /home/f7000414/public_html/yii-1.1.13/framework/web/CWebApplication.php(141): CWebApplication->runController('wordpress/wp-ad...')
#1 /home/f7000414/public_html/yii-1.1.13/framework/base/CApplication.php(169): CWebApplication->processRequest()
#2 /home/f7000414/public_html/index.php(17): CApplication->run()
#3 {main}
REQUEST_URI=/wordpress/wp-admin/setup-config.php
---
2025/08/31 03:23:31 [error] [exception.CHttpException.404] CHttpException: Unable to resolve the request "wp-admin/setup-config.php". in /home/f7000414/public_html/yii-1.1.13/framework/web/CWebApplication.php:286
Stack trace:
#0 /home/f7000414/public_html/yii-1.1.13/framework/web/CWebApplication.php(141): CWebApplication->runController('wp-admin/setup-...')
#1 /home/f7000414/public_html/yii-1.1.13/framework/base/CApplication.php(169): CWebApplication->processRequest()
#2 /home/f7000414/public_html/index.php(17): CApplication->run()
#3 {main}
REQUEST_URI=/wp-admin/setup-config.php
---
2025/08/31 03:23:36 [error] [exception.CHttpException.404] CHttpException: Unable to resolve the request "wp-admin/setup-config.php". in /home/f7000414/public_html/yii-1.1.13/framework/web/CWebApplication.php:286
Stack trace:
#0 /home/f7000414/public_html/yii-1.1.13/framework/web/CWebApplication.php(141): CWebApplication->runController('wp-admin/setup-...')
#1 /home/f7000414/public_html/yii-1.1.13/framework/base/CApplication.php(169): CWebApplication->processRequest()
#2 /home/f7000414/public_html/index.php(17): CApplication->run()
#3 {main}
REQUEST_URI=/wp-admin/setup-config.php
---
2025/08/31 04:23:17 [error] [exception.CHttpException.404] CHttpException: Unable to resolve the request "robots.txt". in /home/f7000414/public_html/yii-1.1.13/framework/web/CWebApplication.php:286
Stack trace:
#0 /home/f7000414/public_html/yii-1.1.13/framework/web/CWebApplication.php(141): CWebApplication->runController('robots.txt')
#1 /home/f7000414/public_html/yii-1.1.13/framework/base/CApplication.php(169): CWebApplication->processRequest()
#2 /home/f7000414/public_html/index.php(17): CApplication->run()
#3 {main}
REQUEST_URI=/robots.txt
---
2025/08/31 04:36:01 [error] [exception.CHttpException.404] CHttpException: Unable to resolve the request "robots.txt". in /home/f7000414/public_html/yii-1.1.13/framework/web/CWebApplication.php:286
Stack trace:
#0 /home/f7000414/public_html/yii-1.1.13/framework/web/CWebApplication.php(141): CWebApplication->runController('robots.txt')
#1 /home/f7000414/public_html/yii-1.1.13/framework/base/CApplication.php(169): CWebApplication->processRequest()
#2 /home/f7000414/public_html/index.php(17): CApplication->run()
#3 {main}
REQUEST_URI=/robots.txt
---
2025/08/31 05:17:25 [error] [exception.CHttpException.404] CHttpException: The system is unable to find the requested action "articulos". in /home/f7000414/public_html/yii-1.1.13/framework/web/CController.php:483
Stack trace:
#0 /home/f7000414/public_html/yii-1.1.13/framework/web/CController.php(270): CController->missingAction('articulos')
#1 /home/f7000414/public_html/yii-1.1.13/framework/web/CWebApplication.php(282): CController->run('articulos')
#2 /home/f7000414/public_html/yii-1.1.13/framework/web/CWebApplication.php(141): CWebApplication->runController('tips/articulos/...')
#3 /home/f7000414/public_html/yii-1.1.13/framework/base/CApplication.php(169): CWebApplication->processRequest()
#4 /home/f7000414/public_html/index.php(17): CApplication->run()
#5 {main}
REQUEST_URI=/tips/articulos/view/5
---
2025/08/31 05:17:28 [error] [exception.CHttpException.404] CHttpException: Unable to resolve the request "a". in /home/f7000414/public_html/yii-1.1.13/framework/web/CWebApplication.php:286
Stack trace:
#0 /home/f7000414/public_html/yii-1.1.13/framework/web/CWebApplication.php(141): CWebApplication->runController('a')
#1 /home/f7000414/public_html/yii-1.1.13/framework/base/CApplication.php(169): CWebApplication->processRequest()
#2 /home/f7000414/public_html/index.php(17): CApplication->run()
#3 {main}
REQUEST_URI=/a
---
2025/08/31 05:17:29 [error] [exception.CHttpException.404] CHttpException: Unable to resolve the request "themes/w8admin/js/jquery.min.map". in /home/f7000414/public_html/yii-1.1.13/framework/web/CWebApplication.php:286
Stack trace:
#0 /home/f7000414/public_html/yii-1.1.13/framework/web/CWebApplication.php(141): CWebApplication->runController('themes/w8admin/...')
#1 /home/f7000414/public_html/yii-1.1.13/framework/base/CApplication.php(169): CWebApplication->processRequest()
#2 /home/f7000414/public_html/index.php(17): CApplication->run()
#3 {main}
REQUEST_URI=/themes/w8admin/js/jquery.min.map
---
2025/08/31 05:17:54 [error] [exception.CHttpException.404] CHttpException: Unable to resolve the request "themes/w8admin/css/prev-vertical.png". in /home/f7000414/public_html/yii-1.1.13/framework/web/CWebApplication.php:286
Stack trace:
#0 /home/f7000414/public_html/yii-1.1.13/framework/web/CWebApplication.php(141): CWebApplication->runController('themes/w8admin/...')
#1 /home/f7000414/public_html/yii-1.1.13/framework/base/CApplication.php(169): CWebApplication->processRequest()
#2 /home/f7000414/public_html/index.php(17): CApplication->run()
#3 {main}
REQUEST_URI=/themes/w8admin/css/prev-vertical.png
---
2025/08/31 05:17:55 [error] [exception.CHttpException.404] CHttpException: Unable to resolve the request "themes/w8admin/css/prev-horizontal.png". in /home/f7000414/public_html/yii-1.1.13/framework/web/CWebApplication.php:286
Stack trace:
#0 /home/f7000414/public_html/yii-1.1.13/framework/web/CWebApplication.php(141): CWebApplication->runController('themes/w8admin/...')
#1 /home/f7000414/public_html/yii-1.1.13/framework/base/CApplication.php(169): CWebApplication->processRequest()
#2 /home/f7000414/public_html/index.php(17): CApplication->run()
#3 {main}
REQUEST_URI=/themes/w8admin/css/prev-horizontal.png
---
2025/08/31 05:17:57 [error] [exception.CHttpException.404] CHttpException: Unable to resolve the request "themes/w8admin/css/next-vertical.png". in /home/f7000414/public_html/yii-1.1.13/framework/web/CWebApplication.php:286
Stack trace:
#0 /home/f7000414/public_html/yii-1.1.13/framework/web/CWebApplication.php(141): CWebApplication->runController('themes/w8admin/...')
#1 /home/f7000414/public_html/yii-1.1.13/framework/base/CApplication.php(169): CWebApplication->processRequest()
#2 /home/f7000414/public_html/index.php(17): CApplication->run()
#3 {main}
REQUEST_URI=/themes/w8admin/css/next-vertical.png
---
2025/08/31 05:17:58 [error] [exception.CHttpException.404] CHttpException: Unable to resolve the request "themes/w8admin/css/next-horizontal.png". in /home/f7000414/public_html/yii-1.1.13/framework/web/CWebApplication.php:286
Stack trace:
#0 /home/f7000414/public_html/yii-1.1.13/framework/web/CWebApplication.php(141): CWebApplication->runController('themes/w8admin/...')
#1 /home/f7000414/public_html/yii-1.1.13/framework/base/CApplication.php(169): CWebApplication->processRequest()
#2 /home/f7000414/public_html/index.php(17): CApplication->run()
#3 {main}
REQUEST_URI=/themes/w8admin/css/next-horizontal.png
---
2025/08/31 05:18:18 [error] [exception.CHttpException.404] CHttpException: Unable to resolve the request "themes/w8admin/css/imagenes0800/seleccion/img_gal_2.jpg". in /home/f7000414/public_html/yii-1.1.13/framework/web/CWebApplication.php:286
Stack trace:
#0 /home/f7000414/public_html/yii-1.1.13/framework/web/CWebApplication.php(141): CWebApplication->runController('themes/w8admin/...')
#1 /home/f7000414/public_html/yii-1.1.13/framework/base/CApplication.php(169): CWebApplication->processRequest()
#2 /home/f7000414/public_html/index.php(17): CApplication->run()
#3 {main}
REQUEST_URI=/themes/w8admin/css/imagenes0800/seleccion/img_gal_2.jpg
---
2025/08/31 05:18:19 [error] [exception.CHttpException.404] CHttpException: Unable to resolve the request "themes/w8admin/css/imagenes0800/seleccion/img_gal_3.jpg". in /home/f7000414/public_html/yii-1.1.13/framework/web/CWebApplication.php:286
Stack trace:
#0 /home/f7000414/public_html/yii-1.1.13/framework/web/CWebApplication.php(141): CWebApplication->runController('themes/w8admin/...')
#1 /home/f7000414/public_html/yii-1.1.13/framework/base/CApplication.php(169): CWebApplication->processRequest()
#2 /home/f7000414/public_html/index.php(17): CApplication->run()
#3 {main}
REQUEST_URI=/themes/w8admin/css/imagenes0800/seleccion/img_gal_3.jpg
---
2025/08/31 05:18:20 [error] [exception.CHttpException.404] CHttpException: Unable to resolve the request "themes/w8admin/css/imagenes0800/seleccion/img_gal_5.jpg". in /home/f7000414/public_html/yii-1.1.13/framework/web/CWebApplication.php:286
Stack trace:
#0 /home/f7000414/public_html/yii-1.1.13/framework/web/CWebApplication.php(141): CWebApplication->runController('themes/w8admin/...')
#1 /home/f7000414/public_html/yii-1.1.13/framework/base/CApplication.php(169): CWebApplication->processRequest()
#2 /home/f7000414/public_html/index.php(17): CApplication->run()
#3 {main}
REQUEST_URI=/themes/w8admin/css/imagenes0800/seleccion/img_gal_5.jpg
---
2025/08/31 05:18:21 [error] [exception.CHttpException.404] CHttpException: Unable to resolve the request "themes/w8admin/css/imagenes0800/seleccion/img_gal_1.jpg". in /home/f7000414/public_html/yii-1.1.13/framework/web/CWebApplication.php:286
Stack trace:
#0 /home/f7000414/public_html/yii-1.1.13/framework/web/CWebApplication.php(141): CWebApplication->runController('themes/w8admin/...')
#1 /home/f7000414/public_html/yii-1.1.13/framework/base/CApplication.php(169): CWebApplication->processRequest()
#2 /home/f7000414/public_html/index.php(17): CApplication->run()
#3 {main}
REQUEST_URI=/themes/w8admin/css/imagenes0800/seleccion/img_gal_1.jpg
---
2025/08/31 05:18:23 [error] [exception.CHttpException.404] CHttpException: Unable to resolve the request "themes/w8admin/css/imagenes0800/seleccion/img_gal_4.jpg". in /home/f7000414/public_html/yii-1.1.13/framework/web/CWebApplication.php:286
Stack trace:
#0 /home/f7000414/public_html/yii-1.1.13/framework/web/CWebApplication.php(141): CWebApplication->runController('themes/w8admin/...')
#1 /home/f7000414/public_html/yii-1.1.13/framework/base/CApplication.php(169): CWebApplication->processRequest()
#2 /home/f7000414/public_html/index.php(17): CApplication->run()
#3 {main}
REQUEST_URI=/themes/w8admin/css/imagenes0800/seleccion/img_gal_4.jpg
---
2025/08/31 05:18:24 [error] [exception.CHttpException.404] CHttpException: Unable to resolve the request "themes/w8admin/css/imagenes0800/seleccion/imagen_galeria_proyectos_seleccion.jpg". in /home/f7000414/public_html/yii-1.1.13/framework/web/CWebApplication.php:286
Stack trace:
#0 /home/f7000414/public_html/yii-1.1.13/framework/web/CWebApplication.php(141): CWebApplication->runController('themes/w8admin/...')
#1 /home/f7000414/public_html/yii-1.1.13/framework/base/CApplication.php(169): CWebApplication->processRequest()
#2 /home/f7000414/public_html/index.php(17): CApplication->run()
#3 {main}
REQUEST_URI=/themes/w8admin/css/imagenes0800/seleccion/imagen_galeria_proyectos_seleccion.jpg
---
2025/08/31 05:18:25 [error] [exception.CHttpException.404] CHttpException: Unable to resolve the request "themes/w8admin/css/imagenes_admin/materiales/puertas/02 vertical amortiguado/02selec.jpg". in /home/f7000414/public_html/yii-1.1.13/framework/web/CWebApplication.php:286
Stack trace:
#0 /home/f7000414/public_html/yii-1.1.13/framework/web/CWebApplication.php(141): CWebApplication->runController('themes/w8admin/...')
#1 /home/f7000414/public_html/yii-1.1.13/framework/base/CApplication.php(169): CWebApplication->processRequest()
#2 /home/f7000414/public_html/index.php(17): CApplication->run()
#3 {main}
REQUEST_URI=/themes/w8admin/css/imagenes_admin/materiales/puertas/02%20vertical%20amortiguado/02selec.jpg
---
2025/08/31 05:18:26 [error] [exception.CHttpException.404] CHttpException: Unable to resolve the request "themes/w8admin/css/imagenes_admin/materiales/puertas/02 vertical amortiguado/02selecon.jpg". in /home/f7000414/public_html/yii-1.1.13/framework/web/CWebApplication.php:286
Stack trace:
#0 /home/f7000414/public_html/yii-1.1.13/framework/web/CWebApplication.php(141): CWebApplication->runController('themes/w8admin/...')
#1 /home/f7000414/public_html/yii-1.1.13/framework/base/CApplication.php(169): CWebApplication->processRequest()
#2 /home/f7000414/public_html/index.php(17): CApplication->run()
#3 {main}
REQUEST_URI=/themes/w8admin/css/imagenes_admin/materiales/puertas/02%20vertical%20amortiguado/02selecon.jpg
---
2025/08/31 05:18:27 [error] [exception.CHttpException.404] CHttpException: Unable to resolve the request "themes/w8admin/css/imagenes_admin/materiales/puertas/06 horizontal vertical/06selecon.jpg". in /home/f7000414/public_html/yii-1.1.13/framework/web/CWebApplication.php:286
Stack trace:
#0 /home/f7000414/public_html/yii-1.1.13/framework/web/CWebApplication.php(141): CWebApplication->runController('themes/w8admin/...')
#1 /home/f7000414/public_html/yii-1.1.13/framework/base/CApplication.php(169): CWebApplication->processRequest()
#2 /home/f7000414/public_html/index.php(17): CApplication->run()
#3 {main}
REQUEST_URI=/themes/w8admin/css/imagenes_admin/materiales/puertas/06%20horizontal%20vertical/06selecon.jpg
---
2025/08/31 05:18:28 [error] [exception.CHttpException.404] CHttpException: Unable to resolve the request "themes/w8admin/imagenes0800/seleccion/imagen2_selec_nov_art.jpg". in /home/f7000414/public_html/yii-1.1.13/framework/web/CWebApplication.php:286
Stack trace:
#0 /home/f7000414/public_html/yii-1.1.13/framework/web/CWebApplication.php(141): CWebApplication->runController('themes/w8admin/...')
#1 /home/f7000414/public_html/yii-1.1.13/framework/base/CApplication.php(169): CWebApplication->processRequest()
#2 /home/f7000414/public_html/index.php(17): CApplication->run()
#3 {main}
REQUEST_URI=/themes/w8admin/imagenes0800/seleccion/imagen2_selec_nov_art.jpg
---
2025/08/31 05:18:29 [error] [exception.CHttpException.404] CHttpException: Unable to resolve the request "themes/w8admin/css/imagenes_admin/materiales/puertas/06 horizontal vertical/06selec.jpg". in /home/f7000414/public_html/yii-1.1.13/framework/web/CWebApplication.php:286
Stack trace:
#0 /home/f7000414/public_html/yii-1.1.13/framework/web/CWebApplication.php(141): CWebApplication->runController('themes/w8admin/...')
#1 /home/f7000414/public_html/yii-1.1.13/framework/base/CApplication.php(169): CWebApplication->processRequest()
#2 /home/f7000414/public_html/index.php(17): CApplication->run()
#3 {main}
REQUEST_URI=/themes/w8admin/css/imagenes_admin/materiales/puertas/06%20horizontal%20vertical/06selec.jpg
---
2025/08/31 05:50:00 [error] [exception.CHttpException.404] CHttpException: Unable to resolve the request "robots.txt". in /home/f7000414/public_html/yii-1.1.13/framework/web/CWebApplication.php:286
Stack trace:
#0 /home/f7000414/public_html/yii-1.1.13/framework/web/CWebApplication.php(141): CWebApplication->runController('robots.txt')
#1 /home/f7000414/public_html/yii-1.1.13/framework/base/CApplication.php(169): CWebApplication->processRequest()
#2 /home/f7000414/public_html/index.php(17): CApplication->run()
#3 {main}
REQUEST_URI=/robots.txt
---
2025/08/31 06:29:55 [error] [exception.CHttpException.404] CHttpException: Unable to resolve the request "robots.txt". in /home/f7000414/public_html/yii-1.1.13/framework/web/CWebApplication.php:286
Stack trace:
#0 /home/f7000414/public_html/yii-1.1.13/framework/web/CWebApplication.php(141): CWebApplication->runController('robots.txt')
#1 /home/f7000414/public_html/yii-1.1.13/framework/base/CApplication.php(169): CWebApplication->processRequest()
#2 /home/f7000414/public_html/index.php(17): CApplication->run()
#3 {main}
REQUEST_URI=/robots.txt
---
2025/08/31 07:46:43 [error] [exception.CHttpException.404] CHttpException: Unable to resolve the request "robots.txt". in /home/f7000414/public_html/yii-1.1.13/framework/web/CWebApplication.php:286
Stack trace:
#0 /home/f7000414/public_html/yii-1.1.13/framework/web/CWebApplication.php(141): CWebApplication->runController('robots.txt')
#1 /home/f7000414/public_html/yii-1.1.13/framework/base/CApplication.php(169): CWebApplication->processRequest()
#2 /home/f7000414/public_html/index.php(17): CApplication->run()
#3 {main}
REQUEST_URI=/robots.txt
---
2025/08/31 08:16:57 [error] [exception.CHttpException.404] CHttpException: Unable to resolve the request "robots.txt". in /home/f7000414/public_html/yii-1.1.13/framework/web/CWebApplication.php:286
Stack trace:
#0 /home/f7000414/public_html/yii-1.1.13/framework/web/CWebApplication.php(141): CWebApplication->runController('robots.txt')
#1 /home/f7000414/public_html/yii-1.1.13/framework/base/CApplication.php(169): CWebApplication->processRequest()
#2 /home/f7000414/public_html/index.php(17): CApplication->run()
#3 {main}
REQUEST_URI=/robots.txt
---
2025/08/31 08:48:02 [error] [exception.CHttpException.404] CHttpException: Unable to resolve the request "robots.txt". in /home/f7000414/public_html/yii-1.1.13/framework/web/CWebApplication.php:286
Stack trace:
#0 /home/f7000414/public_html/yii-1.1.13/framework/web/CWebApplication.php(141): CWebApplication->runController('robots.txt')
#1 /home/f7000414/public_html/yii-1.1.13/framework/base/CApplication.php(169): CWebApplication->processRequest()
#2 /home/f7000414/public_html/index.php(17): CApplication->run()
#3 {main}
REQUEST_URI=/robots.txt
---
2025/08/31 09:26:24 [error] [exception.CHttpException.404] CHttpException: Unable to resolve the request "robots.txt". in /home/f7000414/public_html/yii-1.1.13/framework/web/CWebApplication.php:286
Stack trace:
#0 /home/f7000414/public_html/yii-1.1.13/framework/web/CWebApplication.php(141): CWebApplication->runController('robots.txt')
#1 /home/f7000414/public_html/yii-1.1.13/framework/base/CApplication.php(169): CWebApplication->processRequest()
#2 /home/f7000414/public_html/index.php(17): CApplication->run()
#3 {main}
REQUEST_URI=/robots.txt
---
2025/08/31 09:54:38 [error] [exception.CHttpException.404] CHttpException: Unable to resolve the request "wordpress/wp-admin/setup-config.php". in /home/f7000414/public_html/yii-1.1.13/framework/web/CWebApplication.php:286
Stack trace:
#0 /home/f7000414/public_html/yii-1.1.13/framework/web/CWebApplication.php(141): CWebApplication->runController('wordpress/wp-ad...')
#1 /home/f7000414/public_html/yii-1.1.13/framework/base/CApplication.php(169): CWebApplication->processRequest()
#2 /home/f7000414/public_html/index.php(17): CApplication->run()
#3 {main}
REQUEST_URI=/wordpress/wp-admin/setup-config.php
---
2025/08/31 09:56:14 [error] [exception.CHttpException.404] CHttpException: Unable to resolve the request "wp-admin/setup-config.php". in /home/f7000414/public_html/yii-1.1.13/framework/web/CWebApplication.php:286
Stack trace:
#0 /home/f7000414/public_html/yii-1.1.13/framework/web/CWebApplication.php(141): CWebApplication->runController('wp-admin/setup-...')
#1 /home/f7000414/public_html/yii-1.1.13/framework/base/CApplication.php(169): CWebApplication->processRequest()
#2 /home/f7000414/public_html/index.php(17): CApplication->run()
#3 {main}
REQUEST_URI=/wp-admin/setup-config.php
---
2025/08/31 09:58:25 [error] [exception.CHttpException.404] CHttpException: Unable to resolve the request "wp-admin/setup-config.php". in /home/f7000414/public_html/yii-1.1.13/framework/web/CWebApplication.php:286
Stack trace:
#0 /home/f7000414/public_html/yii-1.1.13/framework/web/CWebApplication.php(141): CWebApplication->runController('wp-admin/setup-...')
#1 /home/f7000414/public_html/yii-1.1.13/framework/base/CApplication.php(169): CWebApplication->processRequest()
#2 /home/f7000414/public_html/index.php(17): CApplication->run()
#3 {main}
REQUEST_URI=/wp-admin/setup-config.php
---
2025/08/31 09:58:52 [error] [exception.CHttpException.404] CHttpException: Unable to resolve the request "wordpress/wp-admin/setup-config.php". in /home/f7000414/public_html/yii-1.1.13/framework/web/CWebApplication.php:286
Stack trace:
#0 /home/f7000414/public_html/yii-1.1.13/framework/web/CWebApplication.php(141): CWebApplication->runController('wordpress/wp-ad...')
#1 /home/f7000414/public_html/yii-1.1.13/framework/base/CApplication.php(169): CWebApplication->processRequest()
#2 /home/f7000414/public_html/index.php(17): CApplication->run()
#3 {main}
REQUEST_URI=/wordpress/wp-admin/setup-config.php
---
2025/08/31 10:06:25 [error] [exception.CHttpException.404] CHttpException: Unable to resolve the request "robots.txt". in /home/f7000414/public_html/yii-1.1.13/framework/web/CWebApplication.php:286
Stack trace:
#0 /home/f7000414/public_html/yii-1.1.13/framework/web/CWebApplication.php(141): CWebApplication->runController('robots.txt')
#1 /home/f7000414/public_html/yii-1.1.13/framework/base/CApplication.php(169): CWebApplication->processRequest()
#2 /home/f7000414/public_html/index.php(17): CApplication->run()
#3 {main}
REQUEST_URI=/robots.txt
---
2025/08/31 10:22:45 [error] [exception.CHttpException.404] CHttpException: Unable to resolve the request "robots.txt". in /home/f7000414/public_html/yii-1.1.13/framework/web/CWebApplication.php:286
Stack trace:
#0 /home/f7000414/public_html/yii-1.1.13/framework/web/CWebApplication.php(141): CWebApplication->runController('robots.txt')
#1 /home/f7000414/public_html/yii-1.1.13/framework/base/CApplication.php(169): CWebApplication->processRequest()
#2 /home/f7000414/public_html/index.php(17): CApplication->run()
#3 {main}
REQUEST_URI=/robots.txt
---
2025/08/31 10:22:46 [error] [exception.CHttpException.404] CHttpException: Unable to resolve the request "ads.txt". in /home/f7000414/public_html/yii-1.1.13/framework/web/CWebApplication.php:286
Stack trace:
#0 /home/f7000414/public_html/yii-1.1.13/framework/web/CWebApplication.php(141): CWebApplication->runController('ads.txt')
#1 /home/f7000414/public_html/yii-1.1.13/framework/base/CApplication.php(169): CWebApplication->processRequest()
#2 /home/f7000414/public_html/index.php(17): CApplication->run()
#3 {main}
REQUEST_URI=/ads.txt
---
2025/08/31 11:10:41 [error] [exception.CHttpException.404] CHttpException: Unable to resolve the request "robots.txt". in /home/f7000414/public_html/yii-1.1.13/framework/web/CWebApplication.php:286
Stack trace:
#0 /home/f7000414/public_html/yii-1.1.13/framework/web/CWebApplication.php(141): CWebApplication->runController('robots.txt')
#1 /home/f7000414/public_html/yii-1.1.13/framework/base/CApplication.php(169): CWebApplication->processRequest()
#2 /home/f7000414/public_html/index.php(17): CApplication->run()
#3 {main}
REQUEST_URI=/robots.txt
---
2025/08/31 11:10:42 [error] [exception.CHttpException.404] CHttpException: Unable to resolve the request "robots.txt". in /home/f7000414/public_html/yii-1.1.13/framework/web/CWebApplication.php:286
Stack trace:
#0 /home/f7000414/public_html/yii-1.1.13/framework/web/CWebApplication.php(141): CWebApplication->runController('robots.txt')
#1 /home/f7000414/public_html/yii-1.1.13/framework/base/CApplication.php(169): CWebApplication->processRequest()
#2 /home/f7000414/public_html/index.php(17): CApplication->run()
#3 {main}
REQUEST_URI=/robots.txt
---
2025/08/31 11:30:44 [error] [exception.CHttpException.404] CHttpException: Unable to resolve the request "robots.txt". in /home/f7000414/public_html/yii-1.1.13/framework/web/CWebApplication.php:286
Stack trace:
#0 /home/f7000414/public_html/yii-1.1.13/framework/web/CWebApplication.php(141): CWebApplication->runController('robots.txt')
#1 /home/f7000414/public_html/yii-1.1.13/framework/base/CApplication.php(169): CWebApplication->processRequest()
#2 /home/f7000414/public_html/index.php(17): CApplication->run()
#3 {main}
REQUEST_URI=/robots.txt
---
2025/08/31 11:44:36 [error] [exception.CHttpException.404] CHttpException: Unable to resolve the request "robots.txt". in /home/f7000414/public_html/yii-1.1.13/framework/web/CWebApplication.php:286
Stack trace:
#0 /home/f7000414/public_html/yii-1.1.13/framework/web/CWebApplication.php(141): CWebApplication->runController('robots.txt')
#1 /home/f7000414/public_html/yii-1.1.13/framework/base/CApplication.php(169): CWebApplication->processRequest()
#2 /home/f7000414/public_html/index.php(17): CApplication->run()
#3 {main}
REQUEST_URI=/robots.txt
---
2025/08/31 12:20:49 [error] [exception.CHttpException.404] CHttpException: Unable to resolve the request "robots.txt". in /home/f7000414/public_html/yii-1.1.13/framework/web/CWebApplication.php:286
Stack trace:
#0 /home/f7000414/public_html/yii-1.1.13/framework/web/CWebApplication.php(141): CWebApplication->runController('robots.txt')
#1 /home/f7000414/public_html/yii-1.1.13/framework/base/CApplication.php(169): CWebApplication->processRequest()
#2 /home/f7000414/public_html/index.php(17): CApplication->run()
#3 {main}
REQUEST_URI=/robots.txt
---
2025/08/31 13:00:14 [error] [exception.CHttpException.404] CHttpException: Unable to resolve the request "robots.txt". in /home/f7000414/public_html/yii-1.1.13/framework/web/CWebApplication.php:286
Stack trace:
#0 /home/f7000414/public_html/yii-1.1.13/framework/web/CWebApplication.php(141): CWebApplication->runController('robots.txt')
#1 /home/f7000414/public_html/yii-1.1.13/framework/base/CApplication.php(169): CWebApplication->processRequest()
#2 /home/f7000414/public_html/index.php(17): CApplication->run()
#3 {main}
REQUEST_URI=/robots.txt
---
2025/08/31 13:11:50 [error] [exception.CHttpException.404] CHttpException: Unable to resolve the request "wordpress". in /home/f7000414/public_html/yii-1.1.13/framework/web/CWebApplication.php:286
Stack trace:
#0 /home/f7000414/public_html/yii-1.1.13/framework/web/CWebApplication.php(141): CWebApplication->runController('wordpress')
#1 /home/f7000414/public_html/yii-1.1.13/framework/base/CApplication.php(169): CWebApplication->processRequest()
#2 /home/f7000414/public_html/index.php(17): CApplication->run()
#3 {main}
REQUEST_URI=/wordpress
---
2025/08/31 13:11:50 [error] [exception.CHttpException.404] CHttpException: Unable to resolve the request "wp". in /home/f7000414/public_html/yii-1.1.13/framework/web/CWebApplication.php:286
Stack trace:
#0 /home/f7000414/public_html/yii-1.1.13/framework/web/CWebApplication.php(141): CWebApplication->runController('wp')
#1 /home/f7000414/public_html/yii-1.1.13/framework/base/CApplication.php(169): CWebApplication->processRequest()
#2 /home/f7000414/public_html/index.php(17): CApplication->run()
#3 {main}
REQUEST_URI=/wp
---
2025/08/31 13:11:51 [error] [exception.CHttpException.404] CHttpException: Unable to resolve the request "bc". in /home/f7000414/public_html/yii-1.1.13/framework/web/CWebApplication.php:286
Stack trace:
#0 /home/f7000414/public_html/yii-1.1.13/framework/web/CWebApplication.php(141): CWebApplication->runController('bc')
#1 /home/f7000414/public_html/yii-1.1.13/framework/base/CApplication.php(169): CWebApplication->processRequest()
#2 /home/f7000414/public_html/index.php(17): CApplication->run()
#3 {main}
REQUEST_URI=/bc
---
2025/08/31 13:11:51 [error] [exception.CHttpException.404] CHttpException: Unable to resolve the request "wordpress". in /home/f7000414/public_html/yii-1.1.13/framework/web/CWebApplication.php:286
Stack trace:
#0 /home/f7000414/public_html/yii-1.1.13/framework/web/CWebApplication.php(141): CWebApplication->runController('wordpress')
#1 /home/f7000414/public_html/yii-1.1.13/framework/base/CApplication.php(169): CWebApplication->processRequest()
#2 /home/f7000414/public_html/index.php(17): CApplication->run()
#3 {main}
REQUEST_URI=/wordpress
HTTP_REFERER=http://0800cocinas.com/wordpress
---
2025/08/31 13:11:51 [error] [exception.CHttpException.404] CHttpException: Unable to resolve the request "bk". in /home/f7000414/public_html/yii-1.1.13/framework/web/CWebApplication.php:286
Stack trace:
#0 /home/f7000414/public_html/yii-1.1.13/framework/web/CWebApplication.php(141): CWebApplication->runController('bk')
#1 /home/f7000414/public_html/yii-1.1.13/framework/base/CApplication.php(169): CWebApplication->processRequest()
#2 /home/f7000414/public_html/index.php(17): CApplication->run()
#3 {main}
REQUEST_URI=/bk
---
2025/08/31 13:11:51 [error] [exception.CHttpException.404] CHttpException: Unable to resolve the request "backup". in /home/f7000414/public_html/yii-1.1.13/framework/web/CWebApplication.php:286
Stack trace:
#0 /home/f7000414/public_html/yii-1.1.13/framework/web/CWebApplication.php(141): CWebApplication->runController('backup')
#1 /home/f7000414/public_html/yii-1.1.13/framework/base/CApplication.php(169): CWebApplication->processRequest()
#2 /home/f7000414/public_html/index.php(17): CApplication->run()
#3 {main}
REQUEST_URI=/backup
---
2025/08/31 13:11:52 [error] [exception.CHttpException.404] CHttpException: Unable to resolve the request "old". in /home/f7000414/public_html/yii-1.1.13/framework/web/CWebApplication.php:286
Stack trace:
#0 /home/f7000414/public_html/yii-1.1.13/framework/web/CWebApplication.php(141): CWebApplication->runController('old')
#1 /home/f7000414/public_html/yii-1.1.13/framework/base/CApplication.php(169): CWebApplication->processRequest()
#2 /home/f7000414/public_html/index.php(17): CApplication->run()
#3 {main}
REQUEST_URI=/old
---
2025/08/31 13:11:52 [error] [exception.CHttpException.404] CHttpException: Unable to resolve the request "new". in /home/f7000414/public_html/yii-1.1.13/framework/web/CWebApplication.php:286
Stack trace:
#0 /home/f7000414/public_html/yii-1.1.13/framework/web/CWebApplication.php(141): CWebApplication->runController('new')
#1 /home/f7000414/public_html/yii-1.1.13/framework/base/CApplication.php(169): CWebApplication->processRequest()
#2 /home/f7000414/public_html/index.php(17): CApplication->run()
#3 {main}
REQUEST_URI=/new
---
2025/08/31 13:11:52 [error] [exception.CHttpException.404] CHttpException: Unable to resolve the request "wp". in /home/f7000414/public_html/yii-1.1.13/framework/web/CWebApplication.php:286
Stack trace:
#0 /home/f7000414/public_html/yii-1.1.13/framework/web/CWebApplication.php(141): CWebApplication->runController('wp')
#1 /home/f7000414/public_html/yii-1.1.13/framework/base/CApplication.php(169): CWebApplication->processRequest()
#2 /home/f7000414/public_html/index.php(17): CApplication->run()
#3 {main}
REQUEST_URI=/wp
HTTP_REFERER=http://0800cocinas.com/wp
---
2025/08/31 13:11:52 [error] [exception.CHttpException.404] CHttpException: Unable to resolve the request "main". in /home/f7000414/public_html/yii-1.1.13/framework/web/CWebApplication.php:286
Stack trace:
#0 /home/f7000414/public_html/yii-1.1.13/framework/web/CWebApplication.php(141): CWebApplication->runController('main')
#1 /home/f7000414/public_html/yii-1.1.13/framework/base/CApplication.php(169): CWebApplication->processRequest()
#2 /home/f7000414/public_html/index.php(17): CApplication->run()
#3 {main}
REQUEST_URI=/main
---
2025/08/31 13:11:52 [error] [exception.CHttpException.404] CHttpException: Unable to resolve the request "home". in /home/f7000414/public_html/yii-1.1.13/framework/web/CWebApplication.php:286
Stack trace:
#0 /home/f7000414/public_html/yii-1.1.13/framework/web/CWebApplication.php(141): CWebApplication->runController('home')
#1 /home/f7000414/public_html/yii-1.1.13/framework/base/CApplication.php(169): CWebApplication->processRequest()
#2 /home/f7000414/public_html/index.php(17): CApplication->run()
#3 {main}
REQUEST_URI=/home
---
2025/08/31 13:11:53 [error] [exception.CHttpException.404] CHttpException: Unable to resolve the request "bc". in /home/f7000414/public_html/yii-1.1.13/framework/web/CWebApplication.php:286
Stack trace:
#0 /home/f7000414/public_html/yii-1.1.13/framework/web/CWebApplication.php(141): CWebApplication->runController('bc')
#1 /home/f7000414/public_html/yii-1.1.13/framework/base/CApplication.php(169): CWebApplication->processRequest()
#2 /home/f7000414/public_html/index.php(17): CApplication->run()
#3 {main}
REQUEST_URI=/bc
HTTP_REFERER=http://0800cocinas.com/bc
---
2025/08/31 13:11:53 [error] [exception.CHttpException.404] CHttpException: Unable to resolve the request "bk". in /home/f7000414/public_html/yii-1.1.13/framework/web/CWebApplication.php:286
Stack trace:
#0 /home/f7000414/public_html/yii-1.1.13/framework/web/CWebApplication.php(141): CWebApplication->runController('bk')
#1 /home/f7000414/public_html/yii-1.1.13/framework/base/CApplication.php(169): CWebApplication->processRequest()
#2 /home/f7000414/public_html/index.php(17): CApplication->run()
#3 {main}
REQUEST_URI=/bk
HTTP_REFERER=http://0800cocinas.com/bk
---
2025/08/31 13:11:54 [error] [exception.CHttpException.404] CHttpException: Unable to resolve the request "backup". in /home/f7000414/public_html/yii-1.1.13/framework/web/CWebApplication.php:286
Stack trace:
#0 /home/f7000414/public_html/yii-1.1.13/framework/web/CWebApplication.php(141): CWebApplication->runController('backup')
#1 /home/f7000414/public_html/yii-1.1.13/framework/base/CApplication.php(169): CWebApplication->processRequest()
#2 /home/f7000414/public_html/index.php(17): CApplication->run()
#3 {main}
REQUEST_URI=/backup
HTTP_REFERER=http://0800cocinas.com/backup
---
2025/08/31 13:11:55 [error] [exception.CHttpException.404] CHttpException: Unable to resolve the request "old". in /home/f7000414/public_html/yii-1.1.13/framework/web/CWebApplication.php:286
Stack trace:
#0 /home/f7000414/public_html/yii-1.1.13/framework/web/CWebApplication.php(141): CWebApplication->runController('old')
#1 /home/f7000414/public_html/yii-1.1.13/framework/base/CApplication.php(169): CWebApplication->processRequest()
#2 /home/f7000414/public_html/index.php(17): CApplication->run()
#3 {main}
REQUEST_URI=/old
HTTP_REFERER=http://0800cocinas.com/old
---
2025/08/31 13:11:55 [error] [exception.CHttpException.404] CHttpException: Unable to resolve the request "wordpress". in /home/f7000414/public_html/yii-1.1.13/framework/web/CWebApplication.php:286
Stack trace:
#0 /home/f7000414/public_html/yii-1.1.13/framework/web/CWebApplication.php(141): CWebApplication->runController('wordpress')
#1 /home/f7000414/public_html/yii-1.1.13/framework/base/CApplication.php(169): CWebApplication->processRequest()
#2 /home/f7000414/public_html/index.php(17): CApplication->run()
#3 {main}
REQUEST_URI=/wordpress
---
2025/08/31 13:11:55 [error] [exception.CHttpException.404] CHttpException: Unable to resolve the request "new". in /home/f7000414/public_html/yii-1.1.13/framework/web/CWebApplication.php:286
Stack trace:
#0 /home/f7000414/public_html/yii-1.1.13/framework/web/CWebApplication.php(141): CWebApplication->runController('new')
#1 /home/f7000414/public_html/yii-1.1.13/framework/base/CApplication.php(169): CWebApplication->processRequest()
#2 /home/f7000414/public_html/index.php(17): CApplication->run()
#3 {main}
REQUEST_URI=/new
HTTP_REFERER=http://0800cocinas.com/new
---
2025/08/31 13:11:55 [error] [exception.CHttpException.404] CHttpException: Unable to resolve the request "wp". in /home/f7000414/public_html/yii-1.1.13/framework/web/CWebApplication.php:286
Stack trace:
#0 /home/f7000414/public_html/yii-1.1.13/framework/web/CWebApplication.php(141): CWebApplication->runController('wp')
#1 /home/f7000414/public_html/yii-1.1.13/framework/base/CApplication.php(169): CWebApplication->processRequest()
#2 /home/f7000414/public_html/index.php(17): CApplication->run()
#3 {main}
REQUEST_URI=/wp
---
2025/08/31 13:11:56 [error] [exception.CHttpException.404] CHttpException: Unable to resolve the request "bc". in /home/f7000414/public_html/yii-1.1.13/framework/web/CWebApplication.php:286
Stack trace:
#0 /home/f7000414/public_html/yii-1.1.13/framework/web/CWebApplication.php(141): CWebApplication->runController('bc')
#1 /home/f7000414/public_html/yii-1.1.13/framework/base/CApplication.php(169): CWebApplication->processRequest()
#2 /home/f7000414/public_html/index.php(17): CApplication->run()
#3 {main}
REQUEST_URI=/bc
---
2025/08/31 13:11:56 [error] [exception.CHttpException.404] CHttpException: Unable to resolve the request "main". in /home/f7000414/public_html/yii-1.1.13/framework/web/CWebApplication.php:286
Stack trace:
#0 /home/f7000414/public_html/yii-1.1.13/framework/web/CWebApplication.php(141): CWebApplication->runController('main')
#1 /home/f7000414/public_html/yii-1.1.13/framework/base/CApplication.php(169): CWebApplication->processRequest()
#2 /home/f7000414/public_html/index.php(17): CApplication->run()
#3 {main}
REQUEST_URI=/main
HTTP_REFERER=http://0800cocinas.com/main
---
2025/08/31 13:11:56 [error] [exception.CHttpException.404] CHttpException: Unable to resolve the request "bk". in /home/f7000414/public_html/yii-1.1.13/framework/web/CWebApplication.php:286
Stack trace:
#0 /home/f7000414/public_html/yii-1.1.13/framework/web/CWebApplication.php(141): CWebApplication->runController('bk')
#1 /home/f7000414/public_html/yii-1.1.13/framework/base/CApplication.php(169): CWebApplication->processRequest()
#2 /home/f7000414/public_html/index.php(17): CApplication->run()
#3 {main}
REQUEST_URI=/bk
---
2025/08/31 13:11:56 [error] [exception.CHttpException.404] CHttpException: Unable to resolve the request "backup". in /home/f7000414/public_html/yii-1.1.13/framework/web/CWebApplication.php:286
Stack trace:
#0 /home/f7000414/public_html/yii-1.1.13/framework/web/CWebApplication.php(141): CWebApplication->runController('backup')
#1 /home/f7000414/public_html/yii-1.1.13/framework/base/CApplication.php(169): CWebApplication->processRequest()
#2 /home/f7000414/public_html/index.php(17): CApplication->run()
#3 {main}
REQUEST_URI=/backup
---
2025/08/31 13:11:56 [error] [exception.CHttpException.404] CHttpException: Unable to resolve the request "home". in /home/f7000414/public_html/yii-1.1.13/framework/web/CWebApplication.php:286
Stack trace:
#0 /home/f7000414/public_html/yii-1.1.13/framework/web/CWebApplication.php(141): CWebApplication->runController('home')
#1 /home/f7000414/public_html/yii-1.1.13/framework/base/CApplication.php(169): CWebApplication->processRequest()
#2 /home/f7000414/public_html/index.php(17): CApplication->run()
#3 {main}
REQUEST_URI=/home
HTTP_REFERER=http://0800cocinas.com/home
---
2025/08/31 13:11:57 [error] [exception.CHttpException.404] CHttpException: Unable to resolve the request "old". in /home/f7000414/public_html/yii-1.1.13/framework/web/CWebApplication.php:286
Stack trace:
#0 /home/f7000414/public_html/yii-1.1.13/framework/web/CWebApplication.php(141): CWebApplication->runController('old')
#1 /home/f7000414/public_html/yii-1.1.13/framework/base/CApplication.php(169): CWebApplication->processRequest()
#2 /home/f7000414/public_html/index.php(17): CApplication->run()
#3 {main}
REQUEST_URI=/old
---
2025/08/31 13:11:57 [error] [exception.CHttpException.404] CHttpException: Unable to resolve the request "new". in /home/f7000414/public_html/yii-1.1.13/framework/web/CWebApplication.php:286
Stack trace:
#0 /home/f7000414/public_html/yii-1.1.13/framework/web/CWebApplication.php(141): CWebApplication->runController('new')
#1 /home/f7000414/public_html/yii-1.1.13/framework/base/CApplication.php(169): CWebApplication->processRequest()
#2 /home/f7000414/public_html/index.php(17): CApplication->run()
#3 {main}
REQUEST_URI=/new
---
2025/08/31 13:11:57 [error] [exception.CHttpException.404] CHttpException: Unable to resolve the request "main". in /home/f7000414/public_html/yii-1.1.13/framework/web/CWebApplication.php:286
Stack trace:
#0 /home/f7000414/public_html/yii-1.1.13/framework/web/CWebApplication.php(141): CWebApplication->runController('main')
#1 /home/f7000414/public_html/yii-1.1.13/framework/base/CApplication.php(169): CWebApplication->processRequest()
#2 /home/f7000414/public_html/index.php(17): CApplication->run()
#3 {main}
REQUEST_URI=/main
---
2025/08/31 13:11:58 [error] [exception.CHttpException.404] CHttpException: Unable to resolve the request "home". in /home/f7000414/public_html/yii-1.1.13/framework/web/CWebApplication.php:286
Stack trace:
#0 /home/f7000414/public_html/yii-1.1.13/framework/web/CWebApplication.php(141): CWebApplication->runController('home')
#1 /home/f7000414/public_html/yii-1.1.13/framework/base/CApplication.php(169): CWebApplication->processRequest()
#2 /home/f7000414/public_html/index.php(17): CApplication->run()
#3 {main}
REQUEST_URI=/home
---
2025/08/31 13:32:03 [error] [exception.CHttpException.404] CHttpException: Unable to resolve the request "wp-includes/wlwmanifest.xml". in /home/f7000414/public_html/yii-1.1.13/framework/web/CWebApplication.php:286
Stack trace:
#0 /home/f7000414/public_html/yii-1.1.13/framework/web/CWebApplication.php(141): CWebApplication->runController('wp-includes/wlw...')
#1 /home/f7000414/public_html/yii-1.1.13/framework/base/CApplication.php(169): CWebApplication->processRequest()
#2 /home/f7000414/public_html/index.php(17): CApplication->run()
#3 {main}
REQUEST_URI=/wp-includes/wlwmanifest.xml
---
2025/08/31 13:32:05 [error] [exception.CHttpException.404] CHttpException: Unable to resolve the request "xmlrpc.php". in /home/f7000414/public_html/yii-1.1.13/framework/web/CWebApplication.php:286
Stack trace:
#0 /home/f7000414/public_html/yii-1.1.13/framework/web/CWebApplication.php(141): CWebApplication->runController('xmlrpc.php')
#1 /home/f7000414/public_html/yii-1.1.13/framework/base/CApplication.php(169): CWebApplication->processRequest()
#2 /home/f7000414/public_html/index.php(17): CApplication->run()
#3 {main}
REQUEST_URI=/xmlrpc.php?rsd
---
2025/08/31 13:32:11 [error] [exception.CHttpException.404] CHttpException: Unable to resolve the request "blog/wp-includes/wlwmanifest.xml". in /home/f7000414/public_html/yii-1.1.13/framework/web/CWebApplication.php:286
Stack trace:
#0 /home/f7000414/public_html/yii-1.1.13/framework/web/CWebApplication.php(141): CWebApplication->runController('blog/wp-include...')
#1 /home/f7000414/public_html/yii-1.1.13/framework/base/CApplication.php(169): CWebApplication->processRequest()
#2 /home/f7000414/public_html/index.php(17): CApplication->run()
#3 {main}
REQUEST_URI=/blog/wp-includes/wlwmanifest.xml
---
2025/08/31 13:50:46 [error] [exception.CHttpException.404] CHttpException: Unable to resolve the request "robots.txt". in /home/f7000414/public_html/yii-1.1.13/framework/web/CWebApplication.php:286
Stack trace:
#0 /home/f7000414/public_html/yii-1.1.13/framework/web/CWebApplication.php(141): CWebApplication->runController('robots.txt')
#1 /home/f7000414/public_html/yii-1.1.13/framework/base/CApplication.php(169): CWebApplication->processRequest()
#2 /home/f7000414/public_html/index.php(17): CApplication->run()
#3 {main}
REQUEST_URI=/robots.txt
---
2025/08/31 13:50:47 [error] [exception.CHttpException.404] CHttpException: Unable to resolve the request "robots.txt". in /home/f7000414/public_html/yii-1.1.13/framework/web/CWebApplication.php:286
Stack trace:
#0 /home/f7000414/public_html/yii-1.1.13/framework/web/CWebApplication.php(141): CWebApplication->runController('robots.txt')
#1 /home/f7000414/public_html/yii-1.1.13/framework/base/CApplication.php(169): CWebApplication->processRequest()
#2 /home/f7000414/public_html/index.php(17): CApplication->run()
#3 {main}
REQUEST_URI=/robots.txt
---
2025/08/31 14:14:47 [error] [exception.CHttpException.404] CHttpException: Unable to resolve the request "robots.txt". in /home/f7000414/public_html/yii-1.1.13/framework/web/CWebApplication.php:286
Stack trace:
#0 /home/f7000414/public_html/yii-1.1.13/framework/web/CWebApplication.php(141): CWebApplication->runController('robots.txt')
#1 /home/f7000414/public_html/yii-1.1.13/framework/base/CApplication.php(169): CWebApplication->processRequest()
#2 /home/f7000414/public_html/index.php(17): CApplication->run()
#3 {main}
REQUEST_URI=/robots.txt
---
2025/08/31 14:26:11 [error] [exception.CHttpException.404] CHttpException: Unable to resolve the request "favicon.ico". in /home/f7000414/public_html/yii-1.1.13/framework/web/CWebApplication.php:286
Stack trace:
#0 /home/f7000414/public_html/yii-1.1.13/framework/web/CWebApplication.php(141): CWebApplication->runController('favicon.ico')
#1 /home/f7000414/public_html/yii-1.1.13/framework/base/CApplication.php(169): CWebApplication->processRequest()
#2 /home/f7000414/public_html/index.php(17): CApplication->run()
#3 {main}
REQUEST_URI=/favicon.ico
---
2025/08/31 19:14:27 [error] [exception.CHttpException.404] CHttpException: Unable to resolve the request "wp-admin/setup-config.php". in /home/f7000414/public_html/yii-1.1.13/framework/web/CWebApplication.php:286
Stack trace:
#0 /home/f7000414/public_html/yii-1.1.13/framework/web/CWebApplication.php(141): CWebApplication->runController('wp-admin/setup-...')
#1 /home/f7000414/public_html/yii-1.1.13/framework/base/CApplication.php(169): CWebApplication->processRequest()
#2 /home/f7000414/public_html/index.php(17): CApplication->run()
#3 {main}
REQUEST_URI=/wp-admin/setup-config.php
---
2025/08/31 19:15:43 [error] [exception.CHttpException.404] CHttpException: Unable to resolve the request "wordpress/wp-admin/setup-config.php". in /home/f7000414/public_html/yii-1.1.13/framework/web/CWebApplication.php:286
Stack trace:
#0 /home/f7000414/public_html/yii-1.1.13/framework/web/CWebApplication.php(141): CWebApplication->runController('wordpress/wp-ad...')
#1 /home/f7000414/public_html/yii-1.1.13/framework/base/CApplication.php(169): CWebApplication->processRequest()
#2 /home/f7000414/public_html/index.php(17): CApplication->run()
#3 {main}
REQUEST_URI=/wordpress/wp-admin/setup-config.php
---
2025/08/31 19:15:56 [error] [exception.CHttpException.404] CHttpException: Unable to resolve the request "wp-admin/setup-config.php". in /home/f7000414/public_html/yii-1.1.13/framework/web/CWebApplication.php:286
Stack trace:
#0 /home/f7000414/public_html/yii-1.1.13/framework/web/CWebApplication.php(141): CWebApplication->runController('wp-admin/setup-...')
#1 /home/f7000414/public_html/yii-1.1.13/framework/base/CApplication.php(169): CWebApplication->processRequest()
#2 /home/f7000414/public_html/index.php(17): CApplication->run()
#3 {main}
REQUEST_URI=/wp-admin/setup-config.php
---
2025/08/31 19:17:18 [error] [exception.CHttpException.404] CHttpException: Unable to resolve the request "wordpress/wp-admin/setup-config.php". in /home/f7000414/public_html/yii-1.1.13/framework/web/CWebApplication.php:286
Stack trace:
#0 /home/f7000414/public_html/yii-1.1.13/framework/web/CWebApplication.php(141): CWebApplication->runController('wordpress/wp-ad...')
#1 /home/f7000414/public_html/yii-1.1.13/framework/base/CApplication.php(169): CWebApplication->processRequest()
#2 /home/f7000414/public_html/index.php(17): CApplication->run()
#3 {main}
REQUEST_URI=/wordpress/wp-admin/setup-config.php
---
2025/08/31 19:25:00 [error] [exception.CHttpException.404] CHttpException: Unable to resolve the request "robots.txt". in /home/f7000414/public_html/yii-1.1.13/framework/web/CWebApplication.php:286
Stack trace:
#0 /home/f7000414/public_html/yii-1.1.13/framework/web/CWebApplication.php(141): CWebApplication->runController('robots.txt')
#1 /home/f7000414/public_html/yii-1.1.13/framework/base/CApplication.php(169): CWebApplication->processRequest()
#2 /home/f7000414/public_html/index.php(17): CApplication->run()
#3 {main}
REQUEST_URI=/robots.txt
---
2025/08/31 19:45:30 [error] [exception.CHttpException.404] CHttpException: Unable to resolve the request "robots.txt". in /home/f7000414/public_html/yii-1.1.13/framework/web/CWebApplication.php:286
Stack trace:
#0 /home/f7000414/public_html/yii-1.1.13/framework/web/CWebApplication.php(141): CWebApplication->runController('robots.txt')
#1 /home/f7000414/public_html/yii-1.1.13/framework/base/CApplication.php(169): CWebApplication->processRequest()
#2 /home/f7000414/public_html/index.php(17): CApplication->run()
#3 {main}
REQUEST_URI=/robots.txt
---
2025/08/31 19:45:31 [error] [exception.CHttpException.404] CHttpException: Unable to resolve the request "robots.txt". in /home/f7000414/public_html/yii-1.1.13/framework/web/CWebApplication.php:286
Stack trace:
#0 /home/f7000414/public_html/yii-1.1.13/framework/web/CWebApplication.php(141): CWebApplication->runController('robots.txt')
#1 /home/f7000414/public_html/yii-1.1.13/framework/base/CApplication.php(169): CWebApplication->processRequest()
#2 /home/f7000414/public_html/index.php(17): CApplication->run()
#3 {main}
REQUEST_URI=/robots.txt
---
2025/08/31 21:55:00 [error] [exception.CHttpException.404] CHttpException: Unable to resolve the request "robots.txt". in /home/f7000414/public_html/yii-1.1.13/framework/web/CWebApplication.php:286
Stack trace:
#0 /home/f7000414/public_html/yii-1.1.13/framework/web/CWebApplication.php(141): CWebApplication->runController('robots.txt')
#1 /home/f7000414/public_html/yii-1.1.13/framework/base/CApplication.php(169): CWebApplication->processRequest()
#2 /home/f7000414/public_html/index.php(17): CApplication->run()
#3 {main}
REQUEST_URI=/robots.txt
---
2025/09/01 00:19:56 [error] [exception.CHttpException.404] CHttpException: Unable to resolve the request "wordpress/wp-admin/setup-config.php". in /home/f7000414/public_html/yii-1.1.13/framework/web/CWebApplication.php:286
Stack trace:
#0 /home/f7000414/public_html/yii-1.1.13/framework/web/CWebApplication.php(141): CWebApplication->runController('wordpress/wp-ad...')
#1 /home/f7000414/public_html/yii-1.1.13/framework/base/CApplication.php(169): CWebApplication->processRequest()
#2 /home/f7000414/public_html/index.php(17): CApplication->run()
#3 {main}
REQUEST_URI=/wordpress/wp-admin/setup-config.php
---
2025/09/01 00:20:46 [error] [exception.CHttpException.404] CHttpException: Unable to resolve the request "wp-admin/setup-config.php". in /home/f7000414/public_html/yii-1.1.13/framework/web/CWebApplication.php:286
Stack trace:
#0 /home/f7000414/public_html/yii-1.1.13/framework/web/CWebApplication.php(141): CWebApplication->runController('wp-admin/setup-...')
#1 /home/f7000414/public_html/yii-1.1.13/framework/base/CApplication.php(169): CWebApplication->processRequest()
#2 /home/f7000414/public_html/index.php(17): CApplication->run()
#3 {main}
REQUEST_URI=/wp-admin/setup-config.php
---
2025/09/01 00:20:55 [error] [exception.CHttpException.404] CHttpException: Unable to resolve the request "wordpress/wp-admin/setup-config.php". in /home/f7000414/public_html/yii-1.1.13/framework/web/CWebApplication.php:286
Stack trace:
#0 /home/f7000414/public_html/yii-1.1.13/framework/web/CWebApplication.php(141): CWebApplication->runController('wordpress/wp-ad...')
#1 /home/f7000414/public_html/yii-1.1.13/framework/base/CApplication.php(169): CWebApplication->processRequest()
#2 /home/f7000414/public_html/index.php(17): CApplication->run()
#3 {main}
REQUEST_URI=/wordpress/wp-admin/setup-config.php
---
2025/09/01 00:22:15 [error] [exception.CHttpException.404] CHttpException: Unable to resolve the request "wp-admin/setup-config.php". in /home/f7000414/public_html/yii-1.1.13/framework/web/CWebApplication.php:286
Stack trace:
#0 /home/f7000414/public_html/yii-1.1.13/framework/web/CWebApplication.php(141): CWebApplication->runController('wp-admin/setup-...')
#1 /home/f7000414/public_html/yii-1.1.13/framework/base/CApplication.php(169): CWebApplication->processRequest()
#2 /home/f7000414/public_html/index.php(17): CApplication->run()
#3 {main}
REQUEST_URI=/wp-admin/setup-config.php
---
2025/09/01 01:21:23 [error] [exception.CHttpException.404] CHttpException: Unable to resolve the request "robots.txt". in /home/f7000414/public_html/yii-1.1.13/framework/web/CWebApplication.php:286
Stack trace:
#0 /home/f7000414/public_html/yii-1.1.13/framework/web/CWebApplication.php(141): CWebApplication->runController('robots.txt')
#1 /home/f7000414/public_html/yii-1.1.13/framework/base/CApplication.php(169): CWebApplication->processRequest()
#2 /home/f7000414/public_html/index.php(17): CApplication->run()
#3 {main}
REQUEST_URI=/robots.txt
---
2025/09/01 01:23:59 [error] [exception.CHttpException.404] CHttpException: Unable to resolve the request "robots.txt". in /home/f7000414/public_html/yii-1.1.13/framework/web/CWebApplication.php:286
Stack trace:
#0 /home/f7000414/public_html/yii-1.1.13/framework/web/CWebApplication.php(141): CWebApplication->runController('robots.txt')
#1 /home/f7000414/public_html/yii-1.1.13/framework/base/CApplication.php(169): CWebApplication->processRequest()
#2 /home/f7000414/public_html/index.php(17): CApplication->run()
#3 {main}
REQUEST_URI=/robots.txt
---
2025/09/01 01:23:59 [error] [exception.CHttpException.404] CHttpException: Unable to resolve the request "ads.txt". in /home/f7000414/public_html/yii-1.1.13/framework/web/CWebApplication.php:286
Stack trace:
#0 /home/f7000414/public_html/yii-1.1.13/framework/web/CWebApplication.php(141): CWebApplication->runController('ads.txt')
#1 /home/f7000414/public_html/yii-1.1.13/framework/base/CApplication.php(169): CWebApplication->processRequest()
#2 /home/f7000414/public_html/index.php(17): CApplication->run()
#3 {main}
REQUEST_URI=/ads.txt
---
2025/09/01 02:18:21 [error] [exception.CHttpException.404] CHttpException: Unable to resolve the request "robots.txt". in /home/f7000414/public_html/yii-1.1.13/framework/web/CWebApplication.php:286
Stack trace:
#0 /home/f7000414/public_html/yii-1.1.13/framework/web/CWebApplication.php(141): CWebApplication->runController('robots.txt')
#1 /home/f7000414/public_html/yii-1.1.13/framework/base/CApplication.php(169): CWebApplication->processRequest()
#2 /home/f7000414/public_html/index.php(17): CApplication->run()
#3 {main}
REQUEST_URI=/robots.txt
---
2025/09/01 02:18:23 [error] [exception.CHttpException.404] CHttpException: Unable to resolve the request "index.html". in /home/f7000414/public_html/yii-1.1.13/framework/web/CWebApplication.php:286
Stack trace:
#0 /home/f7000414/public_html/yii-1.1.13/framework/web/CWebApplication.php(141): CWebApplication->runController('index.html')
#1 /home/f7000414/public_html/yii-1.1.13/framework/base/CApplication.php(169): CWebApplication->processRequest()
#2 /home/f7000414/public_html/index.php(17): CApplication->run()
#3 {main}
REQUEST_URI=/index.html
---
2025/09/01 02:38:01 [error] [exception.CHttpException.404] CHttpException: Unable to resolve the request "index.html". in /home/f7000414/public_html/yii-1.1.13/framework/web/CWebApplication.php:286
Stack trace:
#0 /home/f7000414/public_html/yii-1.1.13/framework/web/CWebApplication.php(141): CWebApplication->runController('index.html')
#1 /home/f7000414/public_html/yii-1.1.13/framework/base/CApplication.php(169): CWebApplication->processRequest()
#2 /home/f7000414/public_html/index.php(17): CApplication->run()
#3 {main}
REQUEST_URI=/index.html
---
2025/09/01 02:38:15 [error] [exception.CHttpException.404] CHttpException: Unable to resolve the request "robots.txt". in /home/f7000414/public_html/yii-1.1.13/framework/web/CWebApplication.php:286
Stack trace:
#0 /home/f7000414/public_html/yii-1.1.13/framework/web/CWebApplication.php(141): CWebApplication->runController('robots.txt')
#1 /home/f7000414/public_html/yii-1.1.13/framework/base/CApplication.php(169): CWebApplication->processRequest()
#2 /home/f7000414/public_html/index.php(17): CApplication->run()
#3 {main}
REQUEST_URI=/robots.txt
---
2025/09/01 02:58:14 [error] [exception.CHttpException.404] CHttpException: Unable to resolve the request "robots.txt". in /home/f7000414/public_html/yii-1.1.13/framework/web/CWebApplication.php:286
Stack trace:
#0 /home/f7000414/public_html/yii-1.1.13/framework/web/CWebApplication.php(141): CWebApplication->runController('robots.txt')
#1 /home/f7000414/public_html/yii-1.1.13/framework/base/CApplication.php(169): CWebApplication->processRequest()
#2 /home/f7000414/public_html/index.php(17): CApplication->run()
#3 {main}
REQUEST_URI=/robots.txt
---
2025/09/01 03:49:02 [error] [exception.CHttpException.404] CHttpException: Unable to resolve the request "robots.txt". in /home/f7000414/public_html/yii-1.1.13/framework/web/CWebApplication.php:286
Stack trace:
#0 /home/f7000414/public_html/yii-1.1.13/framework/web/CWebApplication.php(141): CWebApplication->runController('robots.txt')
#1 /home/f7000414/public_html/yii-1.1.13/framework/base/CApplication.php(169): CWebApplication->processRequest()
#2 /home/f7000414/public_html/index.php(17): CApplication->run()
#3 {main}
REQUEST_URI=/robots.txt
---
2025/09/01 03:51:09 [error] [exception.CHttpException.404] CHttpException: Unable to resolve the request "robots.txt". in /home/f7000414/public_html/yii-1.1.13/framework/web/CWebApplication.php:286
Stack trace:
#0 /home/f7000414/public_html/yii-1.1.13/framework/web/CWebApplication.php(141): CWebApplication->runController('robots.txt')
#1 /home/f7000414/public_html/yii-1.1.13/framework/base/CApplication.php(169): CWebApplication->processRequest()
#2 /home/f7000414/public_html/index.php(17): CApplication->run()
#3 {main}
REQUEST_URI=/robots.txt
---
2025/09/01 03:53:27 [error] [exception.CHttpException.404] CHttpException: Unable to resolve the request "robots.txt". in /home/f7000414/public_html/yii-1.1.13/framework/web/CWebApplication.php:286
Stack trace:
#0 /home/f7000414/public_html/yii-1.1.13/framework/web/CWebApplication.php(141): CWebApplication->runController('robots.txt')
#1 /home/f7000414/public_html/yii-1.1.13/framework/base/CApplication.php(169): CWebApplication->processRequest()
#2 /home/f7000414/public_html/index.php(17): CApplication->run()
#3 {main}
REQUEST_URI=/robots.txt
---
2025/09/01 05:45:19 [error] [exception.CHttpException.404] CHttpException: Unable to resolve the request "robots.txt". in /home/f7000414/public_html/yii-1.1.13/framework/web/CWebApplication.php:286
Stack trace:
#0 /home/f7000414/public_html/yii-1.1.13/framework/web/CWebApplication.php(141): CWebApplication->runController('robots.txt')
#1 /home/f7000414/public_html/yii-1.1.13/framework/base/CApplication.php(169): CWebApplication->processRequest()
#2 /home/f7000414/public_html/index.php(17): CApplication->run()
#3 {main}
REQUEST_URI=/robots.txt
---
2025/09/01 05:45:19 [error] [exception.CHttpException.404] CHttpException: Unable to resolve the request "robots.txt". in /home/f7000414/public_html/yii-1.1.13/framework/web/CWebApplication.php:286
Stack trace:
#0 /home/f7000414/public_html/yii-1.1.13/framework/web/CWebApplication.php(141): CWebApplication->runController('robots.txt')
#1 /home/f7000414/public_html/yii-1.1.13/framework/base/CApplication.php(169): CWebApplication->processRequest()
#2 /home/f7000414/public_html/index.php(17): CApplication->run()
#3 {main}
REQUEST_URI=/robots.txt
---
2025/09/01 06:07:15 [error] [exception.CHttpException.404] CHttpException: Unable to resolve the request "media/system/js/core.js". in /home/f7000414/public_html/yii-1.1.13/framework/web/CWebApplication.php:286
Stack trace:
#0 /home/f7000414/public_html/yii-1.1.13/framework/web/CWebApplication.php(141): CWebApplication->runController('media/system/js...')
#1 /home/f7000414/public_html/yii-1.1.13/framework/base/CApplication.php(169): CWebApplication->processRequest()
#2 /home/f7000414/public_html/index.php(17): CApplication->run()
#3 {main}
REQUEST_URI=/media/system/js/core.js
---
2025/09/01 06:07:15 [error] [exception.CHttpException.404] CHttpException: Unable to resolve the request "wp-includes/js/jquery/jquery.js". in /home/f7000414/public_html/yii-1.1.13/framework/web/CWebApplication.php:286
Stack trace:
#0 /home/f7000414/public_html/yii-1.1.13/framework/web/CWebApplication.php(141): CWebApplication->runController('wp-includes/js/...')
#1 /home/f7000414/public_html/yii-1.1.13/framework/base/CApplication.php(169): CWebApplication->processRequest()
#2 /home/f7000414/public_html/index.php(17): CApplication->run()
#3 {main}
REQUEST_URI=/wp-includes/js/jquery/jquery.js
---
2025/09/01 06:22:38 [error] [exception.CHttpException.404] CHttpException: Unable to resolve the request "robots.txt". in /home/f7000414/public_html/yii-1.1.13/framework/web/CWebApplication.php:286
Stack trace:
#0 /home/f7000414/public_html/yii-1.1.13/framework/web/CWebApplication.php(141): CWebApplication->runController('robots.txt')
#1 /home/f7000414/public_html/yii-1.1.13/framework/base/CApplication.php(169): CWebApplication->processRequest()
#2 /home/f7000414/public_html/index.php(17): CApplication->run()
#3 {main}
REQUEST_URI=/robots.txt
---
2025/09/01 07:16:15 [error] [exception.CHttpException.404] CHttpException: Unable to resolve the request "robots.txt". in /home/f7000414/public_html/yii-1.1.13/framework/web/CWebApplication.php:286
Stack trace:
#0 /home/f7000414/public_html/yii-1.1.13/framework/web/CWebApplication.php(141): CWebApplication->runController('robots.txt')
#1 /home/f7000414/public_html/yii-1.1.13/framework/base/CApplication.php(169): CWebApplication->processRequest()
#2 /home/f7000414/public_html/index.php(17): CApplication->run()
#3 {main}
REQUEST_URI=/robots.txt
---
2025/09/01 07:21:45 [error] [exception.CHttpException.404] CHttpException: Unable to resolve the request "robots.txt". in /home/f7000414/public_html/yii-1.1.13/framework/web/CWebApplication.php:286
Stack trace:
#0 /home/f7000414/public_html/yii-1.1.13/framework/web/CWebApplication.php(141): CWebApplication->runController('robots.txt')
#1 /home/f7000414/public_html/yii-1.1.13/framework/base/CApplication.php(169): CWebApplication->processRequest()
#2 /home/f7000414/public_html/index.php(17): CApplication->run()
#3 {main}
REQUEST_URI=/robots.txt
---
2025/09/01 08:24:00 [error] [exception.CHttpException.404] CHttpException: Unable to resolve the request "robots.txt". in /home/f7000414/public_html/yii-1.1.13/framework/web/CWebApplication.php:286
Stack trace:
#0 /home/f7000414/public_html/yii-1.1.13/framework/web/CWebApplication.php(141): CWebApplication->runController('robots.txt')
#1 /home/f7000414/public_html/yii-1.1.13/framework/base/CApplication.php(169): CWebApplication->processRequest()
#2 /home/f7000414/public_html/index.php(17): CApplication->run()
#3 {main}
REQUEST_URI=/robots.txt
---
2025/09/01 08:24:04 [error] [exception.CHttpException.404] CHttpException: Unable to resolve the request "robots.txt". in /home/f7000414/public_html/yii-1.1.13/framework/web/CWebApplication.php:286
Stack trace:
#0 /home/f7000414/public_html/yii-1.1.13/framework/web/CWebApplication.php(141): CWebApplication->runController('robots.txt')
#1 /home/f7000414/public_html/yii-1.1.13/framework/base/CApplication.php(169): CWebApplication->processRequest()
#2 /home/f7000414/public_html/index.php(17): CApplication->run()
#3 {main}
REQUEST_URI=/robots.txt
---
2025/09/01 08:24:06 [error] [exception.CHttpException.404] CHttpException: Unable to resolve the request "robots.txt". in /home/f7000414/public_html/yii-1.1.13/framework/web/CWebApplication.php:286
Stack trace:
#0 /home/f7000414/public_html/yii-1.1.13/framework/web/CWebApplication.php(141): CWebApplication->runController('robots.txt')
#1 /home/f7000414/public_html/yii-1.1.13/framework/base/CApplication.php(169): CWebApplication->processRequest()
#2 /home/f7000414/public_html/index.php(17): CApplication->run()
#3 {main}
REQUEST_URI=/robots.txt
---
2025/09/01 08:25:51 [error] [exception.CHttpException.404] CHttpException: Unable to resolve the request "robots.txt". in /home/f7000414/public_html/yii-1.1.13/framework/web/CWebApplication.php:286
Stack trace:
#0 /home/f7000414/public_html/yii-1.1.13/framework/web/CWebApplication.php(141): CWebApplication->runController('robots.txt')
#1 /home/f7000414/public_html/yii-1.1.13/framework/base/CApplication.php(169): CWebApplication->processRequest()
#2 /home/f7000414/public_html/index.php(17): CApplication->run()
#3 {main}
REQUEST_URI=/robots.txt
---
2025/09/01 08:30:52 [error] [exception.CHttpException.404] CHttpException: Unable to resolve the request "wp-admin/setup-config.php". in /home/f7000414/public_html/yii-1.1.13/framework/web/CWebApplication.php:286
Stack trace:
#0 /home/f7000414/public_html/yii-1.1.13/framework/web/CWebApplication.php(141): CWebApplication->runController('wp-admin/setup-...')
#1 /home/f7000414/public_html/yii-1.1.13/framework/base/CApplication.php(169): CWebApplication->processRequest()
#2 /home/f7000414/public_html/index.php(17): CApplication->run()
#3 {main}
REQUEST_URI=/wp-admin/setup-config.php
---
2025/09/01 08:32:02 [error] [exception.CHttpException.404] CHttpException: Unable to resolve the request "robots.txt". in /home/f7000414/public_html/yii-1.1.13/framework/web/CWebApplication.php:286
Stack trace:
#0 /home/f7000414/public_html/yii-1.1.13/framework/web/CWebApplication.php(141): CWebApplication->runController('robots.txt')
#1 /home/f7000414/public_html/yii-1.1.13/framework/base/CApplication.php(169): CWebApplication->processRequest()
#2 /home/f7000414/public_html/index.php(17): CApplication->run()
#3 {main}
REQUEST_URI=/robots.txt
---
2025/09/01 08:32:03 [error] [exception.CHttpException.404] CHttpException: Unable to resolve the request "robots.txt". in /home/f7000414/public_html/yii-1.1.13/framework/web/CWebApplication.php:286
Stack trace:
#0 /home/f7000414/public_html/yii-1.1.13/framework/web/CWebApplication.php(141): CWebApplication->runController('robots.txt')
#1 /home/f7000414/public_html/yii-1.1.13/framework/base/CApplication.php(169): CWebApplication->processRequest()
#2 /home/f7000414/public_html/index.php(17): CApplication->run()
#3 {main}
REQUEST_URI=/robots.txt
---
2025/09/01 08:32:30 [error] [exception.CHttpException.404] CHttpException: Unable to resolve the request "wordpress/wp-admin/setup-config.php". in /home/f7000414/public_html/yii-1.1.13/framework/web/CWebApplication.php:286
Stack trace:
#0 /home/f7000414/public_html/yii-1.1.13/framework/web/CWebApplication.php(141): CWebApplication->runController('wordpress/wp-ad...')
#1 /home/f7000414/public_html/yii-1.1.13/framework/base/CApplication.php(169): CWebApplication->processRequest()
#2 /home/f7000414/public_html/index.php(17): CApplication->run()
#3 {main}
REQUEST_URI=/wordpress/wp-admin/setup-config.php
---
2025/09/01 08:32:30 [error] [exception.CHttpException.404] CHttpException: Unable to resolve the request "wordpress/wp-admin/setup-config.php". in /home/f7000414/public_html/yii-1.1.13/framework/web/CWebApplication.php:286
Stack trace:
#0 /home/f7000414/public_html/yii-1.1.13/framework/web/CWebApplication.php(141): CWebApplication->runController('wordpress/wp-ad...')
#1 /home/f7000414/public_html/yii-1.1.13/framework/base/CApplication.php(169): CWebApplication->processRequest()
#2 /home/f7000414/public_html/index.php(17): CApplication->run()
#3 {main}
REQUEST_URI=/wordpress/wp-admin/setup-config.php
---
2025/09/01 08:33:03 [error] [exception.CHttpException.404] CHttpException: Unable to resolve the request "wp-admin/setup-config.php". in /home/f7000414/public_html/yii-1.1.13/framework/web/CWebApplication.php:286
Stack trace:
#0 /home/f7000414/public_html/yii-1.1.13/framework/web/CWebApplication.php(141): CWebApplication->runController('wp-admin/setup-...')
#1 /home/f7000414/public_html/yii-1.1.13/framework/base/CApplication.php(169): CWebApplication->processRequest()
#2 /home/f7000414/public_html/index.php(17): CApplication->run()
#3 {main}
REQUEST_URI=/wp-admin/setup-config.php
---
2025/09/01 08:35:07 [error] [exception.CHttpException.404] CHttpException: Unable to resolve the request "robots.txt". in /home/f7000414/public_html/yii-1.1.13/framework/web/CWebApplication.php:286
Stack trace:
#0 /home/f7000414/public_html/yii-1.1.13/framework/web/CWebApplication.php(141): CWebApplication->runController('robots.txt')
#1 /home/f7000414/public_html/yii-1.1.13/framework/base/CApplication.php(169): CWebApplication->processRequest()
#2 /home/f7000414/public_html/index.php(17): CApplication->run()
#3 {main}
REQUEST_URI=/robots.txt
---
2025/09/01 09:51:13 [error] [exception.CHttpException.404] CHttpException: Unable to resolve the request "robots.txt". in /home/f7000414/public_html/yii-1.1.13/framework/web/CWebApplication.php:286
Stack trace:
#0 /home/f7000414/public_html/yii-1.1.13/framework/web/CWebApplication.php(141): CWebApplication->runController('robots.txt')
#1 /home/f7000414/public_html/yii-1.1.13/framework/base/CApplication.php(169): CWebApplication->processRequest()
#2 /home/f7000414/public_html/index.php(17): CApplication->run()
#3 {main}
REQUEST_URI=/robots.txt
---
2025/09/01 12:33:54 [error] [exception.CHttpException.404] CHttpException: Unable to resolve the request "robots.txt". in /home/f7000414/public_html/yii-1.1.13/framework/web/CWebApplication.php:286
Stack trace:
#0 /home/f7000414/public_html/yii-1.1.13/framework/web/CWebApplication.php(141): CWebApplication->runController('robots.txt')
#1 /home/f7000414/public_html/yii-1.1.13/framework/base/CApplication.php(169): CWebApplication->processRequest()
#2 /home/f7000414/public_html/index.php(17): CApplication->run()
#3 {main}
REQUEST_URI=/robots.txt
---
2025/09/01 13:47:15 [error] [exception.CHttpException.404] CHttpException: Unable to resolve the request "index.html". in /home/f7000414/public_html/yii-1.1.13/framework/web/CWebApplication.php:286
Stack trace:
#0 /home/f7000414/public_html/yii-1.1.13/framework/web/CWebApplication.php(141): CWebApplication->runController('index.html')
#1 /home/f7000414/public_html/yii-1.1.13/framework/base/CApplication.php(169): CWebApplication->processRequest()
#2 /home/f7000414/public_html/index.php(17): CApplication->run()
#3 {main}
REQUEST_URI=/index.html
---
2025/09/01 13:47:35 [error] [exception.CHttpException.404] CHttpException: Unable to resolve the request "index.html". in /home/f7000414/public_html/yii-1.1.13/framework/web/CWebApplication.php:286
Stack trace:
#0 /home/f7000414/public_html/yii-1.1.13/framework/web/CWebApplication.php(141): CWebApplication->runController('index.html')
#1 /home/f7000414/public_html/yii-1.1.13/framework/base/CApplication.php(169): CWebApplication->processRequest()
#2 /home/f7000414/public_html/index.php(17): CApplication->run()
#3 {main}
REQUEST_URI=/index.html
---
2025/09/01 13:53:56 [error] [exception.CHttpException.404] CHttpException: Unable to resolve the request "robots.txt". in /home/f7000414/public_html/yii-1.1.13/framework/web/CWebApplication.php:286
Stack trace:
#0 /home/f7000414/public_html/yii-1.1.13/framework/web/CWebApplication.php(141): CWebApplication->runController('robots.txt')
#1 /home/f7000414/public_html/yii-1.1.13/framework/base/CApplication.php(169): CWebApplication->processRequest()
#2 /home/f7000414/public_html/index.php(17): CApplication->run()
#3 {main}
REQUEST_URI=/robots.txt
---
2025/09/01 13:53:57 [error] [exception.CHttpException.404] CHttpException: Unable to resolve the request "ads.txt". in /home/f7000414/public_html/yii-1.1.13/framework/web/CWebApplication.php:286
Stack trace:
#0 /home/f7000414/public_html/yii-1.1.13/framework/web/CWebApplication.php(141): CWebApplication->runController('ads.txt')
#1 /home/f7000414/public_html/yii-1.1.13/framework/base/CApplication.php(169): CWebApplication->processRequest()
#2 /home/f7000414/public_html/index.php(17): CApplication->run()
#3 {main}
REQUEST_URI=/ads.txt
---
2025/09/01 14:08:39 [error] [exception.CHttpException.404] CHttpException: Unable to resolve the request "robots.txt". in /home/f7000414/public_html/yii-1.1.13/framework/web/CWebApplication.php:286
Stack trace:
#0 /home/f7000414/public_html/yii-1.1.13/framework/web/CWebApplication.php(141): CWebApplication->runController('robots.txt')
#1 /home/f7000414/public_html/yii-1.1.13/framework/base/CApplication.php(169): CWebApplication->processRequest()
#2 /home/f7000414/public_html/index.php(17): CApplication->run()
#3 {main}
REQUEST_URI=/robots.txt
---
2025/09/01 14:08:50 [error] [exception.CHttpException.404] CHttpException: Unable to resolve the request "sitemap.xml". in /home/f7000414/public_html/yii-1.1.13/framework/web/CWebApplication.php:286
Stack trace:
#0 /home/f7000414/public_html/yii-1.1.13/framework/web/CWebApplication.php(141): CWebApplication->runController('sitemap.xml')
#1 /home/f7000414/public_html/yii-1.1.13/framework/base/CApplication.php(169): CWebApplication->processRequest()
#2 /home/f7000414/public_html/index.php(17): CApplication->run()
#3 {main}
REQUEST_URI=/sitemap.xml
---
2025/09/01 14:21:28 [error] [exception.CHttpException.404] CHttpException: Unable to resolve the request "robots.txt". in /home/f7000414/public_html/yii-1.1.13/framework/web/CWebApplication.php:286
Stack trace:
#0 /home/f7000414/public_html/yii-1.1.13/framework/web/CWebApplication.php(141): CWebApplication->runController('robots.txt')
#1 /home/f7000414/public_html/yii-1.1.13/framework/base/CApplication.php(169): CWebApplication->processRequest()
#2 /home/f7000414/public_html/index.php(17): CApplication->run()
#3 {main}
REQUEST_URI=/robots.txt
---
2025/09/01 14:24:09 [error] [exception.CHttpException.404] CHttpException: Unable to resolve the request "robots.txt". in /home/f7000414/public_html/yii-1.1.13/framework/web/CWebApplication.php:286
Stack trace:
#0 /home/f7000414/public_html/yii-1.1.13/framework/web/CWebApplication.php(141): CWebApplication->runController('robots.txt')
#1 /home/f7000414/public_html/yii-1.1.13/framework/base/CApplication.php(169): CWebApplication->processRequest()
#2 /home/f7000414/public_html/index.php(17): CApplication->run()
#3 {main}
REQUEST_URI=/robots.txt
---
2025/09/01 14:24:10 [error] [exception.CHttpException.404] CHttpException: Unable to resolve the request "robots.txt". in /home/f7000414/public_html/yii-1.1.13/framework/web/CWebApplication.php:286
Stack trace:
#0 /home/f7000414/public_html/yii-1.1.13/framework/web/CWebApplication.php(141): CWebApplication->runController('robots.txt')
#1 /home/f7000414/public_html/yii-1.1.13/framework/base/CApplication.php(169): CWebApplication->processRequest()
#2 /home/f7000414/public_html/index.php(17): CApplication->run()
#3 {main}
REQUEST_URI=/robots.txt
---
2025/09/01 14:34:58 [error] [exception.CHttpException.404] CHttpException: Unable to resolve the request "robots.txt". in /home/f7000414/public_html/yii-1.1.13/framework/web/CWebApplication.php:286
Stack trace:
#0 /home/f7000414/public_html/yii-1.1.13/framework/web/CWebApplication.php(141): CWebApplication->runController('robots.txt')
#1 /home/f7000414/public_html/yii-1.1.13/framework/base/CApplication.php(169): CWebApplication->processRequest()
#2 /home/f7000414/public_html/index.php(17): CApplication->run()
#3 {main}
REQUEST_URI=/robots.txt
---
2025/09/01 14:45:37 [error] [exception.CHttpException.404] CHttpException: Unable to resolve the request "robots.txt". in /home/f7000414/public_html/yii-1.1.13/framework/web/CWebApplication.php:286
Stack trace:
#0 /home/f7000414/public_html/yii-1.1.13/framework/web/CWebApplication.php(141): CWebApplication->runController('robots.txt')
#1 /home/f7000414/public_html/yii-1.1.13/framework/base/CApplication.php(169): CWebApplication->processRequest()
#2 /home/f7000414/public_html/index.php(17): CApplication->run()
#3 {main}
REQUEST_URI=/robots.txt
---
2025/09/01 14:48:01 [error] [exception.CHttpException.404] CHttpException: Unable to resolve the request ".well-known/traffic-advice". in /home/f7000414/public_html/yii-1.1.13/framework/web/CWebApplication.php:286
Stack trace:
#0 /home/f7000414/public_html/yii-1.1.13/framework/web/CWebApplication.php(141): CWebApplication->runController('.well-known/tra...')
#1 /home/f7000414/public_html/yii-1.1.13/framework/base/CApplication.php(169): CWebApplication->processRequest()
#2 /home/f7000414/public_html/index.php(17): CApplication->run()
#3 {main}
REQUEST_URI=/.well-known/traffic-advice
---
2025/09/01 14:48:03 [error] [exception.CHttpException.404] CHttpException: Unable to resolve the request ".well-known/traffic-advice". in /home/f7000414/public_html/yii-1.1.13/framework/web/CWebApplication.php:286
Stack trace:
#0 /home/f7000414/public_html/yii-1.1.13/framework/web/CWebApplication.php(141): CWebApplication->runController('.well-known/tra...')
#1 /home/f7000414/public_html/yii-1.1.13/framework/base/CApplication.php(169): CWebApplication->processRequest()
#2 /home/f7000414/public_html/index.php(17): CApplication->run()
#3 {main}
REQUEST_URI=/.well-known/traffic-advice
---
2025/09/01 15:10:05 [error] [exception.CHttpException.404] CHttpException: Unable to resolve the request "sitemap.xml". in /home/f7000414/public_html/yii-1.1.13/framework/web/CWebApplication.php:286
Stack trace:
#0 /home/f7000414/public_html/yii-1.1.13/framework/web/CWebApplication.php(141): CWebApplication->runController('sitemap.xml')
#1 /home/f7000414/public_html/yii-1.1.13/framework/base/CApplication.php(169): CWebApplication->processRequest()
#2 /home/f7000414/public_html/index.php(17): CApplication->run()
#3 {main}
REQUEST_URI=/sitemap.xml
---
2025/09/01 15:17:07 [error] [exception.CHttpException.404] CHttpException: Unable to resolve the request "robots.txt". in /home/f7000414/public_html/yii-1.1.13/framework/web/CWebApplication.php:286
Stack trace:
#0 /home/f7000414/public_html/yii-1.1.13/framework/web/CWebApplication.php(141): CWebApplication->runController('robots.txt')
#1 /home/f7000414/public_html/yii-1.1.13/framework/base/CApplication.php(169): CWebApplication->processRequest()
#2 /home/f7000414/public_html/index.php(17): CApplication->run()
#3 {main}
REQUEST_URI=/robots.txt
---
2025/09/01 15:17:09 [error] [exception.CHttpException.404] CHttpException: Unable to resolve the request "index.html". in /home/f7000414/public_html/yii-1.1.13/framework/web/CWebApplication.php:286
Stack trace:
#0 /home/f7000414/public_html/yii-1.1.13/framework/web/CWebApplication.php(141): CWebApplication->runController('index.html')
#1 /home/f7000414/public_html/yii-1.1.13/framework/base/CApplication.php(169): CWebApplication->processRequest()
#2 /home/f7000414/public_html/index.php(17): CApplication->run()
#3 {main}
REQUEST_URI=/index.html
---
2025/09/01 16:25:14 [error] [exception.CHttpException.404] CHttpException: Unable to resolve the request "robots.txt". in /home/f7000414/public_html/yii-1.1.13/framework/web/CWebApplication.php:286
Stack trace:
#0 /home/f7000414/public_html/yii-1.1.13/framework/web/CWebApplication.php(141): CWebApplication->runController('robots.txt')
#1 /home/f7000414/public_html/yii-1.1.13/framework/base/CApplication.php(169): CWebApplication->processRequest()
#2 /home/f7000414/public_html/index.php(17): CApplication->run()
#3 {main}
REQUEST_URI=/robots.txt
---
2025/09/01 16:25:17 [error] [exception.CHttpException.404] CHttpException: Unable to resolve the request "robots.txt". in /home/f7000414/public_html/yii-1.1.13/framework/web/CWebApplication.php:286
Stack trace:
#0 /home/f7000414/public_html/yii-1.1.13/framework/web/CWebApplication.php(141): CWebApplication->runController('robots.txt')
#1 /home/f7000414/public_html/yii-1.1.13/framework/base/CApplication.php(169): CWebApplication->processRequest()
#2 /home/f7000414/public_html/index.php(17): CApplication->run()
#3 {main}
REQUEST_URI=/robots.txt
---
2025/09/01 17:15:01 [error] [exception.CHttpException.404] CHttpException: Unable to resolve the request "robots.txt". in /home/f7000414/public_html/yii-1.1.13/framework/web/CWebApplication.php:286
Stack trace:
#0 /home/f7000414/public_html/yii-1.1.13/framework/web/CWebApplication.php(141): CWebApplication->runController('robots.txt')
#1 /home/f7000414/public_html/yii-1.1.13/framework/base/CApplication.php(169): CWebApplication->processRequest()
#2 /home/f7000414/public_html/index.php(17): CApplication->run()
#3 {main}
REQUEST_URI=/robots.txt
---
2025/09/01 17:42:06 [error] [exception.CHttpException.404] CHttpException: Unable to resolve the request "robots.txt". in /home/f7000414/public_html/yii-1.1.13/framework/web/CWebApplication.php:286
Stack trace:
#0 /home/f7000414/public_html/yii-1.1.13/framework/web/CWebApplication.php(141): CWebApplication->runController('robots.txt')
#1 /home/f7000414/public_html/yii-1.1.13/framework/base/CApplication.php(169): CWebApplication->processRequest()
#2 /home/f7000414/public_html/index.php(17): CApplication->run()
#3 {main}
REQUEST_URI=/robots.txt
---
2025/09/01 17:42:06 [error] [exception.CHttpException.404] CHttpException: Unable to resolve the request "robots.txt". in /home/f7000414/public_html/yii-1.1.13/framework/web/CWebApplication.php:286
Stack trace:
#0 /home/f7000414/public_html/yii-1.1.13/framework/web/CWebApplication.php(141): CWebApplication->runController('robots.txt')
#1 /home/f7000414/public_html/yii-1.1.13/framework/base/CApplication.php(169): CWebApplication->processRequest()
#2 /home/f7000414/public_html/index.php(17): CApplication->run()
#3 {main}
REQUEST_URI=/robots.txt
---
2025/09/01 18:32:32 [error] [exception.CHttpException.404] CHttpException: Unable to resolve the request "robots.txt". in /home/f7000414/public_html/yii-1.1.13/framework/web/CWebApplication.php:286
Stack trace:
#0 /home/f7000414/public_html/yii-1.1.13/framework/web/CWebApplication.php(141): CWebApplication->runController('robots.txt')
#1 /home/f7000414/public_html/yii-1.1.13/framework/base/CApplication.php(169): CWebApplication->processRequest()
#2 /home/f7000414/public_html/index.php(17): CApplication->run()
#3 {main}
REQUEST_URI=/robots.txt
---
2025/09/01 19:28:33 [error] [exception.CHttpException.404] CHttpException: Unable to resolve the request "robots.txt". in /home/f7000414/public_html/yii-1.1.13/framework/web/CWebApplication.php:286
Stack trace:
#0 /home/f7000414/public_html/yii-1.1.13/framework/web/CWebApplication.php(141): CWebApplication->runController('robots.txt')
#1 /home/f7000414/public_html/yii-1.1.13/framework/base/CApplication.php(169): CWebApplication->processRequest()
#2 /home/f7000414/public_html/index.php(17): CApplication->run()
#3 {main}
REQUEST_URI=/robots.txt
---
2025/09/01 20:00:15 [error] [exception.CHttpException.404] CHttpException: Unable to resolve the request "robots.txt". in /home/f7000414/public_html/yii-1.1.13/framework/web/CWebApplication.php:286
Stack trace:
#0 /home/f7000414/public_html/yii-1.1.13/framework/web/CWebApplication.php(141): CWebApplication->runController('robots.txt')
#1 /home/f7000414/public_html/yii-1.1.13/framework/base/CApplication.php(169): CWebApplication->processRequest()
#2 /home/f7000414/public_html/index.php(17): CApplication->run()
#3 {main}
REQUEST_URI=/robots.txt
---
2025/09/01 20:00:17 [error] [exception.CHttpException.404] CHttpException: Unable to resolve the request "index.html". in /home/f7000414/public_html/yii-1.1.13/framework/web/CWebApplication.php:286
Stack trace:
#0 /home/f7000414/public_html/yii-1.1.13/framework/web/CWebApplication.php(141): CWebApplication->runController('index.html')
#1 /home/f7000414/public_html/yii-1.1.13/framework/base/CApplication.php(169): CWebApplication->processRequest()
#2 /home/f7000414/public_html/index.php(17): CApplication->run()
#3 {main}
REQUEST_URI=/index.html
---
2025/09/01 20:10:08 [error] [exception.CHttpException.404] CHttpException: Unable to resolve the request "robots.txt". in /home/f7000414/public_html/yii-1.1.13/framework/web/CWebApplication.php:286
Stack trace:
#0 /home/f7000414/public_html/yii-1.1.13/framework/web/CWebApplication.php(141): CWebApplication->runController('robots.txt')
#1 /home/f7000414/public_html/yii-1.1.13/framework/base/CApplication.php(169): CWebApplication->processRequest()
#2 /home/f7000414/public_html/index.php(17): CApplication->run()
#3 {main}
REQUEST_URI=/robots.txt
---
2025/09/01 20:10:10 [error] [exception.CHttpException.404] CHttpException: Unable to resolve the request "robots.txt". in /home/f7000414/public_html/yii-1.1.13/framework/web/CWebApplication.php:286
Stack trace:
#0 /home/f7000414/public_html/yii-1.1.13/framework/web/CWebApplication.php(141): CWebApplication->runController('robots.txt')
#1 /home/f7000414/public_html/yii-1.1.13/framework/base/CApplication.php(169): CWebApplication->processRequest()
#2 /home/f7000414/public_html/index.php(17): CApplication->run()
#3 {main}
REQUEST_URI=/robots.txt
---
2025/09/01 20:42:53 [error] [exception.CHttpException.404] CHttpException: Unable to resolve the request "robots.txt". in /home/f7000414/public_html/yii-1.1.13/framework/web/CWebApplication.php:286
Stack trace:
#0 /home/f7000414/public_html/yii-1.1.13/framework/web/CWebApplication.php(141): CWebApplication->runController('robots.txt')
#1 /home/f7000414/public_html/yii-1.1.13/framework/base/CApplication.php(169): CWebApplication->processRequest()
#2 /home/f7000414/public_html/index.php(17): CApplication->run()
#3 {main}
REQUEST_URI=/robots.txt
---
2025/09/01 20:52:15 [error] [exception.CHttpException.404] CHttpException: Unable to resolve the request "robots.txt". in /home/f7000414/public_html/yii-1.1.13/framework/web/CWebApplication.php:286
Stack trace:
#0 /home/f7000414/public_html/yii-1.1.13/framework/web/CWebApplication.php(141): CWebApplication->runController('robots.txt')
#1 /home/f7000414/public_html/yii-1.1.13/framework/base/CApplication.php(169): CWebApplication->processRequest()
#2 /home/f7000414/public_html/index.php(17): CApplication->run()
#3 {main}
REQUEST_URI=/robots.txt
---
2025/09/01 20:52:17 [error] [exception.CHttpException.404] CHttpException: Unable to resolve the request "index.html". in /home/f7000414/public_html/yii-1.1.13/framework/web/CWebApplication.php:286
Stack trace:
#0 /home/f7000414/public_html/yii-1.1.13/framework/web/CWebApplication.php(141): CWebApplication->runController('index.html')
#1 /home/f7000414/public_html/yii-1.1.13/framework/base/CApplication.php(169): CWebApplication->processRequest()
#2 /home/f7000414/public_html/index.php(17): CApplication->run()
#3 {main}
REQUEST_URI=/index.html
---
2025/09/01 21:28:21 [error] [exception.CHttpException.404] CHttpException: Unable to resolve the request "robots.txt". in /home/f7000414/public_html/yii-1.1.13/framework/web/CWebApplication.php:286
Stack trace:
#0 /home/f7000414/public_html/yii-1.1.13/framework/web/CWebApplication.php(141): CWebApplication->runController('robots.txt')
#1 /home/f7000414/public_html/yii-1.1.13/framework/base/CApplication.php(169): CWebApplication->processRequest()
#2 /home/f7000414/public_html/index.php(17): CApplication->run()
#3 {main}
REQUEST_URI=/robots.txt
---
2025/09/01 21:52:57 [error] [exception.CHttpException.404] CHttpException: Unable to resolve the request "wp-admin/setup-config.php". in /home/f7000414/public_html/yii-1.1.13/framework/web/CWebApplication.php:286
Stack trace:
#0 /home/f7000414/public_html/yii-1.1.13/framework/web/CWebApplication.php(141): CWebApplication->runController('wp-admin/setup-...')
#1 /home/f7000414/public_html/yii-1.1.13/framework/base/CApplication.php(169): CWebApplication->processRequest()
#2 /home/f7000414/public_html/index.php(17): CApplication->run()
#3 {main}
REQUEST_URI=/wp-admin/setup-config.php
---
2025/09/01 21:53:59 [error] [exception.CHttpException.404] CHttpException: Unable to resolve the request "wordpress/wp-admin/setup-config.php". in /home/f7000414/public_html/yii-1.1.13/framework/web/CWebApplication.php:286
Stack trace:
#0 /home/f7000414/public_html/yii-1.1.13/framework/web/CWebApplication.php(141): CWebApplication->runController('wordpress/wp-ad...')
#1 /home/f7000414/public_html/yii-1.1.13/framework/base/CApplication.php(169): CWebApplication->processRequest()
#2 /home/f7000414/public_html/index.php(17): CApplication->run()
#3 {main}
REQUEST_URI=/wordpress/wp-admin/setup-config.php
---
2025/09/01 21:54:24 [error] [exception.CHttpException.404] CHttpException: Unable to resolve the request "wordpress/wp-admin/setup-config.php". in /home/f7000414/public_html/yii-1.1.13/framework/web/CWebApplication.php:286
Stack trace:
#0 /home/f7000414/public_html/yii-1.1.13/framework/web/CWebApplication.php(141): CWebApplication->runController('wordpress/wp-ad...')
#1 /home/f7000414/public_html/yii-1.1.13/framework/base/CApplication.php(169): CWebApplication->processRequest()
#2 /home/f7000414/public_html/index.php(17): CApplication->run()
#3 {main}
REQUEST_URI=/wordpress/wp-admin/setup-config.php
---
2025/09/01 21:54:39 [error] [exception.CHttpException.404] CHttpException: Unable to resolve the request "wp-admin/setup-config.php". in /home/f7000414/public_html/yii-1.1.13/framework/web/CWebApplication.php:286
Stack trace:
#0 /home/f7000414/public_html/yii-1.1.13/framework/web/CWebApplication.php(141): CWebApplication->runController('wp-admin/setup-...')
#1 /home/f7000414/public_html/yii-1.1.13/framework/base/CApplication.php(169): CWebApplication->processRequest()
#2 /home/f7000414/public_html/index.php(17): CApplication->run()
#3 {main}
REQUEST_URI=/wp-admin/setup-config.php
---
2025/09/01 22:06:13 [error] [exception.CHttpException.404] CHttpException: Unable to resolve the request "index.html". in /home/f7000414/public_html/yii-1.1.13/framework/web/CWebApplication.php:286
Stack trace:
#0 /home/f7000414/public_html/yii-1.1.13/framework/web/CWebApplication.php(141): CWebApplication->runController('index.html')
#1 /home/f7000414/public_html/yii-1.1.13/framework/base/CApplication.php(169): CWebApplication->processRequest()
#2 /home/f7000414/public_html/index.php(17): CApplication->run()
#3 {main}
REQUEST_URI=/index.html
---
2025/09/01 22:06:35 [error] [exception.CHttpException.404] CHttpException: Unable to resolve the request "index.html". in /home/f7000414/public_html/yii-1.1.13/framework/web/CWebApplication.php:286
Stack trace:
#0 /home/f7000414/public_html/yii-1.1.13/framework/web/CWebApplication.php(141): CWebApplication->runController('index.html')
#1 /home/f7000414/public_html/yii-1.1.13/framework/base/CApplication.php(169): CWebApplication->processRequest()
#2 /home/f7000414/public_html/index.php(17): CApplication->run()
#3 {main}
REQUEST_URI=/index.html
---
2025/09/02 00:27:13 [error] [exception.CHttpException.404] CHttpException: Unable to resolve the request "robots.txt". in /home/f7000414/public_html/yii-1.1.13/framework/web/CWebApplication.php:286
Stack trace:
#0 /home/f7000414/public_html/yii-1.1.13/framework/web/CWebApplication.php(141): CWebApplication->runController('robots.txt')
#1 /home/f7000414/public_html/yii-1.1.13/framework/base/CApplication.php(169): CWebApplication->processRequest()
#2 /home/f7000414/public_html/index.php(17): CApplication->run()
#3 {main}
REQUEST_URI=/robots.txt
---
2025/09/02 00:27:14 [error] [exception.CHttpException.404] CHttpException: Unable to resolve the request "robots.txt". in /home/f7000414/public_html/yii-1.1.13/framework/web/CWebApplication.php:286
Stack trace:
#0 /home/f7000414/public_html/yii-1.1.13/framework/web/CWebApplication.php(141): CWebApplication->runController('robots.txt')
#1 /home/f7000414/public_html/yii-1.1.13/framework/base/CApplication.php(169): CWebApplication->processRequest()
#2 /home/f7000414/public_html/index.php(17): CApplication->run()
#3 {main}
REQUEST_URI=/robots.txt
---
2025/09/02 01:10:48 [error] [exception.CHttpException.404] CHttpException: Unable to resolve the request "robots.txt". in /home/f7000414/public_html/yii-1.1.13/framework/web/CWebApplication.php:286
Stack trace:
#0 /home/f7000414/public_html/yii-1.1.13/framework/web/CWebApplication.php(141): CWebApplication->runController('robots.txt')
#1 /home/f7000414/public_html/yii-1.1.13/framework/base/CApplication.php(169): CWebApplication->processRequest()
#2 /home/f7000414/public_html/index.php(17): CApplication->run()
#3 {main}
REQUEST_URI=/robots.txt
---
2025/09/02 01:24:20 [error] [exception.CHttpException.404] CHttpException: Unable to resolve the request "robots.txt". in /home/f7000414/public_html/yii-1.1.13/framework/web/CWebApplication.php:286
Stack trace:
#0 /home/f7000414/public_html/yii-1.1.13/framework/web/CWebApplication.php(141): CWebApplication->runController('robots.txt')
#1 /home/f7000414/public_html/yii-1.1.13/framework/base/CApplication.php(169): CWebApplication->processRequest()
#2 /home/f7000414/public_html/index.php(17): CApplication->run()
#3 {main}
REQUEST_URI=/robots.txt
---
2025/09/02 01:24:22 [error] [exception.CHttpException.404] CHttpException: Unable to resolve the request "ads.txt". in /home/f7000414/public_html/yii-1.1.13/framework/web/CWebApplication.php:286
Stack trace:
#0 /home/f7000414/public_html/yii-1.1.13/framework/web/CWebApplication.php(141): CWebApplication->runController('ads.txt')
#1 /home/f7000414/public_html/yii-1.1.13/framework/base/CApplication.php(169): CWebApplication->processRequest()
#2 /home/f7000414/public_html/index.php(17): CApplication->run()
#3 {main}
REQUEST_URI=/ads.txt
---
2025/09/02 03:17:18 [error] [exception.CHttpException.404] CHttpException: Unable to resolve the request "robots.txt". in /home/f7000414/public_html/yii-1.1.13/framework/web/CWebApplication.php:286
Stack trace:
#0 /home/f7000414/public_html/yii-1.1.13/framework/web/CWebApplication.php(141): CWebApplication->runController('robots.txt')
#1 /home/f7000414/public_html/yii-1.1.13/framework/base/CApplication.php(169): CWebApplication->processRequest()
#2 /home/f7000414/public_html/index.php(17): CApplication->run()
#3 {main}
REQUEST_URI=/robots.txt
---
2025/09/02 03:17:18 [error] [exception.CHttpException.404] CHttpException: Unable to resolve the request "robots.txt". in /home/f7000414/public_html/yii-1.1.13/framework/web/CWebApplication.php:286
Stack trace:
#0 /home/f7000414/public_html/yii-1.1.13/framework/web/CWebApplication.php(141): CWebApplication->runController('robots.txt')
#1 /home/f7000414/public_html/yii-1.1.13/framework/base/CApplication.php(169): CWebApplication->processRequest()
#2 /home/f7000414/public_html/index.php(17): CApplication->run()
#3 {main}
REQUEST_URI=/robots.txt
---
2025/09/02 04:29:46 [error] [exception.CHttpException.404] CHttpException: Unable to resolve the request "robots.txt". in /home/f7000414/public_html/yii-1.1.13/framework/web/CWebApplication.php:286
Stack trace:
#0 /home/f7000414/public_html/yii-1.1.13/framework/web/CWebApplication.php(141): CWebApplication->runController('robots.txt')
#1 /home/f7000414/public_html/yii-1.1.13/framework/base/CApplication.php(169): CWebApplication->processRequest()
#2 /home/f7000414/public_html/index.php(17): CApplication->run()
#3 {main}
REQUEST_URI=/robots.txt
---
2025/09/02 04:29:47 [error] [exception.CHttpException.404] CHttpException: Unable to resolve the request "index.html". in /home/f7000414/public_html/yii-1.1.13/framework/web/CWebApplication.php:286
Stack trace:
#0 /home/f7000414/public_html/yii-1.1.13/framework/web/CWebApplication.php(141): CWebApplication->runController('index.html')
#1 /home/f7000414/public_html/yii-1.1.13/framework/base/CApplication.php(169): CWebApplication->processRequest()
#2 /home/f7000414/public_html/index.php(17): CApplication->run()
#3 {main}
REQUEST_URI=/index.html
---
2025/09/02 04:34:18 [error] [exception.CHttpException.404] CHttpException: Unable to resolve the request "robots.txt". in /home/f7000414/public_html/yii-1.1.13/framework/web/CWebApplication.php:286
Stack trace:
#0 /home/f7000414/public_html/yii-1.1.13/framework/web/CWebApplication.php(141): CWebApplication->runController('robots.txt')
#1 /home/f7000414/public_html/yii-1.1.13/framework/base/CApplication.php(169): CWebApplication->processRequest()
#2 /home/f7000414/public_html/index.php(17): CApplication->run()
#3 {main}
REQUEST_URI=/robots.txt
---
2025/09/02 04:34:25 [error] [exception.CHttpException.404] CHttpException: Unable to resolve the request "robots.txt". in /home/f7000414/public_html/yii-1.1.13/framework/web/CWebApplication.php:286
Stack trace:
#0 /home/f7000414/public_html/yii-1.1.13/framework/web/CWebApplication.php(141): CWebApplication->runController('robots.txt')
#1 /home/f7000414/public_html/yii-1.1.13/framework/base/CApplication.php(169): CWebApplication->processRequest()
#2 /home/f7000414/public_html/index.php(17): CApplication->run()
#3 {main}
REQUEST_URI=/robots.txt
---
2025/09/02 05:28:15 [error] [exception.CHttpException.404] CHttpException: Unable to resolve the request "robots.txt". in /home/f7000414/public_html/yii-1.1.13/framework/web/CWebApplication.php:286
Stack trace:
#0 /home/f7000414/public_html/yii-1.1.13/framework/web/CWebApplication.php(141): CWebApplication->runController('robots.txt')
#1 /home/f7000414/public_html/yii-1.1.13/framework/base/CApplication.php(169): CWebApplication->processRequest()
#2 /home/f7000414/public_html/index.php(17): CApplication->run()
#3 {main}
REQUEST_URI=/robots.txt
---
2025/09/02 06:00:59 [error] [exception.CHttpException.404] CHttpException: Unable to resolve the request "index.html". in /home/f7000414/public_html/yii-1.1.13/framework/web/CWebApplication.php:286
Stack trace:
#0 /home/f7000414/public_html/yii-1.1.13/framework/web/CWebApplication.php(141): CWebApplication->runController('index.html')
#1 /home/f7000414/public_html/yii-1.1.13/framework/base/CApplication.php(169): CWebApplication->processRequest()
#2 /home/f7000414/public_html/index.php(17): CApplication->run()
#3 {main}
REQUEST_URI=/index.html
---
2025/09/02 07:10:21 [error] [exception.CHttpException.404] CHttpException: Unable to resolve the request "media/system/js/core.js". in /home/f7000414/public_html/yii-1.1.13/framework/web/CWebApplication.php:286
Stack trace:
#0 /home/f7000414/public_html/yii-1.1.13/framework/web/CWebApplication.php(141): CWebApplication->runController('media/system/js...')
#1 /home/f7000414/public_html/yii-1.1.13/framework/base/CApplication.php(169): CWebApplication->processRequest()
#2 /home/f7000414/public_html/index.php(17): CApplication->run()
#3 {main}
REQUEST_URI=/media/system/js/core.js
---
2025/09/02 07:10:21 [error] [exception.CHttpException.404] CHttpException: Unable to resolve the request "wp-includes/js/jquery/jquery.js". in /home/f7000414/public_html/yii-1.1.13/framework/web/CWebApplication.php:286
Stack trace:
#0 /home/f7000414/public_html/yii-1.1.13/framework/web/CWebApplication.php(141): CWebApplication->runController('wp-includes/js/...')
#1 /home/f7000414/public_html/yii-1.1.13/framework/base/CApplication.php(169): CWebApplication->processRequest()
#2 /home/f7000414/public_html/index.php(17): CApplication->run()
#3 {main}
REQUEST_URI=/wp-includes/js/jquery/jquery.js
---
2025/09/02 07:27:18 [error] [exception.CHttpException.404] CHttpException: Unable to resolve the request "robots.txt". in /home/f7000414/public_html/yii-1.1.13/framework/web/CWebApplication.php:286
Stack trace:
#0 /home/f7000414/public_html/yii-1.1.13/framework/web/CWebApplication.php(141): CWebApplication->runController('robots.txt')
#1 /home/f7000414/public_html/yii-1.1.13/framework/base/CApplication.php(169): CWebApplication->processRequest()
#2 /home/f7000414/public_html/index.php(17): CApplication->run()
#3 {main}
REQUEST_URI=/robots.txt
---
2025/09/02 07:27:19 [error] [exception.CHttpException.404] CHttpException: Unable to resolve the request "robots.txt". in /home/f7000414/public_html/yii-1.1.13/framework/web/CWebApplication.php:286
Stack trace:
#0 /home/f7000414/public_html/yii-1.1.13/framework/web/CWebApplication.php(141): CWebApplication->runController('robots.txt')
#1 /home/f7000414/public_html/yii-1.1.13/framework/base/CApplication.php(169): CWebApplication->processRequest()
#2 /home/f7000414/public_html/index.php(17): CApplication->run()
#3 {main}
REQUEST_URI=/robots.txt
---
2025/09/02 07:38:57 [error] [exception.CHttpException.404] CHttpException: Unable to resolve the request "robots.txt". in /home/f7000414/public_html/yii-1.1.13/framework/web/CWebApplication.php:286
Stack trace:
#0 /home/f7000414/public_html/yii-1.1.13/framework/web/CWebApplication.php(141): CWebApplication->runController('robots.txt')
#1 /home/f7000414/public_html/yii-1.1.13/framework/base/CApplication.php(169): CWebApplication->processRequest()
#2 /home/f7000414/public_html/index.php(17): CApplication->run()
#3 {main}
REQUEST_URI=/robots.txt
---
2025/09/02 07:38:58 [error] [exception.CHttpException.404] CHttpException: Unable to resolve the request "index.html". in /home/f7000414/public_html/yii-1.1.13/framework/web/CWebApplication.php:286
Stack trace:
#0 /home/f7000414/public_html/yii-1.1.13/framework/web/CWebApplication.php(141): CWebApplication->runController('index.html')
#1 /home/f7000414/public_html/yii-1.1.13/framework/base/CApplication.php(169): CWebApplication->processRequest()
#2 /home/f7000414/public_html/index.php(17): CApplication->run()
#3 {main}
REQUEST_URI=/index.html
---
2025/09/02 08:43:53 [error] [exception.CHttpException.404] CHttpException: Unable to resolve the request "robots.txt". in /home/f7000414/public_html/yii-1.1.13/framework/web/CWebApplication.php:286
Stack trace:
#0 /home/f7000414/public_html/yii-1.1.13/framework/web/CWebApplication.php(141): CWebApplication->runController('robots.txt')
#1 /home/f7000414/public_html/yii-1.1.13/framework/base/CApplication.php(169): CWebApplication->processRequest()
#2 /home/f7000414/public_html/index.php(17): CApplication->run()
#3 {main}
REQUEST_URI=/robots.txt
---
2025/09/02 08:59:35 [error] [exception.CHttpException.404] CHttpException: Unable to resolve the request "robots.txt". in /home/f7000414/public_html/yii-1.1.13/framework/web/CWebApplication.php:286
Stack trace:
#0 /home/f7000414/public_html/yii-1.1.13/framework/web/CWebApplication.php(141): CWebApplication->runController('robots.txt')
#1 /home/f7000414/public_html/yii-1.1.13/framework/base/CApplication.php(169): CWebApplication->processRequest()
#2 /home/f7000414/public_html/index.php(17): CApplication->run()
#3 {main}
REQUEST_URI=/robots.txt
---
2025/09/02 09:03:29 [error] [exception.CHttpException.404] CHttpException: Unable to resolve the request "robots.txt". in /home/f7000414/public_html/yii-1.1.13/framework/web/CWebApplication.php:286
Stack trace:
#0 /home/f7000414/public_html/yii-1.1.13/framework/web/CWebApplication.php(141): CWebApplication->runController('robots.txt')
#1 /home/f7000414/public_html/yii-1.1.13/framework/base/CApplication.php(169): CWebApplication->processRequest()
#2 /home/f7000414/public_html/index.php(17): CApplication->run()
#3 {main}
REQUEST_URI=/robots.txt
---
2025/09/02 09:03:51 [error] [exception.CHttpException.404] CHttpException: Unable to resolve the request "robots.txt". in /home/f7000414/public_html/yii-1.1.13/framework/web/CWebApplication.php:286
Stack trace:
#0 /home/f7000414/public_html/yii-1.1.13/framework/web/CWebApplication.php(141): CWebApplication->runController('robots.txt')
#1 /home/f7000414/public_html/yii-1.1.13/framework/base/CApplication.php(169): CWebApplication->processRequest()
#2 /home/f7000414/public_html/index.php(17): CApplication->run()
#3 {main}
REQUEST_URI=/robots.txt
---
2025/09/02 09:03:52 [error] [exception.CHttpException.404] CHttpException: Unable to resolve the request "robots.txt". in /home/f7000414/public_html/yii-1.1.13/framework/web/CWebApplication.php:286
Stack trace:
#0 /home/f7000414/public_html/yii-1.1.13/framework/web/CWebApplication.php(141): CWebApplication->runController('robots.txt')
#1 /home/f7000414/public_html/yii-1.1.13/framework/base/CApplication.php(169): CWebApplication->processRequest()
#2 /home/f7000414/public_html/index.php(17): CApplication->run()
#3 {main}
REQUEST_URI=/robots.txt
---
2025/09/02 10:23:47 [error] [exception.CHttpException.404] CHttpException: Unable to resolve the request "index.html". in /home/f7000414/public_html/yii-1.1.13/framework/web/CWebApplication.php:286
Stack trace:
#0 /home/f7000414/public_html/yii-1.1.13/framework/web/CWebApplication.php(141): CWebApplication->runController('index.html')
#1 /home/f7000414/public_html/yii-1.1.13/framework/base/CApplication.php(169): CWebApplication->processRequest()
#2 /home/f7000414/public_html/index.php(17): CApplication->run()
#3 {main}
REQUEST_URI=/index.html
---
2025/09/02 12:29:25 [error] [exception.CHttpException.404] CHttpException: Unable to resolve the request "wordpress". in /home/f7000414/public_html/yii-1.1.13/framework/web/CWebApplication.php:286
Stack trace:
#0 /home/f7000414/public_html/yii-1.1.13/framework/web/CWebApplication.php(141): CWebApplication->runController('wordpress')
#1 /home/f7000414/public_html/yii-1.1.13/framework/base/CApplication.php(169): CWebApplication->processRequest()
#2 /home/f7000414/public_html/index.php(17): CApplication->run()
#3 {main}
REQUEST_URI=/wordpress
---
2025/09/02 12:29:26 [error] [exception.CHttpException.404] CHttpException: Unable to resolve the request "wp". in /home/f7000414/public_html/yii-1.1.13/framework/web/CWebApplication.php:286
Stack trace:
#0 /home/f7000414/public_html/yii-1.1.13/framework/web/CWebApplication.php(141): CWebApplication->runController('wp')
#1 /home/f7000414/public_html/yii-1.1.13/framework/base/CApplication.php(169): CWebApplication->processRequest()
#2 /home/f7000414/public_html/index.php(17): CApplication->run()
#3 {main}
REQUEST_URI=/wp
---
2025/09/02 12:29:26 [error] [exception.CHttpException.404] CHttpException: Unable to resolve the request "bc". in /home/f7000414/public_html/yii-1.1.13/framework/web/CWebApplication.php:286
Stack trace:
#0 /home/f7000414/public_html/yii-1.1.13/framework/web/CWebApplication.php(141): CWebApplication->runController('bc')
#1 /home/f7000414/public_html/yii-1.1.13/framework/base/CApplication.php(169): CWebApplication->processRequest()
#2 /home/f7000414/public_html/index.php(17): CApplication->run()
#3 {main}
REQUEST_URI=/bc
---
2025/09/02 12:29:26 [error] [exception.CHttpException.404] CHttpException: Unable to resolve the request "wordpress". in /home/f7000414/public_html/yii-1.1.13/framework/web/CWebApplication.php:286
Stack trace:
#0 /home/f7000414/public_html/yii-1.1.13/framework/web/CWebApplication.php(141): CWebApplication->runController('wordpress')
#1 /home/f7000414/public_html/yii-1.1.13/framework/base/CApplication.php(169): CWebApplication->processRequest()
#2 /home/f7000414/public_html/index.php(17): CApplication->run()
#3 {main}
REQUEST_URI=/wordpress
HTTP_REFERER=http://0800cocinas.com/wordpress
---
2025/09/02 12:29:26 [error] [exception.CHttpException.404] CHttpException: Unable to resolve the request "bk". in /home/f7000414/public_html/yii-1.1.13/framework/web/CWebApplication.php:286
Stack trace:
#0 /home/f7000414/public_html/yii-1.1.13/framework/web/CWebApplication.php(141): CWebApplication->runController('bk')
#1 /home/f7000414/public_html/yii-1.1.13/framework/base/CApplication.php(169): CWebApplication->processRequest()
#2 /home/f7000414/public_html/index.php(17): CApplication->run()
#3 {main}
REQUEST_URI=/bk
---
2025/09/02 12:29:26 [error] [exception.CHttpException.404] CHttpException: Unable to resolve the request "backup". in /home/f7000414/public_html/yii-1.1.13/framework/web/CWebApplication.php:286
Stack trace:
#0 /home/f7000414/public_html/yii-1.1.13/framework/web/CWebApplication.php(141): CWebApplication->runController('backup')
#1 /home/f7000414/public_html/yii-1.1.13/framework/base/CApplication.php(169): CWebApplication->processRequest()
#2 /home/f7000414/public_html/index.php(17): CApplication->run()
#3 {main}
REQUEST_URI=/backup
---
2025/09/02 12:29:26 [error] [exception.CHttpException.404] CHttpException: Unable to resolve the request "old". in /home/f7000414/public_html/yii-1.1.13/framework/web/CWebApplication.php:286
Stack trace:
#0 /home/f7000414/public_html/yii-1.1.13/framework/web/CWebApplication.php(141): CWebApplication->runController('old')
#1 /home/f7000414/public_html/yii-1.1.13/framework/base/CApplication.php(169): CWebApplication->processRequest()
#2 /home/f7000414/public_html/index.php(17): CApplication->run()
#3 {main}
REQUEST_URI=/old
---
2025/09/02 12:29:26 [error] [exception.CHttpException.404] CHttpException: Unable to resolve the request "new". in /home/f7000414/public_html/yii-1.1.13/framework/web/CWebApplication.php:286
Stack trace:
#0 /home/f7000414/public_html/yii-1.1.13/framework/web/CWebApplication.php(141): CWebApplication->runController('new')
#1 /home/f7000414/public_html/yii-1.1.13/framework/base/CApplication.php(169): CWebApplication->processRequest()
#2 /home/f7000414/public_html/index.php(17): CApplication->run()
#3 {main}
REQUEST_URI=/new
---
2025/09/02 12:29:27 [error] [exception.CHttpException.404] CHttpException: Unable to resolve the request "wp". in /home/f7000414/public_html/yii-1.1.13/framework/web/CWebApplication.php:286
Stack trace:
#0 /home/f7000414/public_html/yii-1.1.13/framework/web/CWebApplication.php(141): CWebApplication->runController('wp')
#1 /home/f7000414/public_html/yii-1.1.13/framework/base/CApplication.php(169): CWebApplication->processRequest()
#2 /home/f7000414/public_html/index.php(17): CApplication->run()
#3 {main}
REQUEST_URI=/wp
HTTP_REFERER=http://0800cocinas.com/wp
---
2025/09/02 12:29:27 [error] [exception.CHttpException.404] CHttpException: Unable to resolve the request "main". in /home/f7000414/public_html/yii-1.1.13/framework/web/CWebApplication.php:286
Stack trace:
#0 /home/f7000414/public_html/yii-1.1.13/framework/web/CWebApplication.php(141): CWebApplication->runController('main')
#1 /home/f7000414/public_html/yii-1.1.13/framework/base/CApplication.php(169): CWebApplication->processRequest()
#2 /home/f7000414/public_html/index.php(17): CApplication->run()
#3 {main}
REQUEST_URI=/main
---
2025/09/02 12:29:27 [error] [exception.CHttpException.404] CHttpException: Unable to resolve the request "home". in /home/f7000414/public_html/yii-1.1.13/framework/web/CWebApplication.php:286
Stack trace:
#0 /home/f7000414/public_html/yii-1.1.13/framework/web/CWebApplication.php(141): CWebApplication->runController('home')
#1 /home/f7000414/public_html/yii-1.1.13/framework/base/CApplication.php(169): CWebApplication->processRequest()
#2 /home/f7000414/public_html/index.php(17): CApplication->run()
#3 {main}
REQUEST_URI=/home
---
2025/09/02 12:29:27 [error] [exception.CHttpException.404] CHttpException: Unable to resolve the request "bc". in /home/f7000414/public_html/yii-1.1.13/framework/web/CWebApplication.php:286
Stack trace:
#0 /home/f7000414/public_html/yii-1.1.13/framework/web/CWebApplication.php(141): CWebApplication->runController('bc')
#1 /home/f7000414/public_html/yii-1.1.13/framework/base/CApplication.php(169): CWebApplication->processRequest()
#2 /home/f7000414/public_html/index.php(17): CApplication->run()
#3 {main}
REQUEST_URI=/bc
HTTP_REFERER=http://0800cocinas.com/bc
---
2025/09/02 12:29:27 [error] [exception.CHttpException.404] CHttpException: Unable to resolve the request "bk". in /home/f7000414/public_html/yii-1.1.13/framework/web/CWebApplication.php:286
Stack trace:
#0 /home/f7000414/public_html/yii-1.1.13/framework/web/CWebApplication.php(141): CWebApplication->runController('bk')
#1 /home/f7000414/public_html/yii-1.1.13/framework/base/CApplication.php(169): CWebApplication->processRequest()
#2 /home/f7000414/public_html/index.php(17): CApplication->run()
#3 {main}
REQUEST_URI=/bk
HTTP_REFERER=http://0800cocinas.com/bk
---
2025/09/02 12:29:28 [error] [exception.CHttpException.404] CHttpException: Unable to resolve the request "backup". in /home/f7000414/public_html/yii-1.1.13/framework/web/CWebApplication.php:286
Stack trace:
#0 /home/f7000414/public_html/yii-1.1.13/framework/web/CWebApplication.php(141): CWebApplication->runController('backup')
#1 /home/f7000414/public_html/yii-1.1.13/framework/base/CApplication.php(169): CWebApplication->processRequest()
#2 /home/f7000414/public_html/index.php(17): CApplication->run()
#3 {main}
REQUEST_URI=/backup
HTTP_REFERER=http://0800cocinas.com/backup
---
2025/09/02 12:29:28 [error] [exception.CHttpException.404] CHttpException: Unable to resolve the request "old". in /home/f7000414/public_html/yii-1.1.13/framework/web/CWebApplication.php:286
Stack trace:
#0 /home/f7000414/public_html/yii-1.1.13/framework/web/CWebApplication.php(141): CWebApplication->runController('old')
#1 /home/f7000414/public_html/yii-1.1.13/framework/base/CApplication.php(169): CWebApplication->processRequest()
#2 /home/f7000414/public_html/index.php(17): CApplication->run()
#3 {main}
REQUEST_URI=/old
HTTP_REFERER=http://0800cocinas.com/old
---
2025/09/02 12:29:28 [error] [exception.CHttpException.404] CHttpException: Unable to resolve the request "new". in /home/f7000414/public_html/yii-1.1.13/framework/web/CWebApplication.php:286
Stack trace:
#0 /home/f7000414/public_html/yii-1.1.13/framework/web/CWebApplication.php(141): CWebApplication->runController('new')
#1 /home/f7000414/public_html/yii-1.1.13/framework/base/CApplication.php(169): CWebApplication->processRequest()
#2 /home/f7000414/public_html/index.php(17): CApplication->run()
#3 {main}
REQUEST_URI=/new
HTTP_REFERER=http://0800cocinas.com/new
---
2025/09/02 12:29:29 [error] [exception.CHttpException.404] CHttpException: Unable to resolve the request "main". in /home/f7000414/public_html/yii-1.1.13/framework/web/CWebApplication.php:286
Stack trace:
#0 /home/f7000414/public_html/yii-1.1.13/framework/web/CWebApplication.php(141): CWebApplication->runController('main')
#1 /home/f7000414/public_html/yii-1.1.13/framework/base/CApplication.php(169): CWebApplication->processRequest()
#2 /home/f7000414/public_html/index.php(17): CApplication->run()
#3 {main}
REQUEST_URI=/main
HTTP_REFERER=http://0800cocinas.com/main
---
2025/09/02 12:29:29 [error] [exception.CHttpException.404] CHttpException: Unable to resolve the request "home". in /home/f7000414/public_html/yii-1.1.13/framework/web/CWebApplication.php:286
Stack trace:
#0 /home/f7000414/public_html/yii-1.1.13/framework/web/CWebApplication.php(141): CWebApplication->runController('home')
#1 /home/f7000414/public_html/yii-1.1.13/framework/base/CApplication.php(169): CWebApplication->processRequest()
#2 /home/f7000414/public_html/index.php(17): CApplication->run()
#3 {main}
REQUEST_URI=/home
HTTP_REFERER=http://0800cocinas.com/home
---
2025/09/02 12:29:29 [error] [exception.CHttpException.404] CHttpException: Unable to resolve the request "wordpress". in /home/f7000414/public_html/yii-1.1.13/framework/web/CWebApplication.php:286
Stack trace:
#0 /home/f7000414/public_html/yii-1.1.13/framework/web/CWebApplication.php(141): CWebApplication->runController('wordpress')
#1 /home/f7000414/public_html/yii-1.1.13/framework/base/CApplication.php(169): CWebApplication->processRequest()
#2 /home/f7000414/public_html/index.php(17): CApplication->run()
#3 {main}
REQUEST_URI=/wordpress
---
2025/09/02 12:29:29 [error] [exception.CHttpException.404] CHttpException: Unable to resolve the request "wp". in /home/f7000414/public_html/yii-1.1.13/framework/web/CWebApplication.php:286
Stack trace:
#0 /home/f7000414/public_html/yii-1.1.13/framework/web/CWebApplication.php(141): CWebApplication->runController('wp')
#1 /home/f7000414/public_html/yii-1.1.13/framework/base/CApplication.php(169): CWebApplication->processRequest()
#2 /home/f7000414/public_html/index.php(17): CApplication->run()
#3 {main}
REQUEST_URI=/wp
---
2025/09/02 12:29:30 [error] [exception.CHttpException.404] CHttpException: Unable to resolve the request "bc". in /home/f7000414/public_html/yii-1.1.13/framework/web/CWebApplication.php:286
Stack trace:
#0 /home/f7000414/public_html/yii-1.1.13/framework/web/CWebApplication.php(141): CWebApplication->runController('bc')
#1 /home/f7000414/public_html/yii-1.1.13/framework/base/CApplication.php(169): CWebApplication->processRequest()
#2 /home/f7000414/public_html/index.php(17): CApplication->run()
#3 {main}
REQUEST_URI=/bc
---
2025/09/02 12:29:30 [error] [exception.CHttpException.404] CHttpException: Unable to resolve the request "bk". in /home/f7000414/public_html/yii-1.1.13/framework/web/CWebApplication.php:286
Stack trace:
#0 /home/f7000414/public_html/yii-1.1.13/framework/web/CWebApplication.php(141): CWebApplication->runController('bk')
#1 /home/f7000414/public_html/yii-1.1.13/framework/base/CApplication.php(169): CWebApplication->processRequest()
#2 /home/f7000414/public_html/index.php(17): CApplication->run()
#3 {main}
REQUEST_URI=/bk
---
2025/09/02 12:29:30 [error] [exception.CHttpException.404] CHttpException: Unable to resolve the request "backup". in /home/f7000414/public_html/yii-1.1.13/framework/web/CWebApplication.php:286
Stack trace:
#0 /home/f7000414/public_html/yii-1.1.13/framework/web/CWebApplication.php(141): CWebApplication->runController('backup')
#1 /home/f7000414/public_html/yii-1.1.13/framework/base/CApplication.php(169): CWebApplication->processRequest()
#2 /home/f7000414/public_html/index.php(17): CApplication->run()
#3 {main}
REQUEST_URI=/backup
---
2025/09/02 12:29:30 [error] [exception.CHttpException.404] CHttpException: Unable to resolve the request "old". in /home/f7000414/public_html/yii-1.1.13/framework/web/CWebApplication.php:286
Stack trace:
#0 /home/f7000414/public_html/yii-1.1.13/framework/web/CWebApplication.php(141): CWebApplication->runController('old')
#1 /home/f7000414/public_html/yii-1.1.13/framework/base/CApplication.php(169): CWebApplication->processRequest()
#2 /home/f7000414/public_html/index.php(17): CApplication->run()
#3 {main}
REQUEST_URI=/old
---
2025/09/02 12:29:30 [error] [exception.CHttpException.404] CHttpException: Unable to resolve the request "new". in /home/f7000414/public_html/yii-1.1.13/framework/web/CWebApplication.php:286
Stack trace:
#0 /home/f7000414/public_html/yii-1.1.13/framework/web/CWebApplication.php(141): CWebApplication->runController('new')
#1 /home/f7000414/public_html/yii-1.1.13/framework/base/CApplication.php(169): CWebApplication->processRequest()
#2 /home/f7000414/public_html/index.php(17): CApplication->run()
#3 {main}
REQUEST_URI=/new
---
2025/09/02 12:29:30 [error] [exception.CHttpException.404] CHttpException: Unable to resolve the request "main". in /home/f7000414/public_html/yii-1.1.13/framework/web/CWebApplication.php:286
Stack trace:
#0 /home/f7000414/public_html/yii-1.1.13/framework/web/CWebApplication.php(141): CWebApplication->runController('main')
#1 /home/f7000414/public_html/yii-1.1.13/framework/base/CApplication.php(169): CWebApplication->processRequest()
#2 /home/f7000414/public_html/index.php(17): CApplication->run()
#3 {main}
REQUEST_URI=/main
---
2025/09/02 12:29:31 [error] [exception.CHttpException.404] CHttpException: Unable to resolve the request "home". in /home/f7000414/public_html/yii-1.1.13/framework/web/CWebApplication.php:286
Stack trace:
#0 /home/f7000414/public_html/yii-1.1.13/framework/web/CWebApplication.php(141): CWebApplication->runController('home')
#1 /home/f7000414/public_html/yii-1.1.13/framework/base/CApplication.php(169): CWebApplication->processRequest()
#2 /home/f7000414/public_html/index.php(17): CApplication->run()
#3 {main}
REQUEST_URI=/home
---
2025/09/02 13:52:39 [error] [exception.CHttpException.404] CHttpException: Unable to resolve the request "ads.txt". in /home/f7000414/public_html/yii-1.1.13/framework/web/CWebApplication.php:286
Stack trace:
#0 /home/f7000414/public_html/yii-1.1.13/framework/web/CWebApplication.php(141): CWebApplication->runController('ads.txt')
#1 /home/f7000414/public_html/yii-1.1.13/framework/base/CApplication.php(169): CWebApplication->processRequest()
#2 /home/f7000414/public_html/index.php(17): CApplication->run()
#3 {main}
REQUEST_URI=/ads.txt
---
2025/09/02 13:55:20 [error] [exception.CHttpException.404] CHttpException: Unable to resolve the request "robots.txt". in /home/f7000414/public_html/yii-1.1.13/framework/web/CWebApplication.php:286
Stack trace:
#0 /home/f7000414/public_html/yii-1.1.13/framework/web/CWebApplication.php(141): CWebApplication->runController('robots.txt')
#1 /home/f7000414/public_html/yii-1.1.13/framework/base/CApplication.php(169): CWebApplication->processRequest()
#2 /home/f7000414/public_html/index.php(17): CApplication->run()
#3 {main}
REQUEST_URI=/robots.txt
---
2025/09/02 14:18:23 [error] [exception.CHttpException.404] CHttpException: Unable to resolve the request "robots.txt". in /home/f7000414/public_html/yii-1.1.13/framework/web/CWebApplication.php:286
Stack trace:
#0 /home/f7000414/public_html/yii-1.1.13/framework/web/CWebApplication.php(141): CWebApplication->runController('robots.txt')
#1 /home/f7000414/public_html/yii-1.1.13/framework/base/CApplication.php(169): CWebApplication->processRequest()
#2 /home/f7000414/public_html/index.php(17): CApplication->run()
#3 {main}
REQUEST_URI=/robots.txt
---
2025/09/02 14:18:24 [error] [exception.CHttpException.404] CHttpException: Unable to resolve the request "robots.txt". in /home/f7000414/public_html/yii-1.1.13/framework/web/CWebApplication.php:286
Stack trace:
#0 /home/f7000414/public_html/yii-1.1.13/framework/web/CWebApplication.php(141): CWebApplication->runController('robots.txt')
#1 /home/f7000414/public_html/yii-1.1.13/framework/base/CApplication.php(169): CWebApplication->processRequest()
#2 /home/f7000414/public_html/index.php(17): CApplication->run()
#3 {main}
REQUEST_URI=/robots.txt
---
2025/09/02 14:18:29 [error] [exception.CHttpException.404] CHttpException: Unable to resolve the request "sitemaps.xml". in /home/f7000414/public_html/yii-1.1.13/framework/web/CWebApplication.php:286
Stack trace:
#0 /home/f7000414/public_html/yii-1.1.13/framework/web/CWebApplication.php(141): CWebApplication->runController('sitemaps.xml')
#1 /home/f7000414/public_html/yii-1.1.13/framework/base/CApplication.php(169): CWebApplication->processRequest()
#2 /home/f7000414/public_html/index.php(17): CApplication->run()
#3 {main}
REQUEST_URI=/sitemaps.xml
---
2025/09/02 14:18:30 [error] [exception.CHttpException.404] CHttpException: Unable to resolve the request "sitemap.xml.gz". in /home/f7000414/public_html/yii-1.1.13/framework/web/CWebApplication.php:286
Stack trace:
#0 /home/f7000414/public_html/yii-1.1.13/framework/web/CWebApplication.php(141): CWebApplication->runController('sitemap.xml.gz')
#1 /home/f7000414/public_html/yii-1.1.13/framework/base/CApplication.php(169): CWebApplication->processRequest()
#2 /home/f7000414/public_html/index.php(17): CApplication->run()
#3 {main}
REQUEST_URI=/sitemap.xml.gz
---
2025/09/02 15:16:24 [error] [exception.CHttpException.404] CHttpException: Unable to resolve the request "sitemaps.xml". in /home/f7000414/public_html/yii-1.1.13/framework/web/CWebApplication.php:286
Stack trace:
#0 /home/f7000414/public_html/yii-1.1.13/framework/web/CWebApplication.php(141): CWebApplication->runController('sitemaps.xml')
#1 /home/f7000414/public_html/yii-1.1.13/framework/base/CApplication.php(169): CWebApplication->processRequest()
#2 /home/f7000414/public_html/index.php(17): CApplication->run()
#3 {main}
REQUEST_URI=/sitemaps.xml
---
2025/09/02 15:16:26 [error] [exception.CHttpException.404] CHttpException: Unable to resolve the request "sitemap.xml.gz". in /home/f7000414/public_html/yii-1.1.13/framework/web/CWebApplication.php:286
Stack trace:
#0 /home/f7000414/public_html/yii-1.1.13/framework/web/CWebApplication.php(141): CWebApplication->runController('sitemap.xml.gz')
#1 /home/f7000414/public_html/yii-1.1.13/framework/base/CApplication.php(169): CWebApplication->processRequest()
#2 /home/f7000414/public_html/index.php(17): CApplication->run()
#3 {main}
REQUEST_URI=/sitemap.xml.gz
---
2025/09/02 15:43:38 [error] [exception.CHttpException.404] CHttpException: Unable to resolve the request "index.html". in /home/f7000414/public_html/yii-1.1.13/framework/web/CWebApplication.php:286
Stack trace:
#0 /home/f7000414/public_html/yii-1.1.13/framework/web/CWebApplication.php(141): CWebApplication->runController('index.html')
#1 /home/f7000414/public_html/yii-1.1.13/framework/base/CApplication.php(169): CWebApplication->processRequest()
#2 /home/f7000414/public_html/index.php(17): CApplication->run()
#3 {main}
REQUEST_URI=/index.html
---
2025/09/02 16:01:06 [error] [exception.CHttpException.404] CHttpException: Unable to resolve the request "robots.txt". in /home/f7000414/public_html/yii-1.1.13/framework/web/CWebApplication.php:286
Stack trace:
#0 /home/f7000414/public_html/yii-1.1.13/framework/web/CWebApplication.php(141): CWebApplication->runController('robots.txt')
#1 /home/f7000414/public_html/yii-1.1.13/framework/base/CApplication.php(169): CWebApplication->processRequest()
#2 /home/f7000414/public_html/index.php(17): CApplication->run()
#3 {main}
REQUEST_URI=/robots.txt
---
2025/09/02 16:06:25 [error] [exception.CHttpException.404] CHttpException: Unable to resolve the request "robots.txt". in /home/f7000414/public_html/yii-1.1.13/framework/web/CWebApplication.php:286
Stack trace:
#0 /home/f7000414/public_html/yii-1.1.13/framework/web/CWebApplication.php(141): CWebApplication->runController('robots.txt')
#1 /home/f7000414/public_html/yii-1.1.13/framework/base/CApplication.php(169): CWebApplication->processRequest()
#2 /home/f7000414/public_html/index.php(17): CApplication->run()
#3 {main}
REQUEST_URI=/robots.txt
---
2025/09/02 16:23:11 [error] [exception.CHttpException.404] CHttpException: Unable to resolve the request "wordpress". in /home/f7000414/public_html/yii-1.1.13/framework/web/CWebApplication.php:286
Stack trace:
#0 /home/f7000414/public_html/yii-1.1.13/framework/web/CWebApplication.php(141): CWebApplication->runController('wordpress')
#1 /home/f7000414/public_html/yii-1.1.13/framework/base/CApplication.php(169): CWebApplication->processRequest()
#2 /home/f7000414/public_html/index.php(17): CApplication->run()
#3 {main}
REQUEST_URI=/wordpress
HTTP_REFERER=http://0800cocinas.com/wordpress
---
2025/09/02 16:25:47 [error] [exception.CHttpException.404] CHttpException: Unable to resolve the request "Wordpress". in /home/f7000414/public_html/yii-1.1.13/framework/web/CWebApplication.php:286
Stack trace:
#0 /home/f7000414/public_html/yii-1.1.13/framework/web/CWebApplication.php(141): CWebApplication->runController('Wordpress')
#1 /home/f7000414/public_html/yii-1.1.13/framework/base/CApplication.php(169): CWebApplication->processRequest()
#2 /home/f7000414/public_html/index.php(17): CApplication->run()
#3 {main}
REQUEST_URI=/Wordpress
HTTP_REFERER=http://0800cocinas.com/Wordpress
---
2025/09/02 16:26:09 [error] [exception.CHttpException.404] CHttpException: Unable to resolve the request "robots.txt". in /home/f7000414/public_html/yii-1.1.13/framework/web/CWebApplication.php:286
Stack trace:
#0 /home/f7000414/public_html/yii-1.1.13/framework/web/CWebApplication.php(141): CWebApplication->runController('robots.txt')
#1 /home/f7000414/public_html/yii-1.1.13/framework/base/CApplication.php(169): CWebApplication->processRequest()
#2 /home/f7000414/public_html/index.php(17): CApplication->run()
#3 {main}
REQUEST_URI=/robots.txt
---
2025/09/02 16:28:26 [error] [exception.CHttpException.404] CHttpException: Unable to resolve the request "WORDPRESS". in /home/f7000414/public_html/yii-1.1.13/framework/web/CWebApplication.php:286
Stack trace:
#0 /home/f7000414/public_html/yii-1.1.13/framework/web/CWebApplication.php(141): CWebApplication->runController('WORDPRESS')
#1 /home/f7000414/public_html/yii-1.1.13/framework/base/CApplication.php(169): CWebApplication->processRequest()
#2 /home/f7000414/public_html/index.php(17): CApplication->run()
#3 {main}
REQUEST_URI=/WORDPRESS
HTTP_REFERER=http://0800cocinas.com/WORDPRESS
---
2025/09/02 16:29:34 [error] [exception.CHttpException.404] CHttpException: Unable to resolve the request "WordPress". in /home/f7000414/public_html/yii-1.1.13/framework/web/CWebApplication.php:286
Stack trace:
#0 /home/f7000414/public_html/yii-1.1.13/framework/web/CWebApplication.php(141): CWebApplication->runController('WordPress')
#1 /home/f7000414/public_html/yii-1.1.13/framework/base/CApplication.php(169): CWebApplication->processRequest()
#2 /home/f7000414/public_html/index.php(17): CApplication->run()
#3 {main}
REQUEST_URI=/WordPress
HTTP_REFERER=http://0800cocinas.com/WordPress
---
2025/09/02 16:32:29 [error] [exception.CHttpException.404] CHttpException: Unable to resolve the request "wp". in /home/f7000414/public_html/yii-1.1.13/framework/web/CWebApplication.php:286
Stack trace:
#0 /home/f7000414/public_html/yii-1.1.13/framework/web/CWebApplication.php(141): CWebApplication->runController('wp')
#1 /home/f7000414/public_html/yii-1.1.13/framework/base/CApplication.php(169): CWebApplication->processRequest()
#2 /home/f7000414/public_html/index.php(17): CApplication->run()
#3 {main}
REQUEST_URI=/wp
HTTP_REFERER=http://0800cocinas.com/wp
---
2025/09/02 16:35:53 [error] [exception.CHttpException.404] CHttpException: Unable to resolve the request "Wp". in /home/f7000414/public_html/yii-1.1.13/framework/web/CWebApplication.php:286
Stack trace:
#0 /home/f7000414/public_html/yii-1.1.13/framework/web/CWebApplication.php(141): CWebApplication->runController('Wp')
#1 /home/f7000414/public_html/yii-1.1.13/framework/base/CApplication.php(169): CWebApplication->processRequest()
#2 /home/f7000414/public_html/index.php(17): CApplication->run()
#3 {main}
REQUEST_URI=/Wp
HTTP_REFERER=http://0800cocinas.com/Wp
---
2025/09/02 16:37:38 [error] [exception.CHttpException.404] CHttpException: Unable to resolve the request "WP". in /home/f7000414/public_html/yii-1.1.13/framework/web/CWebApplication.php:286
Stack trace:
#0 /home/f7000414/public_html/yii-1.1.13/framework/web/CWebApplication.php(141): CWebApplication->runController('WP')
#1 /home/f7000414/public_html/yii-1.1.13/framework/base/CApplication.php(169): CWebApplication->processRequest()
#2 /home/f7000414/public_html/index.php(17): CApplication->run()
#3 {main}
REQUEST_URI=/WP
HTTP_REFERER=http://0800cocinas.com/WP
---
2025/09/02 16:39:07 [error] [exception.CHttpException.404] CHttpException: Unable to resolve the request "old". in /home/f7000414/public_html/yii-1.1.13/framework/web/CWebApplication.php:286
Stack trace:
#0 /home/f7000414/public_html/yii-1.1.13/framework/web/CWebApplication.php(141): CWebApplication->runController('old')
#1 /home/f7000414/public_html/yii-1.1.13/framework/base/CApplication.php(169): CWebApplication->processRequest()
#2 /home/f7000414/public_html/index.php(17): CApplication->run()
#3 {main}
REQUEST_URI=/old
HTTP_REFERER=http://0800cocinas.com/old
---
2025/09/02 16:41:03 [error] [exception.CHttpException.404] CHttpException: Unable to resolve the request "Old". in /home/f7000414/public_html/yii-1.1.13/framework/web/CWebApplication.php:286
Stack trace:
#0 /home/f7000414/public_html/yii-1.1.13/framework/web/CWebApplication.php(141): CWebApplication->runController('Old')
#1 /home/f7000414/public_html/yii-1.1.13/framework/base/CApplication.php(169): CWebApplication->processRequest()
#2 /home/f7000414/public_html/index.php(17): CApplication->run()
#3 {main}
REQUEST_URI=/Old
HTTP_REFERER=http://0800cocinas.com/Old
---
2025/09/02 16:41:50 [error] [exception.CHttpException.404] CHttpException: Unable to resolve the request "OLD". in /home/f7000414/public_html/yii-1.1.13/framework/web/CWebApplication.php:286
Stack trace:
#0 /home/f7000414/public_html/yii-1.1.13/framework/web/CWebApplication.php(141): CWebApplication->runController('OLD')
#1 /home/f7000414/public_html/yii-1.1.13/framework/base/CApplication.php(169): CWebApplication->processRequest()
#2 /home/f7000414/public_html/index.php(17): CApplication->run()
#3 {main}
REQUEST_URI=/OLD
HTTP_REFERER=http://0800cocinas.com/OLD
---
2025/09/02 16:44:28 [error] [exception.CHttpException.404] CHttpException: Unable to resolve the request "oldsite". in /home/f7000414/public_html/yii-1.1.13/framework/web/CWebApplication.php:286
Stack trace:
#0 /home/f7000414/public_html/yii-1.1.13/framework/web/CWebApplication.php(141): CWebApplication->runController('oldsite')
#1 /home/f7000414/public_html/yii-1.1.13/framework/base/CApplication.php(169): CWebApplication->processRequest()
#2 /home/f7000414/public_html/index.php(17): CApplication->run()
#3 {main}
REQUEST_URI=/oldsite
HTTP_REFERER=http://0800cocinas.com/oldsite
---
2025/09/02 16:46:35 [error] [exception.CHttpException.404] CHttpException: Unable to resolve the request "new". in /home/f7000414/public_html/yii-1.1.13/framework/web/CWebApplication.php:286
Stack trace:
#0 /home/f7000414/public_html/yii-1.1.13/framework/web/CWebApplication.php(141): CWebApplication->runController('new')
#1 /home/f7000414/public_html/yii-1.1.13/framework/base/CApplication.php(169): CWebApplication->processRequest()
#2 /home/f7000414/public_html/index.php(17): CApplication->run()
#3 {main}
REQUEST_URI=/new
HTTP_REFERER=http://0800cocinas.com/new
---
2025/09/02 16:47:40 [error] [exception.CHttpException.404] CHttpException: Unable to resolve the request "New". in /home/f7000414/public_html/yii-1.1.13/framework/web/CWebApplication.php:286
Stack trace:
#0 /home/f7000414/public_html/yii-1.1.13/framework/web/CWebApplication.php(141): CWebApplication->runController('New')
#1 /home/f7000414/public_html/yii-1.1.13/framework/base/CApplication.php(169): CWebApplication->processRequest()
#2 /home/f7000414/public_html/index.php(17): CApplication->run()
#3 {main}
REQUEST_URI=/New
HTTP_REFERER=http://0800cocinas.com/New
---
2025/09/02 16:49:27 [error] [exception.CHttpException.404] CHttpException: Unable to resolve the request "NEW". in /home/f7000414/public_html/yii-1.1.13/framework/web/CWebApplication.php:286
Stack trace:
#0 /home/f7000414/public_html/yii-1.1.13/framework/web/CWebApplication.php(141): CWebApplication->runController('NEW')
#1 /home/f7000414/public_html/yii-1.1.13/framework/base/CApplication.php(169): CWebApplication->processRequest()
#2 /home/f7000414/public_html/index.php(17): CApplication->run()
#3 {main}
REQUEST_URI=/NEW
HTTP_REFERER=http://0800cocinas.com/NEW
---
2025/09/02 16:51:02 [error] [exception.CHttpException.404] CHttpException: Unable to resolve the request "wp-old". in /home/f7000414/public_html/yii-1.1.13/framework/web/CWebApplication.php:286
Stack trace:
#0 /home/f7000414/public_html/yii-1.1.13/framework/web/CWebApplication.php(141): CWebApplication->runController('wp-old')
#1 /home/f7000414/public_html/yii-1.1.13/framework/base/CApplication.php(169): CWebApplication->processRequest()
#2 /home/f7000414/public_html/index.php(17): CApplication->run()
#3 {main}
REQUEST_URI=/wp-old
HTTP_REFERER=http://0800cocinas.com/wp-old
---
2025/09/02 16:52:50 [error] [exception.CHttpException.404] CHttpException: Unable to resolve the request "2022". in /home/f7000414/public_html/yii-1.1.13/framework/web/CWebApplication.php:286
Stack trace:
#0 /home/f7000414/public_html/yii-1.1.13/framework/web/CWebApplication.php(141): CWebApplication->runController('2022')
#1 /home/f7000414/public_html/yii-1.1.13/framework/base/CApplication.php(169): CWebApplication->processRequest()
#2 /home/f7000414/public_html/index.php(17): CApplication->run()
#3 {main}
REQUEST_URI=/2022
HTTP_REFERER=http://0800cocinas.com/2022
---
2025/09/02 16:53:15 [error] [exception.CHttpException.404] CHttpException: Unable to resolve the request "2023". in /home/f7000414/public_html/yii-1.1.13/framework/web/CWebApplication.php:286
Stack trace:
#0 /home/f7000414/public_html/yii-1.1.13/framework/web/CWebApplication.php(141): CWebApplication->runController('2023')
#1 /home/f7000414/public_html/yii-1.1.13/framework/base/CApplication.php(169): CWebApplication->processRequest()
#2 /home/f7000414/public_html/index.php(17): CApplication->run()
#3 {main}
REQUEST_URI=/2023
HTTP_REFERER=http://0800cocinas.com/2023
---
2025/09/02 16:54:42 [error] [exception.CHttpException.404] CHttpException: Unable to resolve the request "2024". in /home/f7000414/public_html/yii-1.1.13/framework/web/CWebApplication.php:286
Stack trace:
#0 /home/f7000414/public_html/yii-1.1.13/framework/web/CWebApplication.php(141): CWebApplication->runController('2024')
#1 /home/f7000414/public_html/yii-1.1.13/framework/base/CApplication.php(169): CWebApplication->processRequest()
#2 /home/f7000414/public_html/index.php(17): CApplication->run()
#3 {main}
REQUEST_URI=/2024
HTTP_REFERER=http://0800cocinas.com/2024
---
2025/09/02 16:56:46 [error] [exception.CHttpException.404] CHttpException: Unable to resolve the request "2017". in /home/f7000414/public_html/yii-1.1.13/framework/web/CWebApplication.php:286
Stack trace:
#0 /home/f7000414/public_html/yii-1.1.13/framework/web/CWebApplication.php(141): CWebApplication->runController('2017')
#1 /home/f7000414/public_html/yii-1.1.13/framework/base/CApplication.php(169): CWebApplication->processRequest()
#2 /home/f7000414/public_html/index.php(17): CApplication->run()
#3 {main}
REQUEST_URI=/2017
HTTP_REFERER=http://0800cocinas.com/2017
---
2025/09/02 16:58:38 [error] [exception.CHttpException.404] CHttpException: Unable to resolve the request "2020". in /home/f7000414/public_html/yii-1.1.13/framework/web/CWebApplication.php:286
Stack trace:
#0 /home/f7000414/public_html/yii-1.1.13/framework/web/CWebApplication.php(141): CWebApplication->runController('2020')
#1 /home/f7000414/public_html/yii-1.1.13/framework/base/CApplication.php(169): CWebApplication->processRequest()
#2 /home/f7000414/public_html/index.php(17): CApplication->run()
#3 {main}
REQUEST_URI=/2020
HTTP_REFERER=http://0800cocinas.com/2020
---
2025/09/02 17:00:26 [error] [exception.CHttpException.404] CHttpException: Unable to resolve the request "2019". in /home/f7000414/public_html/yii-1.1.13/framework/web/CWebApplication.php:286
Stack trace:
#0 /home/f7000414/public_html/yii-1.1.13/framework/web/CWebApplication.php(141): CWebApplication->runController('2019')
#1 /home/f7000414/public_html/yii-1.1.13/framework/base/CApplication.php(169): CWebApplication->processRequest()
#2 /home/f7000414/public_html/index.php(17): CApplication->run()
#3 {main}
REQUEST_URI=/2019
HTTP_REFERER=http://0800cocinas.com/2019
---
2025/09/02 17:01:00 [error] [exception.CHttpException.404] CHttpException: Unable to resolve the request "2018". in /home/f7000414/public_html/yii-1.1.13/framework/web/CWebApplication.php:286
Stack trace:
#0 /home/f7000414/public_html/yii-1.1.13/framework/web/CWebApplication.php(141): CWebApplication->runController('2018')
#1 /home/f7000414/public_html/yii-1.1.13/framework/base/CApplication.php(169): CWebApplication->processRequest()
#2 /home/f7000414/public_html/index.php(17): CApplication->run()
#3 {main}
REQUEST_URI=/2018
HTTP_REFERER=http://0800cocinas.com/2018
---
2025/09/02 17:03:15 [error] [exception.CHttpException.404] CHttpException: Unable to resolve the request "backup". in /home/f7000414/public_html/yii-1.1.13/framework/web/CWebApplication.php:286
Stack trace:
#0 /home/f7000414/public_html/yii-1.1.13/framework/web/CWebApplication.php(141): CWebApplication->runController('backup')
#1 /home/f7000414/public_html/yii-1.1.13/framework/base/CApplication.php(169): CWebApplication->processRequest()
#2 /home/f7000414/public_html/index.php(17): CApplication->run()
#3 {main}
REQUEST_URI=/backup
HTTP_REFERER=http://0800cocinas.com/backup
---
2025/09/02 17:04:38 [error] [exception.CHttpException.404] CHttpException: Unable to resolve the request "test". in /home/f7000414/public_html/yii-1.1.13/framework/web/CWebApplication.php:286
Stack trace:
#0 /home/f7000414/public_html/yii-1.1.13/framework/web/CWebApplication.php(141): CWebApplication->runController('test')
#1 /home/f7000414/public_html/yii-1.1.13/framework/base/CApplication.php(169): CWebApplication->processRequest()
#2 /home/f7000414/public_html/index.php(17): CApplication->run()
#3 {main}
REQUEST_URI=/test
HTTP_REFERER=http://0800cocinas.com/test
---
2025/09/02 17:06:31 [error] [exception.CHttpException.404] CHttpException: Unable to resolve the request "Test". in /home/f7000414/public_html/yii-1.1.13/framework/web/CWebApplication.php:286
Stack trace:
#0 /home/f7000414/public_html/yii-1.1.13/framework/web/CWebApplication.php(141): CWebApplication->runController('Test')
#1 /home/f7000414/public_html/yii-1.1.13/framework/base/CApplication.php(169): CWebApplication->processRequest()
#2 /home/f7000414/public_html/index.php(17): CApplication->run()
#3 {main}
REQUEST_URI=/Test
HTTP_REFERER=http://0800cocinas.com/Test
---
2025/09/02 17:07:58 [error] [exception.CHttpException.404] CHttpException: Unable to resolve the request "TEST". in /home/f7000414/public_html/yii-1.1.13/framework/web/CWebApplication.php:286
Stack trace:
#0 /home/f7000414/public_html/yii-1.1.13/framework/web/CWebApplication.php(141): CWebApplication->runController('TEST')
#1 /home/f7000414/public_html/yii-1.1.13/framework/base/CApplication.php(169): CWebApplication->processRequest()
#2 /home/f7000414/public_html/index.php(17): CApplication->run()
#3 {main}
REQUEST_URI=/TEST
HTTP_REFERER=http://0800cocinas.com/TEST
---
2025/09/02 17:08:59 [error] [exception.CHttpException.404] CHttpException: Unable to resolve the request "demo". in /home/f7000414/public_html/yii-1.1.13/framework/web/CWebApplication.php:286
Stack trace:
#0 /home/f7000414/public_html/yii-1.1.13/framework/web/CWebApplication.php(141): CWebApplication->runController('demo')
#1 /home/f7000414/public_html/yii-1.1.13/framework/base/CApplication.php(169): CWebApplication->processRequest()
#2 /home/f7000414/public_html/index.php(17): CApplication->run()
#3 {main}
REQUEST_URI=/demo
HTTP_REFERER=http://0800cocinas.com/demo
---
2025/09/02 17:10:22 [error] [exception.CHttpException.404] CHttpException: Unable to resolve the request "bc". in /home/f7000414/public_html/yii-1.1.13/framework/web/CWebApplication.php:286
Stack trace:
#0 /home/f7000414/public_html/yii-1.1.13/framework/web/CWebApplication.php(141): CWebApplication->runController('bc')
#1 /home/f7000414/public_html/yii-1.1.13/framework/base/CApplication.php(169): CWebApplication->processRequest()
#2 /home/f7000414/public_html/index.php(17): CApplication->run()
#3 {main}
REQUEST_URI=/bc
HTTP_REFERER=http://0800cocinas.com/bc
---
2025/09/02 17:12:39 [error] [exception.CHttpException.404] CHttpException: Unable to resolve the request "www". in /home/f7000414/public_html/yii-1.1.13/framework/web/CWebApplication.php:286
Stack trace:
#0 /home/f7000414/public_html/yii-1.1.13/framework/web/CWebApplication.php(141): CWebApplication->runController('www')
#1 /home/f7000414/public_html/yii-1.1.13/framework/base/CApplication.php(169): CWebApplication->processRequest()
#2 /home/f7000414/public_html/index.php(17): CApplication->run()
#3 {main}
REQUEST_URI=/www
HTTP_REFERER=http://0800cocinas.com/www
---
2025/09/02 17:14:07 [error] [exception.CHttpException.404] CHttpException: Unable to resolve the request "WWW". in /home/f7000414/public_html/yii-1.1.13/framework/web/CWebApplication.php:286
Stack trace:
#0 /home/f7000414/public_html/yii-1.1.13/framework/web/CWebApplication.php(141): CWebApplication->runController('WWW')
#1 /home/f7000414/public_html/yii-1.1.13/framework/base/CApplication.php(169): CWebApplication->processRequest()
#2 /home/f7000414/public_html/index.php(17): CApplication->run()
#3 {main}
REQUEST_URI=/WWW
HTTP_REFERER=http://0800cocinas.com/WWW
---
2025/09/02 17:14:42 [error] [exception.CHttpException.404] CHttpException: Unable to resolve the request "Www". in /home/f7000414/public_html/yii-1.1.13/framework/web/CWebApplication.php:286
Stack trace:
#0 /home/f7000414/public_html/yii-1.1.13/framework/web/CWebApplication.php(141): CWebApplication->runController('Www')
#1 /home/f7000414/public_html/yii-1.1.13/framework/base/CApplication.php(169): CWebApplication->processRequest()
#2 /home/f7000414/public_html/index.php(17): CApplication->run()
#3 {main}
REQUEST_URI=/Www
HTTP_REFERER=http://0800cocinas.com/Www
---
2025/09/02 17:16:33 [error] [exception.CHttpException.404] CHttpException: Unable to resolve the request "2021". in /home/f7000414/public_html/yii-1.1.13/framework/web/CWebApplication.php:286
Stack trace:
#0 /home/f7000414/public_html/yii-1.1.13/framework/web/CWebApplication.php(141): CWebApplication->runController('2021')
#1 /home/f7000414/public_html/yii-1.1.13/framework/base/CApplication.php(169): CWebApplication->processRequest()
#2 /home/f7000414/public_html/index.php(17): CApplication->run()
#3 {main}
REQUEST_URI=/2021
HTTP_REFERER=http://0800cocinas.com/2021
---
2025/09/02 17:17:59 [error] [exception.CHttpException.404] CHttpException: Unable to resolve the request "main". in /home/f7000414/public_html/yii-1.1.13/framework/web/CWebApplication.php:286
Stack trace:
#0 /home/f7000414/public_html/yii-1.1.13/framework/web/CWebApplication.php(141): CWebApplication->runController('main')
#1 /home/f7000414/public_html/yii-1.1.13/framework/base/CApplication.php(169): CWebApplication->processRequest()
#2 /home/f7000414/public_html/index.php(17): CApplication->run()
#3 {main}
REQUEST_URI=/main
HTTP_REFERER=http://0800cocinas.com/main
---
2025/09/02 17:19:07 [error] [exception.CHttpException.404] CHttpException: Unable to resolve the request "old-site". in /home/f7000414/public_html/yii-1.1.13/framework/web/CWebApplication.php:286
Stack trace:
#0 /home/f7000414/public_html/yii-1.1.13/framework/web/CWebApplication.php(141): CWebApplication->runController('old-site')
#1 /home/f7000414/public_html/yii-1.1.13/framework/base/CApplication.php(169): CWebApplication->processRequest()
#2 /home/f7000414/public_html/index.php(17): CApplication->run()
#3 {main}
REQUEST_URI=/old-site
HTTP_REFERER=http://0800cocinas.com/old-site
---
2025/09/02 17:21:29 [error] [exception.CHttpException.404] CHttpException: Unable to resolve the request "bk". in /home/f7000414/public_html/yii-1.1.13/framework/web/CWebApplication.php:286
Stack trace:
#0 /home/f7000414/public_html/yii-1.1.13/framework/web/CWebApplication.php(141): CWebApplication->runController('bk')
#1 /home/f7000414/public_html/yii-1.1.13/framework/base/CApplication.php(169): CWebApplication->processRequest()
#2 /home/f7000414/public_html/index.php(17): CApplication->run()
#3 {main}
REQUEST_URI=/bk
HTTP_REFERER=http://0800cocinas.com/bk
---
2025/09/02 17:22:19 [error] [exception.CHttpException.404] CHttpException: Unable to resolve the request "Backup". in /home/f7000414/public_html/yii-1.1.13/framework/web/CWebApplication.php:286
Stack trace:
#0 /home/f7000414/public_html/yii-1.1.13/framework/web/CWebApplication.php(141): CWebApplication->runController('Backup')
#1 /home/f7000414/public_html/yii-1.1.13/framework/base/CApplication.php(169): CWebApplication->processRequest()
#2 /home/f7000414/public_html/index.php(17): CApplication->run()
#3 {main}
REQUEST_URI=/Backup
HTTP_REFERER=http://0800cocinas.com/Backup
---
2025/09/02 17:24:13 [error] [exception.CHttpException.404] CHttpException: Unable to resolve the request "BACKUP". in /home/f7000414/public_html/yii-1.1.13/framework/web/CWebApplication.php:286
Stack trace:
#0 /home/f7000414/public_html/yii-1.1.13/framework/web/CWebApplication.php(141): CWebApplication->runController('BACKUP')
#1 /home/f7000414/public_html/yii-1.1.13/framework/base/CApplication.php(169): CWebApplication->processRequest()
#2 /home/f7000414/public_html/index.php(17): CApplication->run()
#3 {main}
REQUEST_URI=/BACKUP
HTTP_REFERER=http://0800cocinas.com/BACKUP
---
2025/09/02 17:25:30 [error] [exception.CHttpException.404] CHttpException: Unable to resolve the request "SHOP". in /home/f7000414/public_html/yii-1.1.13/framework/web/CWebApplication.php:286
Stack trace:
#0 /home/f7000414/public_html/yii-1.1.13/framework/web/CWebApplication.php(141): CWebApplication->runController('SHOP')
#1 /home/f7000414/public_html/yii-1.1.13/framework/base/CApplication.php(169): CWebApplication->processRequest()
#2 /home/f7000414/public_html/index.php(17): CApplication->run()
#3 {main}
REQUEST_URI=/SHOP
HTTP_REFERER=http://0800cocinas.com/SHOP
---
2025/09/02 17:26:23 [error] [exception.CHttpException.404] CHttpException: Unable to resolve the request "Shop". in /home/f7000414/public_html/yii-1.1.13/framework/web/CWebApplication.php:286
Stack trace:
#0 /home/f7000414/public_html/yii-1.1.13/framework/web/CWebApplication.php(141): CWebApplication->runController('Shop')
#1 /home/f7000414/public_html/yii-1.1.13/framework/base/CApplication.php(169): CWebApplication->processRequest()
#2 /home/f7000414/public_html/index.php(17): CApplication->run()
#3 {main}
REQUEST_URI=/Shop
HTTP_REFERER=http://0800cocinas.com/Shop
---
2025/09/02 17:27:46 [error] [exception.CHttpException.404] CHttpException: Unable to resolve the request "shop". in /home/f7000414/public_html/yii-1.1.13/framework/web/CWebApplication.php:286
Stack trace:
#0 /home/f7000414/public_html/yii-1.1.13/framework/web/CWebApplication.php(141): CWebApplication->runController('shop')
#1 /home/f7000414/public_html/yii-1.1.13/framework/base/CApplication.php(169): CWebApplication->processRequest()
#2 /home/f7000414/public_html/index.php(17): CApplication->run()
#3 {main}
REQUEST_URI=/shop
HTTP_REFERER=http://0800cocinas.com/shop
---
2025/09/02 17:29:23 [error] [exception.CHttpException.404] CHttpException: Unable to resolve the request "bak". in /home/f7000414/public_html/yii-1.1.13/framework/web/CWebApplication.php:286
Stack trace:
#0 /home/f7000414/public_html/yii-1.1.13/framework/web/CWebApplication.php(141): CWebApplication->runController('bak')
#1 /home/f7000414/public_html/yii-1.1.13/framework/base/CApplication.php(169): CWebApplication->processRequest()
#2 /home/f7000414/public_html/index.php(17): CApplication->run()
#3 {main}
REQUEST_URI=/bak
HTTP_REFERER=http://0800cocinas.com/bak
---
2025/09/02 17:30:25 [error] [exception.CHttpException.404] CHttpException: Unable to resolve the request "sitio". in /home/f7000414/public_html/yii-1.1.13/framework/web/CWebApplication.php:286
Stack trace:
#0 /home/f7000414/public_html/yii-1.1.13/framework/web/CWebApplication.php(141): CWebApplication->runController('sitio')
#1 /home/f7000414/public_html/yii-1.1.13/framework/base/CApplication.php(169): CWebApplication->processRequest()
#2 /home/f7000414/public_html/index.php(17): CApplication->run()
#3 {main}
REQUEST_URI=/sitio
HTTP_REFERER=http://0800cocinas.com/sitio
---
2025/09/02 17:31:56 [error] [exception.CHttpException.404] CHttpException: Unable to resolve the request "bac". in /home/f7000414/public_html/yii-1.1.13/framework/web/CWebApplication.php:286
Stack trace:
#0 /home/f7000414/public_html/yii-1.1.13/framework/web/CWebApplication.php(141): CWebApplication->runController('bac')
#1 /home/f7000414/public_html/yii-1.1.13/framework/base/CApplication.php(169): CWebApplication->processRequest()
#2 /home/f7000414/public_html/index.php(17): CApplication->run()
#3 {main}
REQUEST_URI=/bac
HTTP_REFERER=http://0800cocinas.com/bac
---
2025/09/02 17:33:45 [error] [exception.CHttpException.404] CHttpException: Unable to resolve the request "sito". in /home/f7000414/public_html/yii-1.1.13/framework/web/CWebApplication.php:286
Stack trace:
#0 /home/f7000414/public_html/yii-1.1.13/framework/web/CWebApplication.php(141): CWebApplication->runController('sito')
#1 /home/f7000414/public_html/yii-1.1.13/framework/base/CApplication.php(169): CWebApplication->processRequest()
#2 /home/f7000414/public_html/index.php(17): CApplication->run()
#3 {main}
REQUEST_URI=/sito
HTTP_REFERER=http://0800cocinas.com/sito
---
2025/09/02 17:37:49 [error] [exception.CHttpException.404] CHttpException: Unable to resolve the request "SITE". in /home/f7000414/public_html/yii-1.1.13/framework/web/CWebApplication.php:286
Stack trace:
#0 /home/f7000414/public_html/yii-1.1.13/framework/web/CWebApplication.php(141): CWebApplication->runController('SITE')
#1 /home/f7000414/public_html/yii-1.1.13/framework/base/CApplication.php(169): CWebApplication->processRequest()
#2 /home/f7000414/public_html/index.php(17): CApplication->run()
#3 {main}
REQUEST_URI=/SITE
HTTP_REFERER=http://0800cocinas.com/SITE
---
2025/09/02 17:39:09 [error] [exception.CHttpException.404] CHttpException: Unable to resolve the request "blog". in /home/f7000414/public_html/yii-1.1.13/framework/web/CWebApplication.php:286
Stack trace:
#0 /home/f7000414/public_html/yii-1.1.13/framework/web/CWebApplication.php(141): CWebApplication->runController('blog')
#1 /home/f7000414/public_html/yii-1.1.13/framework/base/CApplication.php(169): CWebApplication->processRequest()
#2 /home/f7000414/public_html/index.php(17): CApplication->run()
#3 {main}
REQUEST_URI=/blog
HTTP_REFERER=http://0800cocinas.com/blog
---
2025/09/02 17:40:18 [error] [exception.CHttpException.404] CHttpException: Unable to resolve the request "BLOG". in /home/f7000414/public_html/yii-1.1.13/framework/web/CWebApplication.php:286
Stack trace:
#0 /home/f7000414/public_html/yii-1.1.13/framework/web/CWebApplication.php(141): CWebApplication->runController('BLOG')
#1 /home/f7000414/public_html/yii-1.1.13/framework/base/CApplication.php(169): CWebApplication->processRequest()
#2 /home/f7000414/public_html/index.php(17): CApplication->run()
#3 {main}
REQUEST_URI=/BLOG
HTTP_REFERER=http://0800cocinas.com/BLOG
---
2025/09/02 17:41:49 [error] [exception.CHttpException.404] CHttpException: Unable to resolve the request "Blog". in /home/f7000414/public_html/yii-1.1.13/framework/web/CWebApplication.php:286
Stack trace:
#0 /home/f7000414/public_html/yii-1.1.13/framework/web/CWebApplication.php(141): CWebApplication->runController('Blog')
#1 /home/f7000414/public_html/yii-1.1.13/framework/base/CApplication.php(169): CWebApplication->processRequest()
#2 /home/f7000414/public_html/index.php(17): CApplication->run()
#3 {main}
REQUEST_URI=/Blog
HTTP_REFERER=http://0800cocinas.com/Blog
---
2025/09/02 17:45:13 [error] [exception.CHttpException.404] CHttpException: Unable to resolve the request "robots.txt". in /home/f7000414/public_html/yii-1.1.13/framework/web/CWebApplication.php:286
Stack trace:
#0 /home/f7000414/public_html/yii-1.1.13/framework/web/CWebApplication.php(141): CWebApplication->runController('robots.txt')
#1 /home/f7000414/public_html/yii-1.1.13/framework/base/CApplication.php(169): CWebApplication->processRequest()
#2 /home/f7000414/public_html/index.php(17): CApplication->run()
#3 {main}
REQUEST_URI=/robots.txt
---
2025/09/02 18:00:21 [error] [exception.CHttpException.404] CHttpException: Unable to resolve the request "robots.txt". in /home/f7000414/public_html/yii-1.1.13/framework/web/CWebApplication.php:286
Stack trace:
#0 /home/f7000414/public_html/yii-1.1.13/framework/web/CWebApplication.php(141): CWebApplication->runController('robots.txt')
#1 /home/f7000414/public_html/yii-1.1.13/framework/base/CApplication.php(169): CWebApplication->processRequest()
#2 /home/f7000414/public_html/index.php(17): CApplication->run()
#3 {main}
REQUEST_URI=/robots.txt
---
2025/09/02 18:38:49 [error] [exception.CHttpException.404] CHttpException: Unable to resolve the request "robots.txt". in /home/f7000414/public_html/yii-1.1.13/framework/web/CWebApplication.php:286
Stack trace:
#0 /home/f7000414/public_html/yii-1.1.13/framework/web/CWebApplication.php(141): CWebApplication->runController('robots.txt')
#1 /home/f7000414/public_html/yii-1.1.13/framework/base/CApplication.php(169): CWebApplication->processRequest()
#2 /home/f7000414/public_html/index.php(17): CApplication->run()
#3 {main}
REQUEST_URI=/robots.txt
---
2025/09/02 19:06:04 [error] [exception.CHttpException.404] CHttpException: Unable to resolve the request "robots.txt". in /home/f7000414/public_html/yii-1.1.13/framework/web/CWebApplication.php:286
Stack trace:
#0 /home/f7000414/public_html/yii-1.1.13/framework/web/CWebApplication.php(141): CWebApplication->runController('robots.txt')
#1 /home/f7000414/public_html/yii-1.1.13/framework/base/CApplication.php(169): CWebApplication->processRequest()
#2 /home/f7000414/public_html/index.php(17): CApplication->run()
#3 {main}
REQUEST_URI=/robots.txt
---
2025/09/02 19:06:05 [error] [exception.CHttpException.404] CHttpException: Unable to resolve the request "robots.txt". in /home/f7000414/public_html/yii-1.1.13/framework/web/CWebApplication.php:286
Stack trace:
#0 /home/f7000414/public_html/yii-1.1.13/framework/web/CWebApplication.php(141): CWebApplication->runController('robots.txt')
#1 /home/f7000414/public_html/yii-1.1.13/framework/base/CApplication.php(169): CWebApplication->processRequest()
#2 /home/f7000414/public_html/index.php(17): CApplication->run()
#3 {main}
REQUEST_URI=/robots.txt
---
2025/09/02 19:07:48 [error] [exception.CHttpException.404] CHttpException: Unable to resolve the request "wordpress/wp-admin/setup-config.php". in /home/f7000414/public_html/yii-1.1.13/framework/web/CWebApplication.php:286
Stack trace:
#0 /home/f7000414/public_html/yii-1.1.13/framework/web/CWebApplication.php(141): CWebApplication->runController('wordpress/wp-ad...')
#1 /home/f7000414/public_html/yii-1.1.13/framework/base/CApplication.php(169): CWebApplication->processRequest()
#2 /home/f7000414/public_html/index.php(17): CApplication->run()
#3 {main}
REQUEST_URI=/wordpress/wp-admin/setup-config.php
---
2025/09/02 19:08:12 [error] [exception.CHttpException.404] CHttpException: Unable to resolve the request "wp-admin/setup-config.php". in /home/f7000414/public_html/yii-1.1.13/framework/web/CWebApplication.php:286
Stack trace:
#0 /home/f7000414/public_html/yii-1.1.13/framework/web/CWebApplication.php(141): CWebApplication->runController('wp-admin/setup-...')
#1 /home/f7000414/public_html/yii-1.1.13/framework/base/CApplication.php(169): CWebApplication->processRequest()
#2 /home/f7000414/public_html/index.php(17): CApplication->run()
#3 {main}
REQUEST_URI=/wp-admin/setup-config.php
---
2025/09/02 19:09:49 [error] [exception.CHttpException.404] CHttpException: Unable to resolve the request "wordpress/wp-admin/setup-config.php". in /home/f7000414/public_html/yii-1.1.13/framework/web/CWebApplication.php:286
Stack trace:
#0 /home/f7000414/public_html/yii-1.1.13/framework/web/CWebApplication.php(141): CWebApplication->runController('wordpress/wp-ad...')
#1 /home/f7000414/public_html/yii-1.1.13/framework/base/CApplication.php(169): CWebApplication->processRequest()
#2 /home/f7000414/public_html/index.php(17): CApplication->run()
#3 {main}
REQUEST_URI=/wordpress/wp-admin/setup-config.php
---
2025/09/02 19:10:40 [error] [exception.CHttpException.404] CHttpException: Unable to resolve the request "wp-admin/setup-config.php". in /home/f7000414/public_html/yii-1.1.13/framework/web/CWebApplication.php:286
Stack trace:
#0 /home/f7000414/public_html/yii-1.1.13/framework/web/CWebApplication.php(141): CWebApplication->runController('wp-admin/setup-...')
#1 /home/f7000414/public_html/yii-1.1.13/framework/base/CApplication.php(169): CWebApplication->processRequest()
#2 /home/f7000414/public_html/index.php(17): CApplication->run()
#3 {main}
REQUEST_URI=/wp-admin/setup-config.php
---
2025/09/02 19:29:08 [error] [exception.CHttpException.404] CHttpException: Unable to resolve the request "robots.txt". in /home/f7000414/public_html/yii-1.1.13/framework/web/CWebApplication.php:286
Stack trace:
#0 /home/f7000414/public_html/yii-1.1.13/framework/web/CWebApplication.php(141): CWebApplication->runController('robots.txt')
#1 /home/f7000414/public_html/yii-1.1.13/framework/base/CApplication.php(169): CWebApplication->processRequest()
#2 /home/f7000414/public_html/index.php(17): CApplication->run()
#3 {main}
REQUEST_URI=/robots.txt
---
2025/09/02 19:52:26 [error] [exception.CHttpException.404] CHttpException: Unable to resolve the request "wordpress". in /home/f7000414/public_html/yii-1.1.13/framework/web/CWebApplication.php:286
Stack trace:
#0 /home/f7000414/public_html/yii-1.1.13/framework/web/CWebApplication.php(141): CWebApplication->runController('wordpress')
#1 /home/f7000414/public_html/yii-1.1.13/framework/base/CApplication.php(169): CWebApplication->processRequest()
#2 /home/f7000414/public_html/index.php(17): CApplication->run()
#3 {main}
REQUEST_URI=/wordpress
---
2025/09/02 19:52:26 [error] [exception.CHttpException.404] CHttpException: Unable to resolve the request "wp". in /home/f7000414/public_html/yii-1.1.13/framework/web/CWebApplication.php:286
Stack trace:
#0 /home/f7000414/public_html/yii-1.1.13/framework/web/CWebApplication.php(141): CWebApplication->runController('wp')
#1 /home/f7000414/public_html/yii-1.1.13/framework/base/CApplication.php(169): CWebApplication->processRequest()
#2 /home/f7000414/public_html/index.php(17): CApplication->run()
#3 {main}
REQUEST_URI=/wp
---
2025/09/02 19:52:26 [error] [exception.CHttpException.404] CHttpException: Unable to resolve the request "bc". in /home/f7000414/public_html/yii-1.1.13/framework/web/CWebApplication.php:286
Stack trace:
#0 /home/f7000414/public_html/yii-1.1.13/framework/web/CWebApplication.php(141): CWebApplication->runController('bc')
#1 /home/f7000414/public_html/yii-1.1.13/framework/base/CApplication.php(169): CWebApplication->processRequest()
#2 /home/f7000414/public_html/index.php(17): CApplication->run()
#3 {main}
REQUEST_URI=/bc
---
2025/09/02 19:52:27 [error] [exception.CHttpException.404] CHttpException: Unable to resolve the request "wordpress". in /home/f7000414/public_html/yii-1.1.13/framework/web/CWebApplication.php:286
Stack trace:
#0 /home/f7000414/public_html/yii-1.1.13/framework/web/CWebApplication.php(141): CWebApplication->runController('wordpress')
#1 /home/f7000414/public_html/yii-1.1.13/framework/base/CApplication.php(169): CWebApplication->processRequest()
#2 /home/f7000414/public_html/index.php(17): CApplication->run()
#3 {main}
REQUEST_URI=/wordpress
HTTP_REFERER=http://0800cocinas.com/wordpress
---
2025/09/02 19:52:27 [error] [exception.CHttpException.404] CHttpException: Unable to resolve the request "bk". in /home/f7000414/public_html/yii-1.1.13/framework/web/CWebApplication.php:286
Stack trace:
#0 /home/f7000414/public_html/yii-1.1.13/framework/web/CWebApplication.php(141): CWebApplication->runController('bk')
#1 /home/f7000414/public_html/yii-1.1.13/framework/base/CApplication.php(169): CWebApplication->processRequest()
#2 /home/f7000414/public_html/index.php(17): CApplication->run()
#3 {main}
REQUEST_URI=/bk
---
2025/09/02 19:52:27 [error] [exception.CHttpException.404] CHttpException: Unable to resolve the request "backup". in /home/f7000414/public_html/yii-1.1.13/framework/web/CWebApplication.php:286
Stack trace:
#0 /home/f7000414/public_html/yii-1.1.13/framework/web/CWebApplication.php(141): CWebApplication->runController('backup')
#1 /home/f7000414/public_html/yii-1.1.13/framework/base/CApplication.php(169): CWebApplication->processRequest()
#2 /home/f7000414/public_html/index.php(17): CApplication->run()
#3 {main}
REQUEST_URI=/backup
---
2025/09/02 19:52:27 [error] [exception.CHttpException.404] CHttpException: Unable to resolve the request "old". in /home/f7000414/public_html/yii-1.1.13/framework/web/CWebApplication.php:286
Stack trace:
#0 /home/f7000414/public_html/yii-1.1.13/framework/web/CWebApplication.php(141): CWebApplication->runController('old')
#1 /home/f7000414/public_html/yii-1.1.13/framework/base/CApplication.php(169): CWebApplication->processRequest()
#2 /home/f7000414/public_html/index.php(17): CApplication->run()
#3 {main}
REQUEST_URI=/old
---
2025/09/02 19:52:27 [error] [exception.CHttpException.404] CHttpException: Unable to resolve the request "new". in /home/f7000414/public_html/yii-1.1.13/framework/web/CWebApplication.php:286
Stack trace:
#0 /home/f7000414/public_html/yii-1.1.13/framework/web/CWebApplication.php(141): CWebApplication->runController('new')
#1 /home/f7000414/public_html/yii-1.1.13/framework/base/CApplication.php(169): CWebApplication->processRequest()
#2 /home/f7000414/public_html/index.php(17): CApplication->run()
#3 {main}
REQUEST_URI=/new
---
2025/09/02 19:52:27 [error] [exception.CHttpException.404] CHttpException: Unable to resolve the request "wp". in /home/f7000414/public_html/yii-1.1.13/framework/web/CWebApplication.php:286
Stack trace:
#0 /home/f7000414/public_html/yii-1.1.13/framework/web/CWebApplication.php(141): CWebApplication->runController('wp')
#1 /home/f7000414/public_html/yii-1.1.13/framework/base/CApplication.php(169): CWebApplication->processRequest()
#2 /home/f7000414/public_html/index.php(17): CApplication->run()
#3 {main}
REQUEST_URI=/wp
HTTP_REFERER=http://0800cocinas.com/wp
---
2025/09/02 19:52:27 [error] [exception.CHttpException.404] CHttpException: Unable to resolve the request "main". in /home/f7000414/public_html/yii-1.1.13/framework/web/CWebApplication.php:286
Stack trace:
#0 /home/f7000414/public_html/yii-1.1.13/framework/web/CWebApplication.php(141): CWebApplication->runController('main')
#1 /home/f7000414/public_html/yii-1.1.13/framework/base/CApplication.php(169): CWebApplication->processRequest()
#2 /home/f7000414/public_html/index.php(17): CApplication->run()
#3 {main}
REQUEST_URI=/main
---
2025/09/02 19:52:27 [error] [exception.CHttpException.404] CHttpException: Unable to resolve the request "home". in /home/f7000414/public_html/yii-1.1.13/framework/web/CWebApplication.php:286
Stack trace:
#0 /home/f7000414/public_html/yii-1.1.13/framework/web/CWebApplication.php(141): CWebApplication->runController('home')
#1 /home/f7000414/public_html/yii-1.1.13/framework/base/CApplication.php(169): CWebApplication->processRequest()
#2 /home/f7000414/public_html/index.php(17): CApplication->run()
#3 {main}
REQUEST_URI=/home
---
2025/09/02 19:52:28 [error] [exception.CHttpException.404] CHttpException: Unable to resolve the request "bc". in /home/f7000414/public_html/yii-1.1.13/framework/web/CWebApplication.php:286
Stack trace:
#0 /home/f7000414/public_html/yii-1.1.13/framework/web/CWebApplication.php(141): CWebApplication->runController('bc')
#1 /home/f7000414/public_html/yii-1.1.13/framework/base/CApplication.php(169): CWebApplication->processRequest()
#2 /home/f7000414/public_html/index.php(17): CApplication->run()
#3 {main}
REQUEST_URI=/bc
HTTP_REFERER=http://0800cocinas.com/bc
---
2025/09/02 19:52:28 [error] [exception.CHttpException.404] CHttpException: Unable to resolve the request "bk". in /home/f7000414/public_html/yii-1.1.13/framework/web/CWebApplication.php:286
Stack trace:
#0 /home/f7000414/public_html/yii-1.1.13/framework/web/CWebApplication.php(141): CWebApplication->runController('bk')
#1 /home/f7000414/public_html/yii-1.1.13/framework/base/CApplication.php(169): CWebApplication->processRequest()
#2 /home/f7000414/public_html/index.php(17): CApplication->run()
#3 {main}
REQUEST_URI=/bk
HTTP_REFERER=http://0800cocinas.com/bk
---
2025/09/02 19:52:28 [error] [exception.CHttpException.404] CHttpException: Unable to resolve the request "backup". in /home/f7000414/public_html/yii-1.1.13/framework/web/CWebApplication.php:286
Stack trace:
#0 /home/f7000414/public_html/yii-1.1.13/framework/web/CWebApplication.php(141): CWebApplication->runController('backup')
#1 /home/f7000414/public_html/yii-1.1.13/framework/base/CApplication.php(169): CWebApplication->processRequest()
#2 /home/f7000414/public_html/index.php(17): CApplication->run()
#3 {main}
REQUEST_URI=/backup
HTTP_REFERER=http://0800cocinas.com/backup
---
2025/09/02 19:52:29 [error] [exception.CHttpException.404] CHttpException: Unable to resolve the request "old". in /home/f7000414/public_html/yii-1.1.13/framework/web/CWebApplication.php:286
Stack trace:
#0 /home/f7000414/public_html/yii-1.1.13/framework/web/CWebApplication.php(141): CWebApplication->runController('old')
#1 /home/f7000414/public_html/yii-1.1.13/framework/base/CApplication.php(169): CWebApplication->processRequest()
#2 /home/f7000414/public_html/index.php(17): CApplication->run()
#3 {main}
REQUEST_URI=/old
HTTP_REFERER=http://0800cocinas.com/old
---
2025/09/02 19:52:29 [error] [exception.CHttpException.404] CHttpException: Unable to resolve the request "new". in /home/f7000414/public_html/yii-1.1.13/framework/web/CWebApplication.php:286
Stack trace:
#0 /home/f7000414/public_html/yii-1.1.13/framework/web/CWebApplication.php(141): CWebApplication->runController('new')
#1 /home/f7000414/public_html/yii-1.1.13/framework/base/CApplication.php(169): CWebApplication->processRequest()
#2 /home/f7000414/public_html/index.php(17): CApplication->run()
#3 {main}
REQUEST_URI=/new
HTTP_REFERER=http://0800cocinas.com/new
---
2025/09/02 19:52:29 [error] [exception.CHttpException.404] CHttpException: Unable to resolve the request "main". in /home/f7000414/public_html/yii-1.1.13/framework/web/CWebApplication.php:286
Stack trace:
#0 /home/f7000414/public_html/yii-1.1.13/framework/web/CWebApplication.php(141): CWebApplication->runController('main')
#1 /home/f7000414/public_html/yii-1.1.13/framework/base/CApplication.php(169): CWebApplication->processRequest()
#2 /home/f7000414/public_html/index.php(17): CApplication->run()
#3 {main}
REQUEST_URI=/main
HTTP_REFERER=http://0800cocinas.com/main
---
2025/09/02 19:52:30 [error] [exception.CHttpException.404] CHttpException: Unable to resolve the request "home". in /home/f7000414/public_html/yii-1.1.13/framework/web/CWebApplication.php:286
Stack trace:
#0 /home/f7000414/public_html/yii-1.1.13/framework/web/CWebApplication.php(141): CWebApplication->runController('home')
#1 /home/f7000414/public_html/yii-1.1.13/framework/base/CApplication.php(169): CWebApplication->processRequest()
#2 /home/f7000414/public_html/index.php(17): CApplication->run()
#3 {main}
REQUEST_URI=/home
HTTP_REFERER=http://0800cocinas.com/home
---
2025/09/02 19:52:30 [error] [exception.CHttpException.404] CHttpException: Unable to resolve the request "wordpress". in /home/f7000414/public_html/yii-1.1.13/framework/web/CWebApplication.php:286
Stack trace:
#0 /home/f7000414/public_html/yii-1.1.13/framework/web/CWebApplication.php(141): CWebApplication->runController('wordpress')
#1 /home/f7000414/public_html/yii-1.1.13/framework/base/CApplication.php(169): CWebApplication->processRequest()
#2 /home/f7000414/public_html/index.php(17): CApplication->run()
#3 {main}
REQUEST_URI=/wordpress
---
2025/09/02 19:52:30 [error] [exception.CHttpException.404] CHttpException: Unable to resolve the request "wp". in /home/f7000414/public_html/yii-1.1.13/framework/web/CWebApplication.php:286
Stack trace:
#0 /home/f7000414/public_html/yii-1.1.13/framework/web/CWebApplication.php(141): CWebApplication->runController('wp')
#1 /home/f7000414/public_html/yii-1.1.13/framework/base/CApplication.php(169): CWebApplication->processRequest()
#2 /home/f7000414/public_html/index.php(17): CApplication->run()
#3 {main}
REQUEST_URI=/wp
---
2025/09/02 19:52:30 [error] [exception.CHttpException.404] CHttpException: Unable to resolve the request "bc". in /home/f7000414/public_html/yii-1.1.13/framework/web/CWebApplication.php:286
Stack trace:
#0 /home/f7000414/public_html/yii-1.1.13/framework/web/CWebApplication.php(141): CWebApplication->runController('bc')
#1 /home/f7000414/public_html/yii-1.1.13/framework/base/CApplication.php(169): CWebApplication->processRequest()
#2 /home/f7000414/public_html/index.php(17): CApplication->run()
#3 {main}
REQUEST_URI=/bc
---
2025/09/02 19:52:30 [error] [exception.CHttpException.404] CHttpException: Unable to resolve the request "bk". in /home/f7000414/public_html/yii-1.1.13/framework/web/CWebApplication.php:286
Stack trace:
#0 /home/f7000414/public_html/yii-1.1.13/framework/web/CWebApplication.php(141): CWebApplication->runController('bk')
#1 /home/f7000414/public_html/yii-1.1.13/framework/base/CApplication.php(169): CWebApplication->processRequest()
#2 /home/f7000414/public_html/index.php(17): CApplication->run()
#3 {main}
REQUEST_URI=/bk
---
2025/09/02 19:52:30 [error] [exception.CHttpException.404] CHttpException: Unable to resolve the request "backup". in /home/f7000414/public_html/yii-1.1.13/framework/web/CWebApplication.php:286
Stack trace:
#0 /home/f7000414/public_html/yii-1.1.13/framework/web/CWebApplication.php(141): CWebApplication->runController('backup')
#1 /home/f7000414/public_html/yii-1.1.13/framework/base/CApplication.php(169): CWebApplication->processRequest()
#2 /home/f7000414/public_html/index.php(17): CApplication->run()
#3 {main}
REQUEST_URI=/backup
---
2025/09/02 19:52:31 [error] [exception.CHttpException.404] CHttpException: Unable to resolve the request "old". in /home/f7000414/public_html/yii-1.1.13/framework/web/CWebApplication.php:286
Stack trace:
#0 /home/f7000414/public_html/yii-1.1.13/framework/web/CWebApplication.php(141): CWebApplication->runController('old')
#1 /home/f7000414/public_html/yii-1.1.13/framework/base/CApplication.php(169): CWebApplication->processRequest()
#2 /home/f7000414/public_html/index.php(17): CApplication->run()
#3 {main}
REQUEST_URI=/old
---
2025/09/02 19:52:31 [error] [exception.CHttpException.404] CHttpException: Unable to resolve the request "new". in /home/f7000414/public_html/yii-1.1.13/framework/web/CWebApplication.php:286
Stack trace:
#0 /home/f7000414/public_html/yii-1.1.13/framework/web/CWebApplication.php(141): CWebApplication->runController('new')
#1 /home/f7000414/public_html/yii-1.1.13/framework/base/CApplication.php(169): CWebApplication->processRequest()
#2 /home/f7000414/public_html/index.php(17): CApplication->run()
#3 {main}
REQUEST_URI=/new
---
2025/09/02 19:52:31 [error] [exception.CHttpException.404] CHttpException: Unable to resolve the request "main". in /home/f7000414/public_html/yii-1.1.13/framework/web/CWebApplication.php:286
Stack trace:
#0 /home/f7000414/public_html/yii-1.1.13/framework/web/CWebApplication.php(141): CWebApplication->runController('main')
#1 /home/f7000414/public_html/yii-1.1.13/framework/base/CApplication.php(169): CWebApplication->processRequest()
#2 /home/f7000414/public_html/index.php(17): CApplication->run()
#3 {main}
REQUEST_URI=/main
---
2025/09/02 19:52:31 [error] [exception.CHttpException.404] CHttpException: Unable to resolve the request "home". in /home/f7000414/public_html/yii-1.1.13/framework/web/CWebApplication.php:286
Stack trace:
#0 /home/f7000414/public_html/yii-1.1.13/framework/web/CWebApplication.php(141): CWebApplication->runController('home')
#1 /home/f7000414/public_html/yii-1.1.13/framework/base/CApplication.php(169): CWebApplication->processRequest()
#2 /home/f7000414/public_html/index.php(17): CApplication->run()
#3 {main}
REQUEST_URI=/home
---
2025/09/02 22:06:44 [error] [exception.CHttpException.404] CHttpException: Unable to resolve the request "robots.txt". in /home/f7000414/public_html/yii-1.1.13/framework/web/CWebApplication.php:286
Stack trace:
#0 /home/f7000414/public_html/yii-1.1.13/framework/web/CWebApplication.php(141): CWebApplication->runController('robots.txt')
#1 /home/f7000414/public_html/yii-1.1.13/framework/base/CApplication.php(169): CWebApplication->processRequest()
#2 /home/f7000414/public_html/index.php(17): CApplication->run()
#3 {main}
REQUEST_URI=/robots.txt
---
2025/09/02 22:06:46 [error] [exception.CHttpException.404] CHttpException: Unable to resolve the request "robots.txt". in /home/f7000414/public_html/yii-1.1.13/framework/web/CWebApplication.php:286
Stack trace:
#0 /home/f7000414/public_html/yii-1.1.13/framework/web/CWebApplication.php(141): CWebApplication->runController('robots.txt')
#1 /home/f7000414/public_html/yii-1.1.13/framework/base/CApplication.php(169): CWebApplication->processRequest()
#2 /home/f7000414/public_html/index.php(17): CApplication->run()
#3 {main}
REQUEST_URI=/robots.txt
---
2025/09/02 22:26:43 [error] [exception.CHttpException.404] CHttpException: Unable to resolve the request "robots.txt". in /home/f7000414/public_html/yii-1.1.13/framework/web/CWebApplication.php:286
Stack trace:
#0 /home/f7000414/public_html/yii-1.1.13/framework/web/CWebApplication.php(141): CWebApplication->runController('robots.txt')
#1 /home/f7000414/public_html/yii-1.1.13/framework/base/CApplication.php(169): CWebApplication->processRequest()
#2 /home/f7000414/public_html/index.php(17): CApplication->run()
#3 {main}
REQUEST_URI=/robots.txt
---
2025/09/02 23:30:36 [error] [exception.CHttpException.404] CHttpException: Unable to resolve the request "index.html". in /home/f7000414/public_html/yii-1.1.13/framework/web/CWebApplication.php:286
Stack trace:
#0 /home/f7000414/public_html/yii-1.1.13/framework/web/CWebApplication.php(141): CWebApplication->runController('index.html')
#1 /home/f7000414/public_html/yii-1.1.13/framework/base/CApplication.php(169): CWebApplication->processRequest()
#2 /home/f7000414/public_html/index.php(17): CApplication->run()
#3 {main}
REQUEST_URI=/index.html
---
2025/09/02 23:51:35 [error] [exception.CHttpException.404] CHttpException: Unable to resolve the request "robots.txt". in /home/f7000414/public_html/yii-1.1.13/framework/web/CWebApplication.php:286
Stack trace:
#0 /home/f7000414/public_html/yii-1.1.13/framework/web/CWebApplication.php(141): CWebApplication->runController('robots.txt')
#1 /home/f7000414/public_html/yii-1.1.13/framework/base/CApplication.php(169): CWebApplication->processRequest()
#2 /home/f7000414/public_html/index.php(17): CApplication->run()
#3 {main}
REQUEST_URI=/robots.txt
---
2025/09/03 00:43:23 [error] [exception.CHttpException.404] CHttpException: Unable to resolve the request "media/system/js/core.js". in /home/f7000414/public_html/yii-1.1.13/framework/web/CWebApplication.php:286
Stack trace:
#0 /home/f7000414/public_html/yii-1.1.13/framework/web/CWebApplication.php(141): CWebApplication->runController('media/system/js...')
#1 /home/f7000414/public_html/yii-1.1.13/framework/base/CApplication.php(169): CWebApplication->processRequest()
#2 /home/f7000414/public_html/index.php(17): CApplication->run()
#3 {main}
REQUEST_URI=/media/system/js/core.js
---
2025/09/03 00:43:23 [error] [exception.CHttpException.404] CHttpException: Unable to resolve the request "wp-includes/js/jquery/jquery.js". in /home/f7000414/public_html/yii-1.1.13/framework/web/CWebApplication.php:286
Stack trace:
#0 /home/f7000414/public_html/yii-1.1.13/framework/web/CWebApplication.php(141): CWebApplication->runController('wp-includes/js/...')
#1 /home/f7000414/public_html/yii-1.1.13/framework/base/CApplication.php(169): CWebApplication->processRequest()
#2 /home/f7000414/public_html/index.php(17): CApplication->run()
#3 {main}
REQUEST_URI=/wp-includes/js/jquery/jquery.js
---
2025/09/03 00:52:59 [error] [exception.CHttpException.404] CHttpException: Unable to resolve the request "robots.txt". in /home/f7000414/public_html/yii-1.1.13/framework/web/CWebApplication.php:286
Stack trace:
#0 /home/f7000414/public_html/yii-1.1.13/framework/web/CWebApplication.php(141): CWebApplication->runController('robots.txt')
#1 /home/f7000414/public_html/yii-1.1.13/framework/base/CApplication.php(169): CWebApplication->processRequest()
#2 /home/f7000414/public_html/index.php(17): CApplication->run()
#3 {main}
REQUEST_URI=/robots.txt
---
2025/09/03 01:13:47 [error] [exception.CHttpException.404] CHttpException: Unable to resolve the request "index.html". in /home/f7000414/public_html/yii-1.1.13/framework/web/CWebApplication.php:286
Stack trace:
#0 /home/f7000414/public_html/yii-1.1.13/framework/web/CWebApplication.php(141): CWebApplication->runController('index.html')
#1 /home/f7000414/public_html/yii-1.1.13/framework/base/CApplication.php(169): CWebApplication->processRequest()
#2 /home/f7000414/public_html/index.php(17): CApplication->run()
#3 {main}
REQUEST_URI=/index.html
---
2025/09/03 01:24:21 [error] [exception.CHttpException.404] CHttpException: Unable to resolve the request "robots.txt". in /home/f7000414/public_html/yii-1.1.13/framework/web/CWebApplication.php:286
Stack trace:
#0 /home/f7000414/public_html/yii-1.1.13/framework/web/CWebApplication.php(141): CWebApplication->runController('robots.txt')
#1 /home/f7000414/public_html/yii-1.1.13/framework/base/CApplication.php(169): CWebApplication->processRequest()
#2 /home/f7000414/public_html/index.php(17): CApplication->run()
#3 {main}
REQUEST_URI=/robots.txt
---
2025/09/03 01:24:24 [error] [exception.CHttpException.404] CHttpException: Unable to resolve the request "ads.txt". in /home/f7000414/public_html/yii-1.1.13/framework/web/CWebApplication.php:286
Stack trace:
#0 /home/f7000414/public_html/yii-1.1.13/framework/web/CWebApplication.php(141): CWebApplication->runController('ads.txt')
#1 /home/f7000414/public_html/yii-1.1.13/framework/base/CApplication.php(169): CWebApplication->processRequest()
#2 /home/f7000414/public_html/index.php(17): CApplication->run()
#3 {main}
REQUEST_URI=/ads.txt
---
2025/09/03 01:25:04 [error] [exception.CHttpException.404] CHttpException: Unable to resolve the request "robots.txt". in /home/f7000414/public_html/yii-1.1.13/framework/web/CWebApplication.php:286
Stack trace:
#0 /home/f7000414/public_html/yii-1.1.13/framework/web/CWebApplication.php(141): CWebApplication->runController('robots.txt')
#1 /home/f7000414/public_html/yii-1.1.13/framework/base/CApplication.php(169): CWebApplication->processRequest()
#2 /home/f7000414/public_html/index.php(17): CApplication->run()
#3 {main}
REQUEST_URI=/robots.txt
---
2025/09/03 01:38:53 [error] [exception.CHttpException.404] CHttpException: Unable to resolve the request "media/system/js/core.js". in /home/f7000414/public_html/yii-1.1.13/framework/web/CWebApplication.php:286
Stack trace:
#0 /home/f7000414/public_html/yii-1.1.13/framework/web/CWebApplication.php(141): CWebApplication->runController('media/system/js...')
#1 /home/f7000414/public_html/yii-1.1.13/framework/base/CApplication.php(169): CWebApplication->processRequest()
#2 /home/f7000414/public_html/index.php(17): CApplication->run()
#3 {main}
REQUEST_URI=/media/system/js/core.js
---
2025/09/03 01:38:54 [error] [exception.CHttpException.404] CHttpException: Unable to resolve the request "wp-includes/js/jquery/jquery.js". in /home/f7000414/public_html/yii-1.1.13/framework/web/CWebApplication.php:286
Stack trace:
#0 /home/f7000414/public_html/yii-1.1.13/framework/web/CWebApplication.php(141): CWebApplication->runController('wp-includes/js/...')
#1 /home/f7000414/public_html/yii-1.1.13/framework/base/CApplication.php(169): CWebApplication->processRequest()
#2 /home/f7000414/public_html/index.php(17): CApplication->run()
#3 {main}
REQUEST_URI=/wp-includes/js/jquery/jquery.js
---
2025/09/03 02:17:19 [error] [exception.CHttpException.404] CHttpException: Unable to resolve the request "index.html". in /home/f7000414/public_html/yii-1.1.13/framework/web/CWebApplication.php:286
Stack trace:
#0 /home/f7000414/public_html/yii-1.1.13/framework/web/CWebApplication.php(141): CWebApplication->runController('index.html')
#1 /home/f7000414/public_html/yii-1.1.13/framework/base/CApplication.php(169): CWebApplication->processRequest()
#2 /home/f7000414/public_html/index.php(17): CApplication->run()
#3 {main}
REQUEST_URI=/index.html
---
2025/09/03 02:27:49 [error] [exception.CHttpException.404] CHttpException: Unable to resolve the request "robots.txt". in /home/f7000414/public_html/yii-1.1.13/framework/web/CWebApplication.php:286
Stack trace:
#0 /home/f7000414/public_html/yii-1.1.13/framework/web/CWebApplication.php(141): CWebApplication->runController('robots.txt')
#1 /home/f7000414/public_html/yii-1.1.13/framework/base/CApplication.php(169): CWebApplication->processRequest()
#2 /home/f7000414/public_html/index.php(17): CApplication->run()
#3 {main}
REQUEST_URI=/robots.txt
---
2025/09/03 02:40:36 [error] [exception.CHttpException.404] CHttpException: Unable to resolve the request "robots.txt". in /home/f7000414/public_html/yii-1.1.13/framework/web/CWebApplication.php:286
Stack trace:
#0 /home/f7000414/public_html/yii-1.1.13/framework/web/CWebApplication.php(141): CWebApplication->runController('robots.txt')
#1 /home/f7000414/public_html/yii-1.1.13/framework/base/CApplication.php(169): CWebApplication->processRequest()
#2 /home/f7000414/public_html/index.php(17): CApplication->run()
#3 {main}
REQUEST_URI=/robots.txt
---
2025/09/03 02:40:37 [error] [exception.CHttpException.404] CHttpException: Unable to resolve the request "index.html". in /home/f7000414/public_html/yii-1.1.13/framework/web/CWebApplication.php:286
Stack trace:
#0 /home/f7000414/public_html/yii-1.1.13/framework/web/CWebApplication.php(141): CWebApplication->runController('index.html')
#1 /home/f7000414/public_html/yii-1.1.13/framework/base/CApplication.php(169): CWebApplication->processRequest()
#2 /home/f7000414/public_html/index.php(17): CApplication->run()
#3 {main}
REQUEST_URI=/index.html
---
2025/09/03 02:43:38 [error] [exception.CHttpException.404] CHttpException: Unable to resolve the request "robots.txt". in /home/f7000414/public_html/yii-1.1.13/framework/web/CWebApplication.php:286
Stack trace:
#0 /home/f7000414/public_html/yii-1.1.13/framework/web/CWebApplication.php(141): CWebApplication->runController('robots.txt')
#1 /home/f7000414/public_html/yii-1.1.13/framework/base/CApplication.php(169): CWebApplication->processRequest()
#2 /home/f7000414/public_html/index.php(17): CApplication->run()
#3 {main}
REQUEST_URI=/robots.txt
HTTP_REFERER=http://0800cocinas.com/robots.txt
---
2025/09/03 02:45:30 [error] [exception.CHttpException.404] CHttpException: Unable to resolve the request "index.html". in /home/f7000414/public_html/yii-1.1.13/framework/web/CWebApplication.php:286
Stack trace:
#0 /home/f7000414/public_html/yii-1.1.13/framework/web/CWebApplication.php(141): CWebApplication->runController('index.html')
#1 /home/f7000414/public_html/yii-1.1.13/framework/base/CApplication.php(169): CWebApplication->processRequest()
#2 /home/f7000414/public_html/index.php(17): CApplication->run()
#3 {main}
REQUEST_URI=/index.html
---
2025/09/03 02:54:15 [error] [exception.CHttpException.404] CHttpException: Unable to resolve the request "robots.txt". in /home/f7000414/public_html/yii-1.1.13/framework/web/CWebApplication.php:286
Stack trace:
#0 /home/f7000414/public_html/yii-1.1.13/framework/web/CWebApplication.php(141): CWebApplication->runController('robots.txt')
#1 /home/f7000414/public_html/yii-1.1.13/framework/base/CApplication.php(169): CWebApplication->processRequest()
#2 /home/f7000414/public_html/index.php(17): CApplication->run()
#3 {main}
REQUEST_URI=/robots.txt
---
2025/09/03 02:54:16 [error] [exception.CHttpException.404] CHttpException: Unable to resolve the request "index.html". in /home/f7000414/public_html/yii-1.1.13/framework/web/CWebApplication.php:286
Stack trace:
#0 /home/f7000414/public_html/yii-1.1.13/framework/web/CWebApplication.php(141): CWebApplication->runController('index.html')
#1 /home/f7000414/public_html/yii-1.1.13/framework/base/CApplication.php(169): CWebApplication->processRequest()
#2 /home/f7000414/public_html/index.php(17): CApplication->run()
#3 {main}
REQUEST_URI=/index.html
---
2025/09/03 03:03:48 [error] [exception.CHttpException.404] CHttpException: Unable to resolve the request "wp-admin/setup-config.php". in /home/f7000414/public_html/yii-1.1.13/framework/web/CWebApplication.php:286
Stack trace:
#0 /home/f7000414/public_html/yii-1.1.13/framework/web/CWebApplication.php(141): CWebApplication->runController('wp-admin/setup-...')
#1 /home/f7000414/public_html/yii-1.1.13/framework/base/CApplication.php(169): CWebApplication->processRequest()
#2 /home/f7000414/public_html/index.php(17): CApplication->run()
#3 {main}
REQUEST_URI=/wp-admin/setup-config.php
---
2025/09/03 03:04:53 [error] [exception.CHttpException.404] CHttpException: Unable to resolve the request "wordpress/wp-admin/setup-config.php". in /home/f7000414/public_html/yii-1.1.13/framework/web/CWebApplication.php:286
Stack trace:
#0 /home/f7000414/public_html/yii-1.1.13/framework/web/CWebApplication.php(141): CWebApplication->runController('wordpress/wp-ad...')
#1 /home/f7000414/public_html/yii-1.1.13/framework/base/CApplication.php(169): CWebApplication->processRequest()
#2 /home/f7000414/public_html/index.php(17): CApplication->run()
#3 {main}
REQUEST_URI=/wordpress/wp-admin/setup-config.php
---
2025/09/03 03:06:06 [error] [exception.CHttpException.404] CHttpException: Unable to resolve the request "wordpress/wp-admin/setup-config.php". in /home/f7000414/public_html/yii-1.1.13/framework/web/CWebApplication.php:286
Stack trace:
#0 /home/f7000414/public_html/yii-1.1.13/framework/web/CWebApplication.php(141): CWebApplication->runController('wordpress/wp-ad...')
#1 /home/f7000414/public_html/yii-1.1.13/framework/base/CApplication.php(169): CWebApplication->processRequest()
#2 /home/f7000414/public_html/index.php(17): CApplication->run()
#3 {main}
REQUEST_URI=/wordpress/wp-admin/setup-config.php
---
2025/09/03 03:06:07 [error] [exception.CHttpException.404] CHttpException: Unable to resolve the request "wp-admin/setup-config.php". in /home/f7000414/public_html/yii-1.1.13/framework/web/CWebApplication.php:286
Stack trace:
#0 /home/f7000414/public_html/yii-1.1.13/framework/web/CWebApplication.php(141): CWebApplication->runController('wp-admin/setup-...')
#1 /home/f7000414/public_html/yii-1.1.13/framework/base/CApplication.php(169): CWebApplication->processRequest()
#2 /home/f7000414/public_html/index.php(17): CApplication->run()
#3 {main}
REQUEST_URI=/wp-admin/setup-config.php
---
2025/09/03 03:12:42 [error] [exception.CHttpException.404] CHttpException: Unable to resolve the request "index.html". in /home/f7000414/public_html/yii-1.1.13/framework/web/CWebApplication.php:286
Stack trace:
#0 /home/f7000414/public_html/yii-1.1.13/framework/web/CWebApplication.php(141): CWebApplication->runController('index.html')
#1 /home/f7000414/public_html/yii-1.1.13/framework/base/CApplication.php(169): CWebApplication->processRequest()
#2 /home/f7000414/public_html/index.php(17): CApplication->run()
#3 {main}
REQUEST_URI=/index.html
---
2025/09/03 03:12:45 [error] [exception.CHttpException.404] CHttpException: Unable to resolve the request "index.html". in /home/f7000414/public_html/yii-1.1.13/framework/web/CWebApplication.php:286
Stack trace:
#0 /home/f7000414/public_html/yii-1.1.13/framework/web/CWebApplication.php(141): CWebApplication->runController('index.html')
#1 /home/f7000414/public_html/yii-1.1.13/framework/base/CApplication.php(169): CWebApplication->processRequest()
#2 /home/f7000414/public_html/index.php(17): CApplication->run()
#3 {main}
REQUEST_URI=/index.html
---
2025/09/03 03:25:55 [error] [exception.CHttpException.404] CHttpException: Unable to resolve the request "cart". in /home/f7000414/public_html/yii-1.1.13/framework/web/CWebApplication.php:286
Stack trace:
#0 /home/f7000414/public_html/yii-1.1.13/framework/web/CWebApplication.php(141): CWebApplication->runController('cart')
#1 /home/f7000414/public_html/yii-1.1.13/framework/base/CApplication.php(169): CWebApplication->processRequest()
#2 /home/f7000414/public_html/index.php(17): CApplication->run()
#3 {main}
REQUEST_URI=/cart
---
2025/09/03 03:25:55 [error] [exception.CHttpException.404] CHttpException: Unable to resolve the request "cart". in /home/f7000414/public_html/yii-1.1.13/framework/web/CWebApplication.php:286
Stack trace:
#0 /home/f7000414/public_html/yii-1.1.13/framework/web/CWebApplication.php(141): CWebApplication->runController('cart')
#1 /home/f7000414/public_html/yii-1.1.13/framework/base/CApplication.php(169): CWebApplication->processRequest()
#2 /home/f7000414/public_html/index.php(17): CApplication->run()
#3 {main}
REQUEST_URI=/cart
---
2025/09/03 03:25:55 [error] [exception.CHttpException.404] CHttpException: Unable to resolve the request "checkout". in /home/f7000414/public_html/yii-1.1.13/framework/web/CWebApplication.php:286
Stack trace:
#0 /home/f7000414/public_html/yii-1.1.13/framework/web/CWebApplication.php(141): CWebApplication->runController('checkout')
#1 /home/f7000414/public_html/yii-1.1.13/framework/base/CApplication.php(169): CWebApplication->processRequest()
#2 /home/f7000414/public_html/index.php(17): CApplication->run()
#3 {main}
REQUEST_URI=/checkout
---
2025/09/03 03:25:57 [error] [exception.CHttpException.404] CHttpException: Unable to resolve the request "checkout". in /home/f7000414/public_html/yii-1.1.13/framework/web/CWebApplication.php:286
Stack trace:
#0 /home/f7000414/public_html/yii-1.1.13/framework/web/CWebApplication.php(141): CWebApplication->runController('checkout')
#1 /home/f7000414/public_html/yii-1.1.13/framework/base/CApplication.php(169): CWebApplication->processRequest()
#2 /home/f7000414/public_html/index.php(17): CApplication->run()
#3 {main}
REQUEST_URI=/checkout
---
2025/09/03 03:27:22 [error] [exception.CHttpException.404] CHttpException: Unable to resolve the request "cart". in /home/f7000414/public_html/yii-1.1.13/framework/web/CWebApplication.php:286
Stack trace:
#0 /home/f7000414/public_html/yii-1.1.13/framework/web/CWebApplication.php(141): CWebApplication->runController('cart')
#1 /home/f7000414/public_html/yii-1.1.13/framework/base/CApplication.php(169): CWebApplication->processRequest()
#2 /home/f7000414/public_html/index.php(17): CApplication->run()
#3 {main}
REQUEST_URI=/cart
---
2025/09/03 03:27:23 [error] [exception.CHttpException.404] CHttpException: Unable to resolve the request "checkout". in /home/f7000414/public_html/yii-1.1.13/framework/web/CWebApplication.php:286
Stack trace:
#0 /home/f7000414/public_html/yii-1.1.13/framework/web/CWebApplication.php(141): CWebApplication->runController('checkout')
#1 /home/f7000414/public_html/yii-1.1.13/framework/base/CApplication.php(169): CWebApplication->processRequest()
#2 /home/f7000414/public_html/index.php(17): CApplication->run()
#3 {main}
REQUEST_URI=/checkout
---
2025/09/03 03:47:29 [error] [exception.CHttpException.404] CHttpException: Unable to resolve the request "robots.txt". in /home/f7000414/public_html/yii-1.1.13/framework/web/CWebApplication.php:286
Stack trace:
#0 /home/f7000414/public_html/yii-1.1.13/framework/web/CWebApplication.php(141): CWebApplication->runController('robots.txt')
#1 /home/f7000414/public_html/yii-1.1.13/framework/base/CApplication.php(169): CWebApplication->processRequest()
#2 /home/f7000414/public_html/index.php(17): CApplication->run()
#3 {main}
REQUEST_URI=/robots.txt
---
2025/09/03 03:47:29 [error] [exception.CHttpException.404] CHttpException: Unable to resolve the request "robots.txt". in /home/f7000414/public_html/yii-1.1.13/framework/web/CWebApplication.php:286
Stack trace:
#0 /home/f7000414/public_html/yii-1.1.13/framework/web/CWebApplication.php(141): CWebApplication->runController('robots.txt')
#1 /home/f7000414/public_html/yii-1.1.13/framework/base/CApplication.php(169): CWebApplication->processRequest()
#2 /home/f7000414/public_html/index.php(17): CApplication->run()
#3 {main}
REQUEST_URI=/robots.txt
---
2025/09/03 03:47:56 [error] [exception.CHttpException.404] CHttpException: Unable to resolve the request "robots.txt". in /home/f7000414/public_html/yii-1.1.13/framework/web/CWebApplication.php:286
Stack trace:
#0 /home/f7000414/public_html/yii-1.1.13/framework/web/CWebApplication.php(141): CWebApplication->runController('robots.txt')
#1 /home/f7000414/public_html/yii-1.1.13/framework/base/CApplication.php(169): CWebApplication->processRequest()
#2 /home/f7000414/public_html/index.php(17): CApplication->run()
#3 {main}
REQUEST_URI=/robots.txt
---
2025/09/03 05:24:55 [error] [exception.CHttpException.404] CHttpException: Unable to resolve the request "robots.txt". in /home/f7000414/public_html/yii-1.1.13/framework/web/CWebApplication.php:286
Stack trace:
#0 /home/f7000414/public_html/yii-1.1.13/framework/web/CWebApplication.php(141): CWebApplication->runController('robots.txt')
#1 /home/f7000414/public_html/yii-1.1.13/framework/base/CApplication.php(169): CWebApplication->processRequest()
#2 /home/f7000414/public_html/index.php(17): CApplication->run()
#3 {main}
REQUEST_URI=/robots.txt
---
2025/09/03 05:57:44 [error] [exception.CHttpException.404] CHttpException: Unable to resolve the request "index.html". in /home/f7000414/public_html/yii-1.1.13/framework/web/CWebApplication.php:286
Stack trace:
#0 /home/f7000414/public_html/yii-1.1.13/framework/web/CWebApplication.php(141): CWebApplication->runController('index.html')
#1 /home/f7000414/public_html/yii-1.1.13/framework/base/CApplication.php(169): CWebApplication->processRequest()
#2 /home/f7000414/public_html/index.php(17): CApplication->run()
#3 {main}
REQUEST_URI=/index.html
---
2025/09/03 06:51:40 [error] [exception.CHttpException.404] CHttpException: Unable to resolve the request "uploaded_script.php". in /home/f7000414/public_html/yii-1.1.13/framework/web/CWebApplication.php:286
Stack trace:
#0 /home/f7000414/public_html/yii-1.1.13/framework/web/CWebApplication.php(141): CWebApplication->runController('uploaded_script...')
#1 /home/f7000414/public_html/yii-1.1.13/framework/base/CApplication.php(169): CWebApplication->processRequest()
#2 /home/f7000414/public_html/index.php(17): CApplication->run()
#3 {main}
REQUEST_URI=/uploaded_script.php
HTTP_REFERER=www.google.com
---
2025/09/03 06:51:41 [error] [exception.CHttpException.404] CHttpException: Unable to resolve the request "uploaded_script.php". in /home/f7000414/public_html/yii-1.1.13/framework/web/CWebApplication.php:286
Stack trace:
#0 /home/f7000414/public_html/yii-1.1.13/framework/web/CWebApplication.php(141): CWebApplication->runController('uploaded_script...')
#1 /home/f7000414/public_html/yii-1.1.13/framework/base/CApplication.php(169): CWebApplication->processRequest()
#2 /home/f7000414/public_html/index.php(17): CApplication->run()
#3 {main}
REQUEST_URI=/uploaded_script.php
HTTP_REFERER=www.google.com
---
2025/09/03 06:56:46 [error] [exception.CHttpException.404] CHttpException: Unable to resolve the request "uploaded_script.php". in /home/f7000414/public_html/yii-1.1.13/framework/web/CWebApplication.php:286
Stack trace:
#0 /home/f7000414/public_html/yii-1.1.13/framework/web/CWebApplication.php(141): CWebApplication->runController('uploaded_script...')
#1 /home/f7000414/public_html/yii-1.1.13/framework/base/CApplication.php(169): CWebApplication->processRequest()
#2 /home/f7000414/public_html/index.php(17): CApplication->run()
#3 {main}
REQUEST_URI=/uploaded_script.php
HTTP_REFERER=www.google.com
---
2025/09/03 06:56:46 [error] [exception.CHttpException.404] CHttpException: Unable to resolve the request "uploaded_script.php". in /home/f7000414/public_html/yii-1.1.13/framework/web/CWebApplication.php:286
Stack trace:
#0 /home/f7000414/public_html/yii-1.1.13/framework/web/CWebApplication.php(141): CWebApplication->runController('uploaded_script...')
#1 /home/f7000414/public_html/yii-1.1.13/framework/base/CApplication.php(169): CWebApplication->processRequest()
#2 /home/f7000414/public_html/index.php(17): CApplication->run()
#3 {main}
REQUEST_URI=/uploaded_script.php
HTTP_REFERER=www.google.com
---
2025/09/03 06:58:17 [error] [exception.CHttpException.404] CHttpException: Unable to resolve the request "uploaded_script.php". in /home/f7000414/public_html/yii-1.1.13/framework/web/CWebApplication.php:286
Stack trace:
#0 /home/f7000414/public_html/yii-1.1.13/framework/web/CWebApplication.php(141): CWebApplication->runController('uploaded_script...')
#1 /home/f7000414/public_html/yii-1.1.13/framework/base/CApplication.php(169): CWebApplication->processRequest()
#2 /home/f7000414/public_html/index.php(17): CApplication->run()
#3 {main}
REQUEST_URI=/uploaded_script.php
HTTP_REFERER=www.google.com
---
2025/09/03 06:58:48 [error] [exception.CHttpException.404] CHttpException: Unable to resolve the request "uploaded_script.php". in /home/f7000414/public_html/yii-1.1.13/framework/web/CWebApplication.php:286
Stack trace:
#0 /home/f7000414/public_html/yii-1.1.13/framework/web/CWebApplication.php(141): CWebApplication->runController('uploaded_script...')
#1 /home/f7000414/public_html/yii-1.1.13/framework/base/CApplication.php(169): CWebApplication->processRequest()
#2 /home/f7000414/public_html/index.php(17): CApplication->run()
#3 {main}
REQUEST_URI=/uploaded_script.php
HTTP_REFERER=www.google.com
---
2025/09/03 06:58:49 [error] [exception.CHttpException.404] CHttpException: Unable to resolve the request "uploaded_script.php". in /home/f7000414/public_html/yii-1.1.13/framework/web/CWebApplication.php:286
Stack trace:
#0 /home/f7000414/public_html/yii-1.1.13/framework/web/CWebApplication.php(141): CWebApplication->runController('uploaded_script...')
#1 /home/f7000414/public_html/yii-1.1.13/framework/base/CApplication.php(169): CWebApplication->processRequest()
#2 /home/f7000414/public_html/index.php(17): CApplication->run()
#3 {main}
REQUEST_URI=/uploaded_script.php
HTTP_REFERER=www.google.com
---
2025/09/03 07:00:51 [error] [exception.CHttpException.404] CHttpException: Unable to resolve the request "uploaded_script.php". in /home/f7000414/public_html/yii-1.1.13/framework/web/CWebApplication.php:286
Stack trace:
#0 /home/f7000414/public_html/yii-1.1.13/framework/web/CWebApplication.php(141): CWebApplication->runController('uploaded_script...')
#1 /home/f7000414/public_html/yii-1.1.13/framework/base/CApplication.php(169): CWebApplication->processRequest()
#2 /home/f7000414/public_html/index.php(17): CApplication->run()
#3 {main}
REQUEST_URI=/uploaded_script.php
HTTP_REFERER=www.google.com
---
2025/09/03 07:00:52 [error] [exception.CHttpException.404] CHttpException: Unable to resolve the request "uploaded_script.php". in /home/f7000414/public_html/yii-1.1.13/framework/web/CWebApplication.php:286
Stack trace:
#0 /home/f7000414/public_html/yii-1.1.13/framework/web/CWebApplication.php(141): CWebApplication->runController('uploaded_script...')
#1 /home/f7000414/public_html/yii-1.1.13/framework/base/CApplication.php(169): CWebApplication->processRequest()
#2 /home/f7000414/public_html/index.php(17): CApplication->run()
#3 {main}
REQUEST_URI=/uploaded_script.php
HTTP_REFERER=www.google.com
---
2025/09/03 07:07:04 [error] [exception.CHttpException.404] CHttpException: Unable to resolve the request "uploaded_script.php". in /home/f7000414/public_html/yii-1.1.13/framework/web/CWebApplication.php:286
Stack trace:
#0 /home/f7000414/public_html/yii-1.1.13/framework/web/CWebApplication.php(141): CWebApplication->runController('uploaded_script...')
#1 /home/f7000414/public_html/yii-1.1.13/framework/base/CApplication.php(169): CWebApplication->processRequest()
#2 /home/f7000414/public_html/index.php(17): CApplication->run()
#3 {main}
REQUEST_URI=/uploaded_script.php
HTTP_REFERER=www.google.com
---
2025/09/03 07:07:05 [error] [exception.CHttpException.404] CHttpException: Unable to resolve the request "uploaded_script.php". in /home/f7000414/public_html/yii-1.1.13/framework/web/CWebApplication.php:286
Stack trace:
#0 /home/f7000414/public_html/yii-1.1.13/framework/web/CWebApplication.php(141): CWebApplication->runController('uploaded_script...')
#1 /home/f7000414/public_html/yii-1.1.13/framework/base/CApplication.php(169): CWebApplication->processRequest()
#2 /home/f7000414/public_html/index.php(17): CApplication->run()
#3 {main}
REQUEST_URI=/uploaded_script.php
HTTP_REFERER=www.google.com
---
2025/09/03 08:14:44 [error] [exception.CHttpException.404] CHttpException: Unable to resolve the request "robots.txt". in /home/f7000414/public_html/yii-1.1.13/framework/web/CWebApplication.php:286
Stack trace:
#0 /home/f7000414/public_html/yii-1.1.13/framework/web/CWebApplication.php(141): CWebApplication->runController('robots.txt')
#1 /home/f7000414/public_html/yii-1.1.13/framework/base/CApplication.php(169): CWebApplication->processRequest()
#2 /home/f7000414/public_html/index.php(17): CApplication->run()
#3 {main}
REQUEST_URI=/robots.txt
---
2025/09/03 09:56:27 [error] [exception.CHttpException.404] CHttpException: Unable to resolve the request "robots.txt". in /home/f7000414/public_html/yii-1.1.13/framework/web/CWebApplication.php:286
Stack trace:
#0 /home/f7000414/public_html/yii-1.1.13/framework/web/CWebApplication.php(141): CWebApplication->runController('robots.txt')
#1 /home/f7000414/public_html/yii-1.1.13/framework/base/CApplication.php(169): CWebApplication->processRequest()
#2 /home/f7000414/public_html/index.php(17): CApplication->run()
#3 {main}
REQUEST_URI=/robots.txt
---
2025/09/03 09:59:16 [error] [exception.CHttpException.404] CHttpException: Unable to resolve the request "media/system/js/core.js". in /home/f7000414/public_html/yii-1.1.13/framework/web/CWebApplication.php:286
Stack trace:
#0 /home/f7000414/public_html/yii-1.1.13/framework/web/CWebApplication.php(141): CWebApplication->runController('media/system/js...')
#1 /home/f7000414/public_html/yii-1.1.13/framework/base/CApplication.php(169): CWebApplication->processRequest()
#2 /home/f7000414/public_html/index.php(17): CApplication->run()
#3 {main}
REQUEST_URI=/media/system/js/core.js
---
2025/09/03 09:59:16 [error] [exception.CHttpException.404] CHttpException: Unable to resolve the request "wp-includes/js/jquery/jquery.js". in /home/f7000414/public_html/yii-1.1.13/framework/web/CWebApplication.php:286
Stack trace:
#0 /home/f7000414/public_html/yii-1.1.13/framework/web/CWebApplication.php(141): CWebApplication->runController('wp-includes/js/...')
#1 /home/f7000414/public_html/yii-1.1.13/framework/base/CApplication.php(169): CWebApplication->processRequest()
#2 /home/f7000414/public_html/index.php(17): CApplication->run()
#3 {main}
REQUEST_URI=/wp-includes/js/jquery/jquery.js
---
2025/09/03 10:37:25 [error] [exception.CHttpException.404] CHttpException: Unable to resolve the request "media/system/js/core.js". in /home/f7000414/public_html/yii-1.1.13/framework/web/CWebApplication.php:286
Stack trace:
#0 /home/f7000414/public_html/yii-1.1.13/framework/web/CWebApplication.php(141): CWebApplication->runController('media/system/js...')
#1 /home/f7000414/public_html/yii-1.1.13/framework/base/CApplication.php(169): CWebApplication->processRequest()
#2 /home/f7000414/public_html/index.php(17): CApplication->run()
#3 {main}
REQUEST_URI=/media/system/js/core.js
---
2025/09/03 10:37:25 [error] [exception.CHttpException.404] CHttpException: Unable to resolve the request "wp-includes/js/jquery/jquery.js". in /home/f7000414/public_html/yii-1.1.13/framework/web/CWebApplication.php:286
Stack trace:
#0 /home/f7000414/public_html/yii-1.1.13/framework/web/CWebApplication.php(141): CWebApplication->runController('wp-includes/js/...')
#1 /home/f7000414/public_html/yii-1.1.13/framework/base/CApplication.php(169): CWebApplication->processRequest()
#2 /home/f7000414/public_html/index.php(17): CApplication->run()
#3 {main}
REQUEST_URI=/wp-includes/js/jquery/jquery.js
---
2025/09/03 11:25:06 [error] [exception.CHttpException.404] CHttpException: Unable to resolve the request "robots.txt". in /home/f7000414/public_html/yii-1.1.13/framework/web/CWebApplication.php:286
Stack trace:
#0 /home/f7000414/public_html/yii-1.1.13/framework/web/CWebApplication.php(141): CWebApplication->runController('robots.txt')
#1 /home/f7000414/public_html/yii-1.1.13/framework/base/CApplication.php(169): CWebApplication->processRequest()
#2 /home/f7000414/public_html/index.php(17): CApplication->run()
#3 {main}
REQUEST_URI=/robots.txt
---
2025/09/03 12:06:24 [error] [exception.CHttpException.404] CHttpException: Unable to resolve the request "robots.txt". in /home/f7000414/public_html/yii-1.1.13/framework/web/CWebApplication.php:286
Stack trace:
#0 /home/f7000414/public_html/yii-1.1.13/framework/web/CWebApplication.php(141): CWebApplication->runController('robots.txt')
#1 /home/f7000414/public_html/yii-1.1.13/framework/base/CApplication.php(169): CWebApplication->processRequest()
#2 /home/f7000414/public_html/index.php(17): CApplication->run()
#3 {main}
REQUEST_URI=/robots.txt
---
2025/09/03 12:12:01 [error] [exception.CHttpException.404] CHttpException: Unable to resolve the request "robots.txt". in /home/f7000414/public_html/yii-1.1.13/framework/web/CWebApplication.php:286
Stack trace:
#0 /home/f7000414/public_html/yii-1.1.13/framework/web/CWebApplication.php(141): CWebApplication->runController('robots.txt')
#1 /home/f7000414/public_html/yii-1.1.13/framework/base/CApplication.php(169): CWebApplication->processRequest()
#2 /home/f7000414/public_html/index.php(17): CApplication->run()
#3 {main}
REQUEST_URI=/robots.txt
---
2025/09/03 12:27:19 [error] [exception.CHttpException.404] CHttpException: Unable to resolve the request "robots.txt". in /home/f7000414/public_html/yii-1.1.13/framework/web/CWebApplication.php:286
Stack trace:
#0 /home/f7000414/public_html/yii-1.1.13/framework/web/CWebApplication.php(141): CWebApplication->runController('robots.txt')
#1 /home/f7000414/public_html/yii-1.1.13/framework/base/CApplication.php(169): CWebApplication->processRequest()
#2 /home/f7000414/public_html/index.php(17): CApplication->run()
#3 {main}
REQUEST_URI=/robots.txt
---
2025/09/03 12:38:58 [error] [exception.Swift_TransportException] Swift_TransportException: Expected response code 250 but got code "535", with message "535-5.7.8 Username and Password not accepted. For more information, go to
535 5.7.8  https://support.google.com/mail/?p=BadCredentials d2e1a72fcca58-7725ad1e9afsm9528759b3a.11 - gsmtp
" in /home/f7000414/public_html/protected/extensions/yii-mail/vendors/swiftMailer/classes/Swift/Transport/AbstractSmtpTransport.php:386
Stack trace:
#0 /home/f7000414/public_html/protected/extensions/yii-mail/vendors/swiftMailer/classes/Swift/Transport/AbstractSmtpTransport.php(281): Swift_Transport_AbstractSmtpTransport->_assertResponseCode('535-5.7.8 Usern...', Array)
#1 /home/f7000414/public_html/protected/extensions/yii-mail/vendors/swiftMailer/classes/Swift/Transport/EsmtpTransport.php(245): Swift_Transport_AbstractSmtpTransport->executeCommand('RSET\r\n', Array, Array)
#2 /home/f7000414/public_html/protected/extensions/yii-mail/vendors/swiftMailer/classes/Swift/Transport/Esmtp/Auth/XOAuth2Authenticator.php(56): Swift_Transport_EsmtpTransport->executeCommand('RSET\r\n', Array)
#3 /home/f7000414/public_html/protected/extensions/yii-mail/vendors/swiftMailer/classes/Swift/Transport/Esmtp/AuthHandler.php(179): Swift_Transport_Esmtp_Auth_XOAuth2Authenticator->authenticate(Object(Swift_SmtpTransport), '0800cocinas@gma...', 'tkkhpsyqsrfixna...')
#4 /home/f7000414/public_html/protected/extensions/yii-mail/vendors/swiftMailer/classes/Swift/Transport/EsmtpTransport.php(312): Swift_Transport_Esmtp_AuthHandler->afterEhlo(Object(Swift_SmtpTransport))
#5 /home/f7000414/public_html/protected/extensions/yii-mail/vendors/swiftMailer/classes/Swift/Transport/AbstractSmtpTransport.php(120): Swift_Transport_EsmtpTransport->_doHeloCommand()
#6 /home/f7000414/public_html/protected/extensions/yii-mail/vendors/swiftMailer/classes/Swift/Mailer.php(80): Swift_Transport_AbstractSmtpTransport->start()
#7 /home/f7000414/public_html/protected/extensions/yii-mail/YiiMail.php(133): Swift_Mailer->send(Object(Swift_Message), Array)
#8 /home/f7000414/public_html/protected/controllers/SiteController.php(284): YiiMail->send(Object(YiiMailMessage))
#9 [internal function]: SiteController->actionContacto(0)
#10 /home/f7000414/public_html/yii-1.1.13/framework/web/actions/CAction.php(108): ReflectionMethod->invokeArgs(Object(SiteController), Array)
#11 /home/f7000414/public_html/yii-1.1.13/framework/web/actions/CInlineAction.php(47): CAction->runWithParamsInternal(Object(SiteController), Object(ReflectionMethod), Array)
#12 /home/f7000414/public_html/yii-1.1.13/framework/web/CController.php(308): CInlineAction->runWithParams(Array)
#13 /home/f7000414/public_html/yii-1.1.13/framework/web/CController.php(286): CController->runAction(Object(CInlineAction))
#14 /home/f7000414/public_html/yii-1.1.13/framework/web/CController.php(265): CController->runActionWithFilters(Object(CInlineAction), Array)
#15 /home/f7000414/public_html/yii-1.1.13/framework/web/CWebApplication.php(282): CController->run('contacto')
#16 /home/f7000414/public_html/yii-1.1.13/framework/web/CWebApplication.php(141): CWebApplication->runController('site/contacto')
#17 /home/f7000414/public_html/yii-1.1.13/framework/base/CApplication.php(169): CWebApplication->processRequest()
#18 /home/f7000414/public_html/index.php(17): CApplication->run()
#19 {main}
REQUEST_URI=/site/contacto
HTTP_REFERER=https://www.0800cocinas.com/site/contacto
---
2025/09/03 12:41:17 [error] [exception.Swift_TransportException] Swift_TransportException: Expected response code 250 but got code "535", with message "535-5.7.8 Username and Password not accepted. For more information, go to
535 5.7.8  https://support.google.com/mail/?p=BadCredentials 41be03b00d2f7-b4cd006e2c6sm14935019a12.2 - gsmtp
" in /home/f7000414/public_html/protected/extensions/yii-mail/vendors/swiftMailer/classes/Swift/Transport/AbstractSmtpTransport.php:386
Stack trace:
#0 /home/f7000414/public_html/protected/extensions/yii-mail/vendors/swiftMailer/classes/Swift/Transport/AbstractSmtpTransport.php(281): Swift_Transport_AbstractSmtpTransport->_assertResponseCode('535-5.7.8 Usern...', Array)
#1 /home/f7000414/public_html/protected/extensions/yii-mail/vendors/swiftMailer/classes/Swift/Transport/EsmtpTransport.php(245): Swift_Transport_AbstractSmtpTransport->executeCommand('RSET\r\n', Array, Array)
#2 /home/f7000414/public_html/protected/extensions/yii-mail/vendors/swiftMailer/classes/Swift/Transport/Esmtp/Auth/XOAuth2Authenticator.php(56): Swift_Transport_EsmtpTransport->executeCommand('RSET\r\n', Array)
#3 /home/f7000414/public_html/protected/extensions/yii-mail/vendors/swiftMailer/classes/Swift/Transport/Esmtp/AuthHandler.php(179): Swift_Transport_Esmtp_Auth_XOAuth2Authenticator->authenticate(Object(Swift_SmtpTransport), '0800cocinas@gma...', 'tkkhpsyqsrfixna...')
#4 /home/f7000414/public_html/protected/extensions/yii-mail/vendors/swiftMailer/classes/Swift/Transport/EsmtpTransport.php(312): Swift_Transport_Esmtp_AuthHandler->afterEhlo(Object(Swift_SmtpTransport))
#5 /home/f7000414/public_html/protected/extensions/yii-mail/vendors/swiftMailer/classes/Swift/Transport/AbstractSmtpTransport.php(120): Swift_Transport_EsmtpTransport->_doHeloCommand()
#6 /home/f7000414/public_html/protected/extensions/yii-mail/vendors/swiftMailer/classes/Swift/Mailer.php(80): Swift_Transport_AbstractSmtpTransport->start()
#7 /home/f7000414/public_html/protected/extensions/yii-mail/YiiMail.php(133): Swift_Mailer->send(Object(Swift_Message), Array)
#8 /home/f7000414/public_html/protected/controllers/SiteController.php(284): YiiMail->send(Object(YiiMailMessage))
#9 [internal function]: SiteController->actionContacto(0)
#10 /home/f7000414/public_html/yii-1.1.13/framework/web/actions/CAction.php(108): ReflectionMethod->invokeArgs(Object(SiteController), Array)
#11 /home/f7000414/public_html/yii-1.1.13/framework/web/actions/CInlineAction.php(47): CAction->runWithParamsInternal(Object(SiteController), Object(ReflectionMethod), Array)
#12 /home/f7000414/public_html/yii-1.1.13/framework/web/CController.php(308): CInlineAction->runWithParams(Array)
#13 /home/f7000414/public_html/yii-1.1.13/framework/web/CController.php(286): CController->runAction(Object(CInlineAction))
#14 /home/f7000414/public_html/yii-1.1.13/framework/web/CController.php(265): CController->runActionWithFilters(Object(CInlineAction), Array)
#15 /home/f7000414/public_html/yii-1.1.13/framework/web/CWebApplication.php(282): CController->run('contacto')
#16 /home/f7000414/public_html/yii-1.1.13/framework/web/CWebApplication.php(141): CWebApplication->runController('site/contacto')
#17 /home/f7000414/public_html/yii-1.1.13/framework/base/CApplication.php(169): CWebApplication->processRequest()
#18 /home/f7000414/public_html/index.php(17): CApplication->run()
#19 {main}
REQUEST_URI=/site/contacto
HTTP_REFERER=https://www.0800cocinas.com/site/contacto
---
2025/09/03 13:22:48 [error] [exception.CHttpException.404] CHttpException: Unable to resolve the request "wordpress/wp-admin/setup-config.php". in /home/f7000414/public_html/yii-1.1.13/framework/web/CWebApplication.php:286
Stack trace:
#0 /home/f7000414/public_html/yii-1.1.13/framework/web/CWebApplication.php(141): CWebApplication->runController('wordpress/wp-ad...')
#1 /home/f7000414/public_html/yii-1.1.13/framework/base/CApplication.php(169): CWebApplication->processRequest()
#2 /home/f7000414/public_html/index.php(17): CApplication->run()
#3 {main}
REQUEST_URI=/wordpress/wp-admin/setup-config.php
---
2025/09/03 13:23:03 [error] [exception.CHttpException.404] CHttpException: Unable to resolve the request "wordpress/wp-admin/setup-config.php". in /home/f7000414/public_html/yii-1.1.13/framework/web/CWebApplication.php:286
Stack trace:
#0 /home/f7000414/public_html/yii-1.1.13/framework/web/CWebApplication.php(141): CWebApplication->runController('wordpress/wp-ad...')
#1 /home/f7000414/public_html/yii-1.1.13/framework/base/CApplication.php(169): CWebApplication->processRequest()
#2 /home/f7000414/public_html/index.php(17): CApplication->run()
#3 {main}
REQUEST_URI=/wordpress/wp-admin/setup-config.php
---
2025/09/03 13:24:51 [error] [exception.CHttpException.404] CHttpException: Unable to resolve the request "wp-admin/setup-config.php". in /home/f7000414/public_html/yii-1.1.13/framework/web/CWebApplication.php:286
Stack trace:
#0 /home/f7000414/public_html/yii-1.1.13/framework/web/CWebApplication.php(141): CWebApplication->runController('wp-admin/setup-...')
#1 /home/f7000414/public_html/yii-1.1.13/framework/base/CApplication.php(169): CWebApplication->processRequest()
#2 /home/f7000414/public_html/index.php(17): CApplication->run()
#3 {main}
REQUEST_URI=/wp-admin/setup-config.php
---
2025/09/03 13:25:36 [error] [exception.CHttpException.404] CHttpException: Unable to resolve the request "wp-admin/setup-config.php". in /home/f7000414/public_html/yii-1.1.13/framework/web/CWebApplication.php:286
Stack trace:
#0 /home/f7000414/public_html/yii-1.1.13/framework/web/CWebApplication.php(141): CWebApplication->runController('wp-admin/setup-...')
#1 /home/f7000414/public_html/yii-1.1.13/framework/base/CApplication.php(169): CWebApplication->processRequest()
#2 /home/f7000414/public_html/index.php(17): CApplication->run()
#3 {main}
REQUEST_URI=/wp-admin/setup-config.php
---
2025/09/03 13:46:44 [error] [exception.CHttpException.404] CHttpException: Unable to resolve the request "robots.txt". in /home/f7000414/public_html/yii-1.1.13/framework/web/CWebApplication.php:286
Stack trace:
#0 /home/f7000414/public_html/yii-1.1.13/framework/web/CWebApplication.php(141): CWebApplication->runController('robots.txt')
#1 /home/f7000414/public_html/yii-1.1.13/framework/base/CApplication.php(169): CWebApplication->processRequest()
#2 /home/f7000414/public_html/index.php(17): CApplication->run()
#3 {main}
REQUEST_URI=/robots.txt
---
2025/09/03 13:46:45 [error] [exception.CHttpException.404] CHttpException: Unable to resolve the request "robots.txt". in /home/f7000414/public_html/yii-1.1.13/framework/web/CWebApplication.php:286
Stack trace:
#0 /home/f7000414/public_html/yii-1.1.13/framework/web/CWebApplication.php(141): CWebApplication->runController('robots.txt')
#1 /home/f7000414/public_html/yii-1.1.13/framework/base/CApplication.php(169): CWebApplication->processRequest()
#2 /home/f7000414/public_html/index.php(17): CApplication->run()
#3 {main}
REQUEST_URI=/robots.txt
---
2025/09/03 13:53:03 [error] [exception.CHttpException.404] CHttpException: Unable to resolve the request "robots.txt". in /home/f7000414/public_html/yii-1.1.13/framework/web/CWebApplication.php:286
Stack trace:
#0 /home/f7000414/public_html/yii-1.1.13/framework/web/CWebApplication.php(141): CWebApplication->runController('robots.txt')
#1 /home/f7000414/public_html/yii-1.1.13/framework/base/CApplication.php(169): CWebApplication->processRequest()
#2 /home/f7000414/public_html/index.php(17): CApplication->run()
#3 {main}
REQUEST_URI=/robots.txt
---
2025/09/03 13:53:03 [error] [exception.CHttpException.404] CHttpException: Unable to resolve the request "ads.txt". in /home/f7000414/public_html/yii-1.1.13/framework/web/CWebApplication.php:286
Stack trace:
#0 /home/f7000414/public_html/yii-1.1.13/framework/web/CWebApplication.php(141): CWebApplication->runController('ads.txt')
#1 /home/f7000414/public_html/yii-1.1.13/framework/base/CApplication.php(169): CWebApplication->processRequest()
#2 /home/f7000414/public_html/index.php(17): CApplication->run()
#3 {main}
REQUEST_URI=/ads.txt
---
2025/09/03 13:56:26 [error] [exception.CHttpException.404] CHttpException: Unable to resolve the request "robots.txt". in /home/f7000414/public_html/yii-1.1.13/framework/web/CWebApplication.php:286
Stack trace:
#0 /home/f7000414/public_html/yii-1.1.13/framework/web/CWebApplication.php(141): CWebApplication->runController('robots.txt')
#1 /home/f7000414/public_html/yii-1.1.13/framework/base/CApplication.php(169): CWebApplication->processRequest()
#2 /home/f7000414/public_html/index.php(17): CApplication->run()
#3 {main}
REQUEST_URI=/robots.txt
---
2025/09/03 13:56:32 [error] [exception.CHttpException.404] CHttpException: Unable to resolve the request "sitemap.xml.gz". in /home/f7000414/public_html/yii-1.1.13/framework/web/CWebApplication.php:286
Stack trace:
#0 /home/f7000414/public_html/yii-1.1.13/framework/web/CWebApplication.php(141): CWebApplication->runController('sitemap.xml.gz')
#1 /home/f7000414/public_html/yii-1.1.13/framework/base/CApplication.php(169): CWebApplication->processRequest()
#2 /home/f7000414/public_html/index.php(17): CApplication->run()
#3 {main}
REQUEST_URI=/sitemap.xml.gz
---
2025/09/03 14:06:03 [error] [exception.CHttpException.404] CHttpException: Unable to resolve the request "index.html". in /home/f7000414/public_html/yii-1.1.13/framework/web/CWebApplication.php:286
Stack trace:
#0 /home/f7000414/public_html/yii-1.1.13/framework/web/CWebApplication.php(141): CWebApplication->runController('index.html')
#1 /home/f7000414/public_html/yii-1.1.13/framework/base/CApplication.php(169): CWebApplication->processRequest()
#2 /home/f7000414/public_html/index.php(17): CApplication->run()
#3 {main}
REQUEST_URI=/index.html
---
2025/09/03 14:11:25 [error] [exception.CHttpException.404] CHttpException: Unable to resolve the request "robots.txt". in /home/f7000414/public_html/yii-1.1.13/framework/web/CWebApplication.php:286
Stack trace:
#0 /home/f7000414/public_html/yii-1.1.13/framework/web/CWebApplication.php(141): CWebApplication->runController('robots.txt')
#1 /home/f7000414/public_html/yii-1.1.13/framework/base/CApplication.php(169): CWebApplication->processRequest()
#2 /home/f7000414/public_html/index.php(17): CApplication->run()
#3 {main}
REQUEST_URI=/robots.txt
---
2025/09/03 14:11:29 [error] [exception.CHttpException.404] CHttpException: Unable to resolve the request "sitemap_index.xml". in /home/f7000414/public_html/yii-1.1.13/framework/web/CWebApplication.php:286
Stack trace:
#0 /home/f7000414/public_html/yii-1.1.13/framework/web/CWebApplication.php(141): CWebApplication->runController('sitemap_index.x...')
#1 /home/f7000414/public_html/yii-1.1.13/framework/base/CApplication.php(169): CWebApplication->processRequest()
#2 /home/f7000414/public_html/index.php(17): CApplication->run()
#3 {main}
REQUEST_URI=/sitemap_index.xml
---
2025/09/03 14:55:48 [error] [exception.CHttpException.404] CHttpException: Unable to resolve the request "sitemap.xml.gz". in /home/f7000414/public_html/yii-1.1.13/framework/web/CWebApplication.php:286
Stack trace:
#0 /home/f7000414/public_html/yii-1.1.13/framework/web/CWebApplication.php(141): CWebApplication->runController('sitemap.xml.gz')
#1 /home/f7000414/public_html/yii-1.1.13/framework/base/CApplication.php(169): CWebApplication->processRequest()
#2 /home/f7000414/public_html/index.php(17): CApplication->run()
#3 {main}
REQUEST_URI=/sitemap.xml.gz
---
2025/09/03 15:05:51 [error] [exception.CHttpException.404] CHttpException: Unable to resolve the request "wordpress". in /home/f7000414/public_html/yii-1.1.13/framework/web/CWebApplication.php:286
Stack trace:
#0 /home/f7000414/public_html/yii-1.1.13/framework/web/CWebApplication.php(141): CWebApplication->runController('wordpress')
#1 /home/f7000414/public_html/yii-1.1.13/framework/base/CApplication.php(169): CWebApplication->processRequest()
#2 /home/f7000414/public_html/index.php(17): CApplication->run()
#3 {main}
REQUEST_URI=/wordpress
---
2025/09/03 15:05:52 [error] [exception.CHttpException.404] CHttpException: Unable to resolve the request "wp". in /home/f7000414/public_html/yii-1.1.13/framework/web/CWebApplication.php:286
Stack trace:
#0 /home/f7000414/public_html/yii-1.1.13/framework/web/CWebApplication.php(141): CWebApplication->runController('wp')
#1 /home/f7000414/public_html/yii-1.1.13/framework/base/CApplication.php(169): CWebApplication->processRequest()
#2 /home/f7000414/public_html/index.php(17): CApplication->run()
#3 {main}
REQUEST_URI=/wp
---
2025/09/03 15:05:52 [error] [exception.CHttpException.404] CHttpException: Unable to resolve the request "bc". in /home/f7000414/public_html/yii-1.1.13/framework/web/CWebApplication.php:286
Stack trace:
#0 /home/f7000414/public_html/yii-1.1.13/framework/web/CWebApplication.php(141): CWebApplication->runController('bc')
#1 /home/f7000414/public_html/yii-1.1.13/framework/base/CApplication.php(169): CWebApplication->processRequest()
#2 /home/f7000414/public_html/index.php(17): CApplication->run()
#3 {main}
REQUEST_URI=/bc
---
2025/09/03 15:05:52 [error] [exception.CHttpException.404] CHttpException: Unable to resolve the request "wordpress". in /home/f7000414/public_html/yii-1.1.13/framework/web/CWebApplication.php:286
Stack trace:
#0 /home/f7000414/public_html/yii-1.1.13/framework/web/CWebApplication.php(141): CWebApplication->runController('wordpress')
#1 /home/f7000414/public_html/yii-1.1.13/framework/base/CApplication.php(169): CWebApplication->processRequest()
#2 /home/f7000414/public_html/index.php(17): CApplication->run()
#3 {main}
REQUEST_URI=/wordpress
HTTP_REFERER=http://0800cocinas.com/wordpress
---
2025/09/03 15:05:52 [error] [exception.CHttpException.404] CHttpException: Unable to resolve the request "bk". in /home/f7000414/public_html/yii-1.1.13/framework/web/CWebApplication.php:286
Stack trace:
#0 /home/f7000414/public_html/yii-1.1.13/framework/web/CWebApplication.php(141): CWebApplication->runController('bk')
#1 /home/f7000414/public_html/yii-1.1.13/framework/base/CApplication.php(169): CWebApplication->processRequest()
#2 /home/f7000414/public_html/index.php(17): CApplication->run()
#3 {main}
REQUEST_URI=/bk
---
2025/09/03 15:05:52 [error] [exception.CHttpException.404] CHttpException: Unable to resolve the request "backup". in /home/f7000414/public_html/yii-1.1.13/framework/web/CWebApplication.php:286
Stack trace:
#0 /home/f7000414/public_html/yii-1.1.13/framework/web/CWebApplication.php(141): CWebApplication->runController('backup')
#1 /home/f7000414/public_html/yii-1.1.13/framework/base/CApplication.php(169): CWebApplication->processRequest()
#2 /home/f7000414/public_html/index.php(17): CApplication->run()
#3 {main}
REQUEST_URI=/backup
---
2025/09/03 15:05:52 [error] [exception.CHttpException.404] CHttpException: Unable to resolve the request "old". in /home/f7000414/public_html/yii-1.1.13/framework/web/CWebApplication.php:286
Stack trace:
#0 /home/f7000414/public_html/yii-1.1.13/framework/web/CWebApplication.php(141): CWebApplication->runController('old')
#1 /home/f7000414/public_html/yii-1.1.13/framework/base/CApplication.php(169): CWebApplication->processRequest()
#2 /home/f7000414/public_html/index.php(17): CApplication->run()
#3 {main}
REQUEST_URI=/old
---
2025/09/03 15:05:53 [error] [exception.CHttpException.404] CHttpException: Unable to resolve the request "new". in /home/f7000414/public_html/yii-1.1.13/framework/web/CWebApplication.php:286
Stack trace:
#0 /home/f7000414/public_html/yii-1.1.13/framework/web/CWebApplication.php(141): CWebApplication->runController('new')
#1 /home/f7000414/public_html/yii-1.1.13/framework/base/CApplication.php(169): CWebApplication->processRequest()
#2 /home/f7000414/public_html/index.php(17): CApplication->run()
#3 {main}
REQUEST_URI=/new
---
2025/09/03 15:05:53 [error] [exception.CHttpException.404] CHttpException: Unable to resolve the request "wp". in /home/f7000414/public_html/yii-1.1.13/framework/web/CWebApplication.php:286
Stack trace:
#0 /home/f7000414/public_html/yii-1.1.13/framework/web/CWebApplication.php(141): CWebApplication->runController('wp')
#1 /home/f7000414/public_html/yii-1.1.13/framework/base/CApplication.php(169): CWebApplication->processRequest()
#2 /home/f7000414/public_html/index.php(17): CApplication->run()
#3 {main}
REQUEST_URI=/wp
HTTP_REFERER=http://0800cocinas.com/wp
---
2025/09/03 15:05:53 [error] [exception.CHttpException.404] CHttpException: Unable to resolve the request "main". in /home/f7000414/public_html/yii-1.1.13/framework/web/CWebApplication.php:286
Stack trace:
#0 /home/f7000414/public_html/yii-1.1.13/framework/web/CWebApplication.php(141): CWebApplication->runController('main')
#1 /home/f7000414/public_html/yii-1.1.13/framework/base/CApplication.php(169): CWebApplication->processRequest()
#2 /home/f7000414/public_html/index.php(17): CApplication->run()
#3 {main}
REQUEST_URI=/main
---
2025/09/03 15:05:53 [error] [exception.CHttpException.404] CHttpException: Unable to resolve the request "home". in /home/f7000414/public_html/yii-1.1.13/framework/web/CWebApplication.php:286
Stack trace:
#0 /home/f7000414/public_html/yii-1.1.13/framework/web/CWebApplication.php(141): CWebApplication->runController('home')
#1 /home/f7000414/public_html/yii-1.1.13/framework/base/CApplication.php(169): CWebApplication->processRequest()
#2 /home/f7000414/public_html/index.php(17): CApplication->run()
#3 {main}
REQUEST_URI=/home
---
2025/09/03 15:05:53 [error] [exception.CHttpException.404] CHttpException: Unable to resolve the request "bc". in /home/f7000414/public_html/yii-1.1.13/framework/web/CWebApplication.php:286
Stack trace:
#0 /home/f7000414/public_html/yii-1.1.13/framework/web/CWebApplication.php(141): CWebApplication->runController('bc')
#1 /home/f7000414/public_html/yii-1.1.13/framework/base/CApplication.php(169): CWebApplication->processRequest()
#2 /home/f7000414/public_html/index.php(17): CApplication->run()
#3 {main}
REQUEST_URI=/bc
HTTP_REFERER=http://0800cocinas.com/bc
---
2025/09/03 15:05:53 [error] [exception.CHttpException.404] CHttpException: Unable to resolve the request "bk". in /home/f7000414/public_html/yii-1.1.13/framework/web/CWebApplication.php:286
Stack trace:
#0 /home/f7000414/public_html/yii-1.1.13/framework/web/CWebApplication.php(141): CWebApplication->runController('bk')
#1 /home/f7000414/public_html/yii-1.1.13/framework/base/CApplication.php(169): CWebApplication->processRequest()
#2 /home/f7000414/public_html/index.php(17): CApplication->run()
#3 {main}
REQUEST_URI=/bk
HTTP_REFERER=http://0800cocinas.com/bk
---
2025/09/03 15:05:54 [error] [exception.CHttpException.404] CHttpException: Unable to resolve the request "backup". in /home/f7000414/public_html/yii-1.1.13/framework/web/CWebApplication.php:286
Stack trace:
#0 /home/f7000414/public_html/yii-1.1.13/framework/web/CWebApplication.php(141): CWebApplication->runController('backup')
#1 /home/f7000414/public_html/yii-1.1.13/framework/base/CApplication.php(169): CWebApplication->processRequest()
#2 /home/f7000414/public_html/index.php(17): CApplication->run()
#3 {main}
REQUEST_URI=/backup
HTTP_REFERER=http://0800cocinas.com/backup
---
2025/09/03 15:05:54 [error] [exception.CHttpException.404] CHttpException: Unable to resolve the request "old". in /home/f7000414/public_html/yii-1.1.13/framework/web/CWebApplication.php:286
Stack trace:
#0 /home/f7000414/public_html/yii-1.1.13/framework/web/CWebApplication.php(141): CWebApplication->runController('old')
#1 /home/f7000414/public_html/yii-1.1.13/framework/base/CApplication.php(169): CWebApplication->processRequest()
#2 /home/f7000414/public_html/index.php(17): CApplication->run()
#3 {main}
REQUEST_URI=/old
HTTP_REFERER=http://0800cocinas.com/old
---
2025/09/03 15:05:54 [error] [exception.CHttpException.404] CHttpException: Unable to resolve the request "new". in /home/f7000414/public_html/yii-1.1.13/framework/web/CWebApplication.php:286
Stack trace:
#0 /home/f7000414/public_html/yii-1.1.13/framework/web/CWebApplication.php(141): CWebApplication->runController('new')
#1 /home/f7000414/public_html/yii-1.1.13/framework/base/CApplication.php(169): CWebApplication->processRequest()
#2 /home/f7000414/public_html/index.php(17): CApplication->run()
#3 {main}
REQUEST_URI=/new
HTTP_REFERER=http://0800cocinas.com/new
---
2025/09/03 15:05:55 [error] [exception.CHttpException.404] CHttpException: Unable to resolve the request "main". in /home/f7000414/public_html/yii-1.1.13/framework/web/CWebApplication.php:286
Stack trace:
#0 /home/f7000414/public_html/yii-1.1.13/framework/web/CWebApplication.php(141): CWebApplication->runController('main')
#1 /home/f7000414/public_html/yii-1.1.13/framework/base/CApplication.php(169): CWebApplication->processRequest()
#2 /home/f7000414/public_html/index.php(17): CApplication->run()
#3 {main}
REQUEST_URI=/main
HTTP_REFERER=http://0800cocinas.com/main
---
2025/09/03 15:05:55 [error] [exception.CHttpException.404] CHttpException: Unable to resolve the request "home". in /home/f7000414/public_html/yii-1.1.13/framework/web/CWebApplication.php:286
Stack trace:
#0 /home/f7000414/public_html/yii-1.1.13/framework/web/CWebApplication.php(141): CWebApplication->runController('home')
#1 /home/f7000414/public_html/yii-1.1.13/framework/base/CApplication.php(169): CWebApplication->processRequest()
#2 /home/f7000414/public_html/index.php(17): CApplication->run()
#3 {main}
REQUEST_URI=/home
HTTP_REFERER=http://0800cocinas.com/home
---
2025/09/03 15:05:55 [error] [exception.CHttpException.404] CHttpException: Unable to resolve the request "wordpress". in /home/f7000414/public_html/yii-1.1.13/framework/web/CWebApplication.php:286
Stack trace:
#0 /home/f7000414/public_html/yii-1.1.13/framework/web/CWebApplication.php(141): CWebApplication->runController('wordpress')
#1 /home/f7000414/public_html/yii-1.1.13/framework/base/CApplication.php(169): CWebApplication->processRequest()
#2 /home/f7000414/public_html/index.php(17): CApplication->run()
#3 {main}
REQUEST_URI=/wordpress
---
2025/09/03 15:05:56 [error] [exception.CHttpException.404] CHttpException: Unable to resolve the request "wp". in /home/f7000414/public_html/yii-1.1.13/framework/web/CWebApplication.php:286
Stack trace:
#0 /home/f7000414/public_html/yii-1.1.13/framework/web/CWebApplication.php(141): CWebApplication->runController('wp')
#1 /home/f7000414/public_html/yii-1.1.13/framework/base/CApplication.php(169): CWebApplication->processRequest()
#2 /home/f7000414/public_html/index.php(17): CApplication->run()
#3 {main}
REQUEST_URI=/wp
---
2025/09/03 15:05:56 [error] [exception.CHttpException.404] CHttpException: Unable to resolve the request "bc". in /home/f7000414/public_html/yii-1.1.13/framework/web/CWebApplication.php:286
Stack trace:
#0 /home/f7000414/public_html/yii-1.1.13/framework/web/CWebApplication.php(141): CWebApplication->runController('bc')
#1 /home/f7000414/public_html/yii-1.1.13/framework/base/CApplication.php(169): CWebApplication->processRequest()
#2 /home/f7000414/public_html/index.php(17): CApplication->run()
#3 {main}
REQUEST_URI=/bc
---
2025/09/03 15:05:56 [error] [exception.CHttpException.404] CHttpException: Unable to resolve the request "bk". in /home/f7000414/public_html/yii-1.1.13/framework/web/CWebApplication.php:286
Stack trace:
#0 /home/f7000414/public_html/yii-1.1.13/framework/web/CWebApplication.php(141): CWebApplication->runController('bk')
#1 /home/f7000414/public_html/yii-1.1.13/framework/base/CApplication.php(169): CWebApplication->processRequest()
#2 /home/f7000414/public_html/index.php(17): CApplication->run()
#3 {main}
REQUEST_URI=/bk
---
2025/09/03 15:05:56 [error] [exception.CHttpException.404] CHttpException: Unable to resolve the request "backup". in /home/f7000414/public_html/yii-1.1.13/framework/web/CWebApplication.php:286
Stack trace:
#0 /home/f7000414/public_html/yii-1.1.13/framework/web/CWebApplication.php(141): CWebApplication->runController('backup')
#1 /home/f7000414/public_html/yii-1.1.13/framework/base/CApplication.php(169): CWebApplication->processRequest()
#2 /home/f7000414/public_html/index.php(17): CApplication->run()
#3 {main}
REQUEST_URI=/backup
---
2025/09/03 15:05:56 [error] [exception.CHttpException.404] CHttpException: Unable to resolve the request "old". in /home/f7000414/public_html/yii-1.1.13/framework/web/CWebApplication.php:286
Stack trace:
#0 /home/f7000414/public_html/yii-1.1.13/framework/web/CWebApplication.php(141): CWebApplication->runController('old')
#1 /home/f7000414/public_html/yii-1.1.13/framework/base/CApplication.php(169): CWebApplication->processRequest()
#2 /home/f7000414/public_html/index.php(17): CApplication->run()
#3 {main}
REQUEST_URI=/old
---
2025/09/03 15:05:57 [error] [exception.CHttpException.404] CHttpException: Unable to resolve the request "new". in /home/f7000414/public_html/yii-1.1.13/framework/web/CWebApplication.php:286
Stack trace:
#0 /home/f7000414/public_html/yii-1.1.13/framework/web/CWebApplication.php(141): CWebApplication->runController('new')
#1 /home/f7000414/public_html/yii-1.1.13/framework/base/CApplication.php(169): CWebApplication->processRequest()
#2 /home/f7000414/public_html/index.php(17): CApplication->run()
#3 {main}
REQUEST_URI=/new
---
2025/09/03 15:05:57 [error] [exception.CHttpException.404] CHttpException: Unable to resolve the request "main". in /home/f7000414/public_html/yii-1.1.13/framework/web/CWebApplication.php:286
Stack trace:
#0 /home/f7000414/public_html/yii-1.1.13/framework/web/CWebApplication.php(141): CWebApplication->runController('main')
#1 /home/f7000414/public_html/yii-1.1.13/framework/base/CApplication.php(169): CWebApplication->processRequest()
#2 /home/f7000414/public_html/index.php(17): CApplication->run()
#3 {main}
REQUEST_URI=/main
---
2025/09/03 15:05:57 [error] [exception.CHttpException.404] CHttpException: Unable to resolve the request "home". in /home/f7000414/public_html/yii-1.1.13/framework/web/CWebApplication.php:286
Stack trace:
#0 /home/f7000414/public_html/yii-1.1.13/framework/web/CWebApplication.php(141): CWebApplication->runController('home')
#1 /home/f7000414/public_html/yii-1.1.13/framework/base/CApplication.php(169): CWebApplication->processRequest()
#2 /home/f7000414/public_html/index.php(17): CApplication->run()
#3 {main}
REQUEST_URI=/home
---
2025/09/03 15:09:24 [error] [exception.CHttpException.404] CHttpException: Unable to resolve the request "sitemap_index.xml". in /home/f7000414/public_html/yii-1.1.13/framework/web/CWebApplication.php:286
Stack trace:
#0 /home/f7000414/public_html/yii-1.1.13/framework/web/CWebApplication.php(141): CWebApplication->runController('sitemap_index.x...')
#1 /home/f7000414/public_html/yii-1.1.13/framework/base/CApplication.php(169): CWebApplication->processRequest()
#2 /home/f7000414/public_html/index.php(17): CApplication->run()
#3 {main}
REQUEST_URI=/sitemap_index.xml
---
2025/09/03 15:23:50 [error] [exception.CHttpException.404] CHttpException: Unable to resolve the request "robots.txt". in /home/f7000414/public_html/yii-1.1.13/framework/web/CWebApplication.php:286
Stack trace:
#0 /home/f7000414/public_html/yii-1.1.13/framework/web/CWebApplication.php(141): CWebApplication->runController('robots.txt')
#1 /home/f7000414/public_html/yii-1.1.13/framework/base/CApplication.php(169): CWebApplication->processRequest()
#2 /home/f7000414/public_html/index.php(17): CApplication->run()
#3 {main}
REQUEST_URI=/robots.txt
---
2025/09/03 15:29:16 [error] [exception.CHttpException.404] CHttpException: Unable to resolve the request "robots.txt". in /home/f7000414/public_html/yii-1.1.13/framework/web/CWebApplication.php:286
Stack trace:
#0 /home/f7000414/public_html/yii-1.1.13/framework/web/CWebApplication.php(141): CWebApplication->runController('robots.txt')
#1 /home/f7000414/public_html/yii-1.1.13/framework/base/CApplication.php(169): CWebApplication->processRequest()
#2 /home/f7000414/public_html/index.php(17): CApplication->run()
#3 {main}
REQUEST_URI=/robots.txt
---
2025/09/03 15:29:17 [error] [exception.CHttpException.404] CHttpException: Unable to resolve the request "index.html". in /home/f7000414/public_html/yii-1.1.13/framework/web/CWebApplication.php:286
Stack trace:
#0 /home/f7000414/public_html/yii-1.1.13/framework/web/CWebApplication.php(141): CWebApplication->runController('index.html')
#1 /home/f7000414/public_html/yii-1.1.13/framework/base/CApplication.php(169): CWebApplication->processRequest()
#2 /home/f7000414/public_html/index.php(17): CApplication->run()
#3 {main}
REQUEST_URI=/index.html
---
2025/09/03 17:09:38 [error] [exception.CHttpException.404] CHttpException: Unable to resolve the request "wp-admin/setup-config.php". in /home/f7000414/public_html/yii-1.1.13/framework/web/CWebApplication.php:286
Stack trace:
#0 /home/f7000414/public_html/yii-1.1.13/framework/web/CWebApplication.php(141): CWebApplication->runController('wp-admin/setup-...')
#1 /home/f7000414/public_html/yii-1.1.13/framework/base/CApplication.php(169): CWebApplication->processRequest()
#2 /home/f7000414/public_html/index.php(17): CApplication->run()
#3 {main}
REQUEST_URI=/wp-admin/setup-config.php
---
2025/09/03 17:09:48 [error] [exception.CHttpException.404] CHttpException: Unable to resolve the request "wordpress/wp-admin/setup-config.php". in /home/f7000414/public_html/yii-1.1.13/framework/web/CWebApplication.php:286
Stack trace:
#0 /home/f7000414/public_html/yii-1.1.13/framework/web/CWebApplication.php(141): CWebApplication->runController('wordpress/wp-ad...')
#1 /home/f7000414/public_html/yii-1.1.13/framework/base/CApplication.php(169): CWebApplication->processRequest()
#2 /home/f7000414/public_html/index.php(17): CApplication->run()
#3 {main}
REQUEST_URI=/wordpress/wp-admin/setup-config.php
---
2025/09/03 17:10:08 [error] [exception.CHttpException.404] CHttpException: Unable to resolve the request "wordpress/wp-admin/setup-config.php". in /home/f7000414/public_html/yii-1.1.13/framework/web/CWebApplication.php:286
Stack trace:
#0 /home/f7000414/public_html/yii-1.1.13/framework/web/CWebApplication.php(141): CWebApplication->runController('wordpress/wp-ad...')
#1 /home/f7000414/public_html/yii-1.1.13/framework/base/CApplication.php(169): CWebApplication->processRequest()
#2 /home/f7000414/public_html/index.php(17): CApplication->run()
#3 {main}
REQUEST_URI=/wordpress/wp-admin/setup-config.php
---
2025/09/03 17:11:09 [error] [exception.CHttpException.404] CHttpException: Unable to resolve the request "wp-admin/setup-config.php". in /home/f7000414/public_html/yii-1.1.13/framework/web/CWebApplication.php:286
Stack trace:
#0 /home/f7000414/public_html/yii-1.1.13/framework/web/CWebApplication.php(141): CWebApplication->runController('wp-admin/setup-...')
#1 /home/f7000414/public_html/yii-1.1.13/framework/base/CApplication.php(169): CWebApplication->processRequest()
#2 /home/f7000414/public_html/index.php(17): CApplication->run()
#3 {main}
REQUEST_URI=/wp-admin/setup-config.php
---
2025/09/03 17:12:19 [error] [exception.CHttpException.404] CHttpException: Unable to resolve the request "wp-admin/setup-config.php". in /home/f7000414/public_html/yii-1.1.13/framework/web/CWebApplication.php:286
Stack trace:
#0 /home/f7000414/public_html/yii-1.1.13/framework/web/CWebApplication.php(141): CWebApplication->runController('wp-admin/setup-...')
#1 /home/f7000414/public_html/yii-1.1.13/framework/base/CApplication.php(169): CWebApplication->processRequest()
#2 /home/f7000414/public_html/index.php(17): CApplication->run()
#3 {main}
REQUEST_URI=/wp-admin/setup-config.php
---
2025/09/03 17:20:25 [error] [exception.CHttpException.404] CHttpException: Unable to resolve the request "robots.txt". in /home/f7000414/public_html/yii-1.1.13/framework/web/CWebApplication.php:286
Stack trace:
#0 /home/f7000414/public_html/yii-1.1.13/framework/web/CWebApplication.php(141): CWebApplication->runController('robots.txt')
#1 /home/f7000414/public_html/yii-1.1.13/framework/base/CApplication.php(169): CWebApplication->processRequest()
#2 /home/f7000414/public_html/index.php(17): CApplication->run()
#3 {main}
REQUEST_URI=/robots.txt
---
2025/09/03 17:20:26 [error] [exception.CHttpException.404] CHttpException: Unable to resolve the request "index.html". in /home/f7000414/public_html/yii-1.1.13/framework/web/CWebApplication.php:286
Stack trace:
#0 /home/f7000414/public_html/yii-1.1.13/framework/web/CWebApplication.php(141): CWebApplication->runController('index.html')
#1 /home/f7000414/public_html/yii-1.1.13/framework/base/CApplication.php(169): CWebApplication->processRequest()
#2 /home/f7000414/public_html/index.php(17): CApplication->run()
#3 {main}
REQUEST_URI=/index.html
---
2025/09/03 17:31:00 [error] [exception.CHttpException.404] CHttpException: Unable to resolve the request "index.html". in /home/f7000414/public_html/yii-1.1.13/framework/web/CWebApplication.php:286
Stack trace:
#0 /home/f7000414/public_html/yii-1.1.13/framework/web/CWebApplication.php(141): CWebApplication->runController('index.html')
#1 /home/f7000414/public_html/yii-1.1.13/framework/base/CApplication.php(169): CWebApplication->processRequest()
#2 /home/f7000414/public_html/index.php(17): CApplication->run()
#3 {main}
REQUEST_URI=/index.html
---
2025/09/03 17:39:05 [error] [exception.CHttpException.404] CHttpException: Unable to resolve the request "robots.txt". in /home/f7000414/public_html/yii-1.1.13/framework/web/CWebApplication.php:286
Stack trace:
#0 /home/f7000414/public_html/yii-1.1.13/framework/web/CWebApplication.php(141): CWebApplication->runController('robots.txt')
#1 /home/f7000414/public_html/yii-1.1.13/framework/base/CApplication.php(169): CWebApplication->processRequest()
#2 /home/f7000414/public_html/index.php(17): CApplication->run()
#3 {main}
REQUEST_URI=/robots.txt
---
2025/09/03 17:39:07 [error] [exception.CHttpException.404] CHttpException: Unable to resolve the request "robots.txt". in /home/f7000414/public_html/yii-1.1.13/framework/web/CWebApplication.php:286
Stack trace:
#0 /home/f7000414/public_html/yii-1.1.13/framework/web/CWebApplication.php(141): CWebApplication->runController('robots.txt')
#1 /home/f7000414/public_html/yii-1.1.13/framework/base/CApplication.php(169): CWebApplication->processRequest()
#2 /home/f7000414/public_html/index.php(17): CApplication->run()
#3 {main}
REQUEST_URI=/robots.txt
---
2025/09/03 18:14:58 [error] [exception.CHttpException.404] CHttpException: Unable to resolve the request "index.html". in /home/f7000414/public_html/yii-1.1.13/framework/web/CWebApplication.php:286
Stack trace:
#0 /home/f7000414/public_html/yii-1.1.13/framework/web/CWebApplication.php(141): CWebApplication->runController('index.html')
#1 /home/f7000414/public_html/yii-1.1.13/framework/base/CApplication.php(169): CWebApplication->processRequest()
#2 /home/f7000414/public_html/index.php(17): CApplication->run()
#3 {main}
REQUEST_URI=/index.html
---
2025/09/03 18:32:49 [error] [exception.CHttpException.404] CHttpException: Unable to resolve the request "robots.txt". in /home/f7000414/public_html/yii-1.1.13/framework/web/CWebApplication.php:286
Stack trace:
#0 /home/f7000414/public_html/yii-1.1.13/framework/web/CWebApplication.php(141): CWebApplication->runController('robots.txt')
#1 /home/f7000414/public_html/yii-1.1.13/framework/base/CApplication.php(169): CWebApplication->processRequest()
#2 /home/f7000414/public_html/index.php(17): CApplication->run()
#3 {main}
REQUEST_URI=/robots.txt
---
2025/09/03 19:24:36 [error] [exception.CHttpException.404] CHttpException: Unable to resolve the request "robots.txt". in /home/f7000414/public_html/yii-1.1.13/framework/web/CWebApplication.php:286
Stack trace:
#0 /home/f7000414/public_html/yii-1.1.13/framework/web/CWebApplication.php(141): CWebApplication->runController('robots.txt')
#1 /home/f7000414/public_html/yii-1.1.13/framework/base/CApplication.php(169): CWebApplication->processRequest()
#2 /home/f7000414/public_html/index.php(17): CApplication->run()
#3 {main}
REQUEST_URI=/robots.txt
---
2025/09/03 20:17:18 [error] [exception.CHttpException.404] CHttpException: Unable to resolve the request "robots.txt". in /home/f7000414/public_html/yii-1.1.13/framework/web/CWebApplication.php:286
Stack trace:
#0 /home/f7000414/public_html/yii-1.1.13/framework/web/CWebApplication.php(141): CWebApplication->runController('robots.txt')
#1 /home/f7000414/public_html/yii-1.1.13/framework/base/CApplication.php(169): CWebApplication->processRequest()
#2 /home/f7000414/public_html/index.php(17): CApplication->run()
#3 {main}
REQUEST_URI=/robots.txt
---
2025/09/03 21:28:17 [error] [exception.CHttpException.404] CHttpException: Unable to resolve the request "robots.txt". in /home/f7000414/public_html/yii-1.1.13/framework/web/CWebApplication.php:286
Stack trace:
#0 /home/f7000414/public_html/yii-1.1.13/framework/web/CWebApplication.php(141): CWebApplication->runController('robots.txt')
#1 /home/f7000414/public_html/yii-1.1.13/framework/base/CApplication.php(169): CWebApplication->processRequest()
#2 /home/f7000414/public_html/index.php(17): CApplication->run()
#3 {main}
REQUEST_URI=/robots.txt
---
2025/09/03 21:45:46 [error] [exception.CHttpException.404] CHttpException: Unable to resolve the request ".well-known/traffic-advice". in /home/f7000414/public_html/yii-1.1.13/framework/web/CWebApplication.php:286
Stack trace:
#0 /home/f7000414/public_html/yii-1.1.13/framework/web/CWebApplication.php(141): CWebApplication->runController('.well-known/tra...')
#1 /home/f7000414/public_html/yii-1.1.13/framework/base/CApplication.php(169): CWebApplication->processRequest()
#2 /home/f7000414/public_html/index.php(17): CApplication->run()
#3 {main}
REQUEST_URI=/.well-known/traffic-advice
---
2025/09/03 22:19:05 [error] [exception.CHttpException.404] CHttpException: Unable to resolve the request "robots.txt". in /home/f7000414/public_html/yii-1.1.13/framework/web/CWebApplication.php:286
Stack trace:
#0 /home/f7000414/public_html/yii-1.1.13/framework/web/CWebApplication.php(141): CWebApplication->runController('robots.txt')
#1 /home/f7000414/public_html/yii-1.1.13/framework/base/CApplication.php(169): CWebApplication->processRequest()
#2 /home/f7000414/public_html/index.php(17): CApplication->run()
#3 {main}
REQUEST_URI=/robots.txt
---
2025/09/03 22:32:47 [error] [exception.CHttpException.404] CHttpException: Unable to resolve the request "robots.txt". in /home/f7000414/public_html/yii-1.1.13/framework/web/CWebApplication.php:286
Stack trace:
#0 /home/f7000414/public_html/yii-1.1.13/framework/web/CWebApplication.php(141): CWebApplication->runController('robots.txt')
#1 /home/f7000414/public_html/yii-1.1.13/framework/base/CApplication.php(169): CWebApplication->processRequest()
#2 /home/f7000414/public_html/index.php(17): CApplication->run()
#3 {main}
REQUEST_URI=/robots.txt
---
2025/09/03 22:32:47 [error] [exception.CHttpException.404] CHttpException: Unable to resolve the request "robots.txt". in /home/f7000414/public_html/yii-1.1.13/framework/web/CWebApplication.php:286
Stack trace:
#0 /home/f7000414/public_html/yii-1.1.13/framework/web/CWebApplication.php(141): CWebApplication->runController('robots.txt')
#1 /home/f7000414/public_html/yii-1.1.13/framework/base/CApplication.php(169): CWebApplication->processRequest()
#2 /home/f7000414/public_html/index.php(17): CApplication->run()
#3 {main}
REQUEST_URI=/robots.txt
---
2025/09/04 00:37:41 [error] [exception.CHttpException.404] CHttpException: Unable to resolve the request "robots.txt". in /home/f7000414/public_html/yii-1.1.13/framework/web/CWebApplication.php:286
Stack trace:
#0 /home/f7000414/public_html/yii-1.1.13/framework/web/CWebApplication.php(141): CWebApplication->runController('robots.txt')
#1 /home/f7000414/public_html/yii-1.1.13/framework/base/CApplication.php(169): CWebApplication->processRequest()
#2 /home/f7000414/public_html/index.php(17): CApplication->run()
#3 {main}
REQUEST_URI=/robots.txt
---
2025/09/04 01:25:02 [error] [exception.CHttpException.404] CHttpException: Unable to resolve the request "robots.txt". in /home/f7000414/public_html/yii-1.1.13/framework/web/CWebApplication.php:286
Stack trace:
#0 /home/f7000414/public_html/yii-1.1.13/framework/web/CWebApplication.php(141): CWebApplication->runController('robots.txt')
#1 /home/f7000414/public_html/yii-1.1.13/framework/base/CApplication.php(169): CWebApplication->processRequest()
#2 /home/f7000414/public_html/index.php(17): CApplication->run()
#3 {main}
REQUEST_URI=/robots.txt
---
2025/09/04 01:25:08 [error] [exception.CHttpException.404] CHttpException: Unable to resolve the request "ads.txt". in /home/f7000414/public_html/yii-1.1.13/framework/web/CWebApplication.php:286
Stack trace:
#0 /home/f7000414/public_html/yii-1.1.13/framework/web/CWebApplication.php(141): CWebApplication->runController('ads.txt')
#1 /home/f7000414/public_html/yii-1.1.13/framework/base/CApplication.php(169): CWebApplication->processRequest()
#2 /home/f7000414/public_html/index.php(17): CApplication->run()
#3 {main}
REQUEST_URI=/ads.txt
---
2025/09/04 01:46:06 [error] [exception.CHttpException.404] CHttpException: Unable to resolve the request "robots.txt". in /home/f7000414/public_html/yii-1.1.13/framework/web/CWebApplication.php:286
Stack trace:
#0 /home/f7000414/public_html/yii-1.1.13/framework/web/CWebApplication.php(141): CWebApplication->runController('robots.txt')
#1 /home/f7000414/public_html/yii-1.1.13/framework/base/CApplication.php(169): CWebApplication->processRequest()
#2 /home/f7000414/public_html/index.php(17): CApplication->run()
#3 {main}
REQUEST_URI=/robots.txt
---
2025/09/04 02:28:09 [error] [exception.CHttpException.404] CHttpException: Unable to resolve the request "ads.txt". in /home/f7000414/public_html/yii-1.1.13/framework/web/CWebApplication.php:286
Stack trace:
#0 /home/f7000414/public_html/yii-1.1.13/framework/web/CWebApplication.php(141): CWebApplication->runController('ads.txt')
#1 /home/f7000414/public_html/yii-1.1.13/framework/base/CApplication.php(169): CWebApplication->processRequest()
#2 /home/f7000414/public_html/index.php(17): CApplication->run()
#3 {main}
REQUEST_URI=/ads.txt
---
2025/09/04 02:32:51 [error] [exception.CHttpException.404] CHttpException: Unable to resolve the request "robots.txt". in /home/f7000414/public_html/yii-1.1.13/framework/web/CWebApplication.php:286
Stack trace:
#0 /home/f7000414/public_html/yii-1.1.13/framework/web/CWebApplication.php(141): CWebApplication->runController('robots.txt')
#1 /home/f7000414/public_html/yii-1.1.13/framework/base/CApplication.php(169): CWebApplication->processRequest()
#2 /home/f7000414/public_html/index.php(17): CApplication->run()
#3 {main}
REQUEST_URI=/robots.txt
---
2025/09/04 02:49:16 [error] [exception.CHttpException.404] CHttpException: Unable to resolve the request "sitemap.xml". in /home/f7000414/public_html/yii-1.1.13/framework/web/CWebApplication.php:286
Stack trace:
#0 /home/f7000414/public_html/yii-1.1.13/framework/web/CWebApplication.php(141): CWebApplication->runController('sitemap.xml')
#1 /home/f7000414/public_html/yii-1.1.13/framework/base/CApplication.php(169): CWebApplication->processRequest()
#2 /home/f7000414/public_html/index.php(17): CApplication->run()
#3 {main}
REQUEST_URI=/sitemap.xml
---
2025/09/04 03:30:15 [error] [exception.CHttpException.404] CHttpException: Unable to resolve the request "robots.txt". in /home/f7000414/public_html/yii-1.1.13/framework/web/CWebApplication.php:286
Stack trace:
#0 /home/f7000414/public_html/yii-1.1.13/framework/web/CWebApplication.php(141): CWebApplication->runController('robots.txt')
#1 /home/f7000414/public_html/yii-1.1.13/framework/base/CApplication.php(169): CWebApplication->processRequest()
#2 /home/f7000414/public_html/index.php(17): CApplication->run()
#3 {main}
REQUEST_URI=/robots.txt
---
2025/09/04 03:36:49 [error] [exception.CHttpException.404] CHttpException: Unable to resolve the request "robots.txt". in /home/f7000414/public_html/yii-1.1.13/framework/web/CWebApplication.php:286
Stack trace:
#0 /home/f7000414/public_html/yii-1.1.13/framework/web/CWebApplication.php(141): CWebApplication->runController('robots.txt')
#1 /home/f7000414/public_html/yii-1.1.13/framework/base/CApplication.php(169): CWebApplication->processRequest()
#2 /home/f7000414/public_html/index.php(17): CApplication->run()
#3 {main}
REQUEST_URI=/robots.txt
---
2025/09/04 03:37:04 [error] [exception.CHttpException.404] CHttpException: Unable to resolve the request "llms.txt". in /home/f7000414/public_html/yii-1.1.13/framework/web/CWebApplication.php:286
Stack trace:
#0 /home/f7000414/public_html/yii-1.1.13/framework/web/CWebApplication.php(141): CWebApplication->runController('llms.txt')
#1 /home/f7000414/public_html/yii-1.1.13/framework/base/CApplication.php(169): CWebApplication->processRequest()
#2 /home/f7000414/public_html/index.php(17): CApplication->run()
#3 {main}
REQUEST_URI=/llms.txt
---
2025/09/04 03:37:10 [error] [exception.CHttpException.404] CHttpException: Unable to resolve the request "ai.txt". in /home/f7000414/public_html/yii-1.1.13/framework/web/CWebApplication.php:286
Stack trace:
#0 /home/f7000414/public_html/yii-1.1.13/framework/web/CWebApplication.php(141): CWebApplication->runController('ai.txt')
#1 /home/f7000414/public_html/yii-1.1.13/framework/base/CApplication.php(169): CWebApplication->processRequest()
#2 /home/f7000414/public_html/index.php(17): CApplication->run()
#3 {main}
REQUEST_URI=/ai.txt
---
2025/09/04 03:55:33 [error] [exception.CHttpException.404] CHttpException: Unable to resolve the request "robots.txt". in /home/f7000414/public_html/yii-1.1.13/framework/web/CWebApplication.php:286
Stack trace:
#0 /home/f7000414/public_html/yii-1.1.13/framework/web/CWebApplication.php(141): CWebApplication->runController('robots.txt')
#1 /home/f7000414/public_html/yii-1.1.13/framework/base/CApplication.php(169): CWebApplication->processRequest()
#2 /home/f7000414/public_html/index.php(17): CApplication->run()
#3 {main}
REQUEST_URI=/robots.txt
---
2025/09/04 04:10:49 [error] [exception.CHttpException.404] CHttpException: Unable to resolve the request "robots.txt". in /home/f7000414/public_html/yii-1.1.13/framework/web/CWebApplication.php:286
Stack trace:
#0 /home/f7000414/public_html/yii-1.1.13/framework/web/CWebApplication.php(141): CWebApplication->runController('robots.txt')
#1 /home/f7000414/public_html/yii-1.1.13/framework/base/CApplication.php(169): CWebApplication->processRequest()
#2 /home/f7000414/public_html/index.php(17): CApplication->run()
#3 {main}
REQUEST_URI=/robots.txt
---
2025/09/04 04:11:40 [error] [exception.CHttpException.404] CHttpException: Unable to resolve the request "robots.txt". in /home/f7000414/public_html/yii-1.1.13/framework/web/CWebApplication.php:286
Stack trace:
#0 /home/f7000414/public_html/yii-1.1.13/framework/web/CWebApplication.php(141): CWebApplication->runController('robots.txt')
#1 /home/f7000414/public_html/yii-1.1.13/framework/base/CApplication.php(169): CWebApplication->processRequest()
#2 /home/f7000414/public_html/index.php(17): CApplication->run()
#3 {main}
REQUEST_URI=/robots.txt
---
2025/09/04 04:12:04 [error] [exception.CHttpException.404] CHttpException: Unable to resolve the request "llms.txt". in /home/f7000414/public_html/yii-1.1.13/framework/web/CWebApplication.php:286
Stack trace:
#0 /home/f7000414/public_html/yii-1.1.13/framework/web/CWebApplication.php(141): CWebApplication->runController('llms.txt')
#1 /home/f7000414/public_html/yii-1.1.13/framework/base/CApplication.php(169): CWebApplication->processRequest()
#2 /home/f7000414/public_html/index.php(17): CApplication->run()
#3 {main}
REQUEST_URI=/llms.txt
---
2025/09/04 04:12:12 [error] [exception.CHttpException.404] CHttpException: Unable to resolve the request "ai.txt". in /home/f7000414/public_html/yii-1.1.13/framework/web/CWebApplication.php:286
Stack trace:
#0 /home/f7000414/public_html/yii-1.1.13/framework/web/CWebApplication.php(141): CWebApplication->runController('ai.txt')
#1 /home/f7000414/public_html/yii-1.1.13/framework/base/CApplication.php(169): CWebApplication->processRequest()
#2 /home/f7000414/public_html/index.php(17): CApplication->run()
#3 {main}
REQUEST_URI=/ai.txt
---
2025/09/04 04:38:22 [error] [exception.CHttpException.404] CHttpException: Unable to resolve the request "robots.txt". in /home/f7000414/public_html/yii-1.1.13/framework/web/CWebApplication.php:286
Stack trace:
#0 /home/f7000414/public_html/yii-1.1.13/framework/web/CWebApplication.php(141): CWebApplication->runController('robots.txt')
#1 /home/f7000414/public_html/yii-1.1.13/framework/base/CApplication.php(169): CWebApplication->processRequest()
#2 /home/f7000414/public_html/index.php(17): CApplication->run()
#3 {main}
REQUEST_URI=/robots.txt
---
2025/09/04 04:38:25 [error] [exception.CHttpException.404] CHttpException: Unable to resolve the request "robots.txt". in /home/f7000414/public_html/yii-1.1.13/framework/web/CWebApplication.php:286
Stack trace:
#0 /home/f7000414/public_html/yii-1.1.13/framework/web/CWebApplication.php(141): CWebApplication->runController('robots.txt')
#1 /home/f7000414/public_html/yii-1.1.13/framework/base/CApplication.php(169): CWebApplication->processRequest()
#2 /home/f7000414/public_html/index.php(17): CApplication->run()
#3 {main}
REQUEST_URI=/robots.txt
---
2025/09/04 05:16:00 [error] [exception.CHttpException.404] CHttpException: Unable to resolve the request "wordpress". in /home/f7000414/public_html/yii-1.1.13/framework/web/CWebApplication.php:286
Stack trace:
#0 /home/f7000414/public_html/yii-1.1.13/framework/web/CWebApplication.php(141): CWebApplication->runController('wordpress')
#1 /home/f7000414/public_html/yii-1.1.13/framework/base/CApplication.php(169): CWebApplication->processRequest()
#2 /home/f7000414/public_html/index.php(17): CApplication->run()
#3 {main}
REQUEST_URI=/wordpress
HTTP_REFERER=http://www.0800cocinas.com/wordpress
---
2025/09/04 05:16:00 [error] [exception.CHttpException.404] CHttpException: Unable to resolve the request "new". in /home/f7000414/public_html/yii-1.1.13/framework/web/CWebApplication.php:286
Stack trace:
#0 /home/f7000414/public_html/yii-1.1.13/framework/web/CWebApplication.php(141): CWebApplication->runController('new')
#1 /home/f7000414/public_html/yii-1.1.13/framework/base/CApplication.php(169): CWebApplication->processRequest()
#2 /home/f7000414/public_html/index.php(17): CApplication->run()
#3 {main}
REQUEST_URI=/new
HTTP_REFERER=http://www.0800cocinas.com/new
---
2025/09/04 05:16:00 [error] [exception.CHttpException.404] CHttpException: Unable to resolve the request "main". in /home/f7000414/public_html/yii-1.1.13/framework/web/CWebApplication.php:286
Stack trace:
#0 /home/f7000414/public_html/yii-1.1.13/framework/web/CWebApplication.php(141): CWebApplication->runController('main')
#1 /home/f7000414/public_html/yii-1.1.13/framework/base/CApplication.php(169): CWebApplication->processRequest()
#2 /home/f7000414/public_html/index.php(17): CApplication->run()
#3 {main}
REQUEST_URI=/main
HTTP_REFERER=http://www.0800cocinas.com/main
---
2025/09/04 05:16:01 [error] [exception.CHttpException.404] CHttpException: Unable to resolve the request "bc". in /home/f7000414/public_html/yii-1.1.13/framework/web/CWebApplication.php:286
Stack trace:
#0 /home/f7000414/public_html/yii-1.1.13/framework/web/CWebApplication.php(141): CWebApplication->runController('bc')
#1 /home/f7000414/public_html/yii-1.1.13/framework/base/CApplication.php(169): CWebApplication->processRequest()
#2 /home/f7000414/public_html/index.php(17): CApplication->run()
#3 {main}
REQUEST_URI=/bc
HTTP_REFERER=http://www.0800cocinas.com/bc
---
2025/09/04 05:16:01 [error] [exception.CHttpException.404] CHttpException: Unable to resolve the request "old". in /home/f7000414/public_html/yii-1.1.13/framework/web/CWebApplication.php:286
Stack trace:
#0 /home/f7000414/public_html/yii-1.1.13/framework/web/CWebApplication.php(141): CWebApplication->runController('old')
#1 /home/f7000414/public_html/yii-1.1.13/framework/base/CApplication.php(169): CWebApplication->processRequest()
#2 /home/f7000414/public_html/index.php(17): CApplication->run()
#3 {main}
REQUEST_URI=/old
HTTP_REFERER=http://www.0800cocinas.com/old
---
2025/09/04 05:16:01 [error] [exception.CHttpException.404] CHttpException: Unable to resolve the request "backup". in /home/f7000414/public_html/yii-1.1.13/framework/web/CWebApplication.php:286
Stack trace:
#0 /home/f7000414/public_html/yii-1.1.13/framework/web/CWebApplication.php(141): CWebApplication->runController('backup')
#1 /home/f7000414/public_html/yii-1.1.13/framework/base/CApplication.php(169): CWebApplication->processRequest()
#2 /home/f7000414/public_html/index.php(17): CApplication->run()
#3 {main}
REQUEST_URI=/backup
HTTP_REFERER=http://www.0800cocinas.com/backup
---
2025/09/04 05:16:01 [error] [exception.CHttpException.404] CHttpException: Unable to resolve the request "home". in /home/f7000414/public_html/yii-1.1.13/framework/web/CWebApplication.php:286
Stack trace:
#0 /home/f7000414/public_html/yii-1.1.13/framework/web/CWebApplication.php(141): CWebApplication->runController('home')
#1 /home/f7000414/public_html/yii-1.1.13/framework/base/CApplication.php(169): CWebApplication->processRequest()
#2 /home/f7000414/public_html/index.php(17): CApplication->run()
#3 {main}
REQUEST_URI=/home
HTTP_REFERER=http://www.0800cocinas.com/home
---
2025/09/04 06:08:34 [error] [exception.CHttpException.404] CHttpException: Unable to resolve the request "robots.txt". in /home/f7000414/public_html/yii-1.1.13/framework/web/CWebApplication.php:286
Stack trace:
#0 /home/f7000414/public_html/yii-1.1.13/framework/web/CWebApplication.php(141): CWebApplication->runController('robots.txt')
#1 /home/f7000414/public_html/yii-1.1.13/framework/base/CApplication.php(169): CWebApplication->processRequest()
#2 /home/f7000414/public_html/index.php(17): CApplication->run()
#3 {main}
REQUEST_URI=/robots.txt
---
2025/09/04 07:01:20 [error] [exception.CHttpException.404] CHttpException: Unable to resolve the request "robots.txt". in /home/f7000414/public_html/yii-1.1.13/framework/web/CWebApplication.php:286
Stack trace:
#0 /home/f7000414/public_html/yii-1.1.13/framework/web/CWebApplication.php(141): CWebApplication->runController('robots.txt')
#1 /home/f7000414/public_html/yii-1.1.13/framework/base/CApplication.php(169): CWebApplication->processRequest()
#2 /home/f7000414/public_html/index.php(17): CApplication->run()
#3 {main}
REQUEST_URI=/robots.txt
---
2025/09/04 07:10:04 [error] [exception.CHttpException.404] CHttpException: Unable to resolve the request "robots.txt". in /home/f7000414/public_html/yii-1.1.13/framework/web/CWebApplication.php:286
Stack trace:
#0 /home/f7000414/public_html/yii-1.1.13/framework/web/CWebApplication.php(141): CWebApplication->runController('robots.txt')
#1 /home/f7000414/public_html/yii-1.1.13/framework/base/CApplication.php(169): CWebApplication->processRequest()
#2 /home/f7000414/public_html/index.php(17): CApplication->run()
#3 {main}
REQUEST_URI=/robots.txt
---
2025/09/04 07:10:39 [error] [exception.CHttpException.404] CHttpException: Unable to resolve the request "robots.txt". in /home/f7000414/public_html/yii-1.1.13/framework/web/CWebApplication.php:286
Stack trace:
#0 /home/f7000414/public_html/yii-1.1.13/framework/web/CWebApplication.php(141): CWebApplication->runController('robots.txt')
#1 /home/f7000414/public_html/yii-1.1.13/framework/base/CApplication.php(169): CWebApplication->processRequest()
#2 /home/f7000414/public_html/index.php(17): CApplication->run()
#3 {main}
REQUEST_URI=/robots.txt
---
2025/09/04 07:21:29 [error] [exception.CHttpException.404] CHttpException: Unable to resolve the request "robots.txt". in /home/f7000414/public_html/yii-1.1.13/framework/web/CWebApplication.php:286
Stack trace:
#0 /home/f7000414/public_html/yii-1.1.13/framework/web/CWebApplication.php(141): CWebApplication->runController('robots.txt')
#1 /home/f7000414/public_html/yii-1.1.13/framework/base/CApplication.php(169): CWebApplication->processRequest()
#2 /home/f7000414/public_html/index.php(17): CApplication->run()
#3 {main}
REQUEST_URI=/robots.txt
---
2025/09/04 07:21:30 [error] [exception.CHttpException.404] CHttpException: Unable to resolve the request "robots.txt". in /home/f7000414/public_html/yii-1.1.13/framework/web/CWebApplication.php:286
Stack trace:
#0 /home/f7000414/public_html/yii-1.1.13/framework/web/CWebApplication.php(141): CWebApplication->runController('robots.txt')
#1 /home/f7000414/public_html/yii-1.1.13/framework/base/CApplication.php(169): CWebApplication->processRequest()
#2 /home/f7000414/public_html/index.php(17): CApplication->run()
#3 {main}
REQUEST_URI=/robots.txt
---
2025/09/04 07:21:31 [error] [exception.CHttpException.404] CHttpException: Unable to resolve the request "index.html". in /home/f7000414/public_html/yii-1.1.13/framework/web/CWebApplication.php:286
Stack trace:
#0 /home/f7000414/public_html/yii-1.1.13/framework/web/CWebApplication.php(141): CWebApplication->runController('index.html')
#1 /home/f7000414/public_html/yii-1.1.13/framework/base/CApplication.php(169): CWebApplication->processRequest()
#2 /home/f7000414/public_html/index.php(17): CApplication->run()
#3 {main}
REQUEST_URI=/index.html
---
2025/09/04 07:36:18 [error] [exception.CHttpException.404] CHttpException: Unable to resolve the request "robots.txt". in /home/f7000414/public_html/yii-1.1.13/framework/web/CWebApplication.php:286
Stack trace:
#0 /home/f7000414/public_html/yii-1.1.13/framework/web/CWebApplication.php(141): CWebApplication->runController('robots.txt')
#1 /home/f7000414/public_html/yii-1.1.13/framework/base/CApplication.php(169): CWebApplication->processRequest()
#2 /home/f7000414/public_html/index.php(17): CApplication->run()
#3 {main}
REQUEST_URI=/robots.txt
---
2025/09/04 07:51:55 [error] [exception.CHttpException.404] CHttpException: Unable to resolve the request "robots.txt". in /home/f7000414/public_html/yii-1.1.13/framework/web/CWebApplication.php:286
Stack trace:
#0 /home/f7000414/public_html/yii-1.1.13/framework/web/CWebApplication.php(141): CWebApplication->runController('robots.txt')
#1 /home/f7000414/public_html/yii-1.1.13/framework/base/CApplication.php(169): CWebApplication->processRequest()
#2 /home/f7000414/public_html/index.php(17): CApplication->run()
#3 {main}
REQUEST_URI=/robots.txt
---
2025/09/04 08:30:28 [error] [exception.CHttpException.404] CHttpException: Unable to resolve the request "robots.txt". in /home/f7000414/public_html/yii-1.1.13/framework/web/CWebApplication.php:286
Stack trace:
#0 /home/f7000414/public_html/yii-1.1.13/framework/web/CWebApplication.php(141): CWebApplication->runController('robots.txt')
#1 /home/f7000414/public_html/yii-1.1.13/framework/base/CApplication.php(169): CWebApplication->processRequest()
#2 /home/f7000414/public_html/index.php(17): CApplication->run()
#3 {main}
REQUEST_URI=/robots.txt
---
2025/09/04 08:30:29 [error] [exception.CHttpException.404] CHttpException: Unable to resolve the request "robots.txt". in /home/f7000414/public_html/yii-1.1.13/framework/web/CWebApplication.php:286
Stack trace:
#0 /home/f7000414/public_html/yii-1.1.13/framework/web/CWebApplication.php(141): CWebApplication->runController('robots.txt')
#1 /home/f7000414/public_html/yii-1.1.13/framework/base/CApplication.php(169): CWebApplication->processRequest()
#2 /home/f7000414/public_html/index.php(17): CApplication->run()
#3 {main}
REQUEST_URI=/robots.txt
---
2025/09/04 09:34:16 [error] [exception.CHttpException.404] CHttpException: Unable to resolve the request "index.html". in /home/f7000414/public_html/yii-1.1.13/framework/web/CWebApplication.php:286
Stack trace:
#0 /home/f7000414/public_html/yii-1.1.13/framework/web/CWebApplication.php(141): CWebApplication->runController('index.html')
#1 /home/f7000414/public_html/yii-1.1.13/framework/base/CApplication.php(169): CWebApplication->processRequest()
#2 /home/f7000414/public_html/index.php(17): CApplication->run()
#3 {main}
REQUEST_URI=/index.html
---
2025/09/04 09:46:17 [error] [exception.CHttpException.404] CHttpException: Unable to resolve the request "robots.txt". in /home/f7000414/public_html/yii-1.1.13/framework/web/CWebApplication.php:286
Stack trace:
#0 /home/f7000414/public_html/yii-1.1.13/framework/web/CWebApplication.php(141): CWebApplication->runController('robots.txt')
#1 /home/f7000414/public_html/yii-1.1.13/framework/base/CApplication.php(169): CWebApplication->processRequest()
#2 /home/f7000414/public_html/index.php(17): CApplication->run()
#3 {main}
REQUEST_URI=/robots.txt
---
2025/09/04 09:49:35 [error] [exception.CHttpException.404] CHttpException: Unable to resolve the request "wordpress/wp-admin/setup-config.php". in /home/f7000414/public_html/yii-1.1.13/framework/web/CWebApplication.php:286
Stack trace:
#0 /home/f7000414/public_html/yii-1.1.13/framework/web/CWebApplication.php(141): CWebApplication->runController('wordpress/wp-ad...')
#1 /home/f7000414/public_html/yii-1.1.13/framework/base/CApplication.php(169): CWebApplication->processRequest()
#2 /home/f7000414/public_html/index.php(17): CApplication->run()
#3 {main}
REQUEST_URI=/wordpress/wp-admin/setup-config.php
---
2025/09/04 09:49:55 [error] [exception.CHttpException.404] CHttpException: Unable to resolve the request "wp-admin/setup-config.php". in /home/f7000414/public_html/yii-1.1.13/framework/web/CWebApplication.php:286
Stack trace:
#0 /home/f7000414/public_html/yii-1.1.13/framework/web/CWebApplication.php(141): CWebApplication->runController('wp-admin/setup-...')
#1 /home/f7000414/public_html/yii-1.1.13/framework/base/CApplication.php(169): CWebApplication->processRequest()
#2 /home/f7000414/public_html/index.php(17): CApplication->run()
#3 {main}
REQUEST_URI=/wp-admin/setup-config.php
---
2025/09/04 09:51:00 [error] [exception.CHttpException.404] CHttpException: Unable to resolve the request "wp-admin/setup-config.php". in /home/f7000414/public_html/yii-1.1.13/framework/web/CWebApplication.php:286
Stack trace:
#0 /home/f7000414/public_html/yii-1.1.13/framework/web/CWebApplication.php(141): CWebApplication->runController('wp-admin/setup-...')
#1 /home/f7000414/public_html/yii-1.1.13/framework/base/CApplication.php(169): CWebApplication->processRequest()
#2 /home/f7000414/public_html/index.php(17): CApplication->run()
#3 {main}
REQUEST_URI=/wp-admin/setup-config.php
---
2025/09/04 09:52:03 [error] [exception.CHttpException.404] CHttpException: Unable to resolve the request "wordpress/wp-admin/setup-config.php". in /home/f7000414/public_html/yii-1.1.13/framework/web/CWebApplication.php:286
Stack trace:
#0 /home/f7000414/public_html/yii-1.1.13/framework/web/CWebApplication.php(141): CWebApplication->runController('wordpress/wp-ad...')
#1 /home/f7000414/public_html/yii-1.1.13/framework/base/CApplication.php(169): CWebApplication->processRequest()
#2 /home/f7000414/public_html/index.php(17): CApplication->run()
#3 {main}
REQUEST_URI=/wordpress/wp-admin/setup-config.php
---
2025/09/04 11:14:39 [error] [exception.CHttpException.404] CHttpException: Unable to resolve the request "robots.txt". in /home/f7000414/public_html/yii-1.1.13/framework/web/CWebApplication.php:286
Stack trace:
#0 /home/f7000414/public_html/yii-1.1.13/framework/web/CWebApplication.php(141): CWebApplication->runController('robots.txt')
#1 /home/f7000414/public_html/yii-1.1.13/framework/base/CApplication.php(169): CWebApplication->processRequest()
#2 /home/f7000414/public_html/index.php(17): CApplication->run()
#3 {main}
REQUEST_URI=/robots.txt
---
2025/09/04 11:14:41 [error] [exception.CHttpException.404] CHttpException: Unable to resolve the request "robots.txt". in /home/f7000414/public_html/yii-1.1.13/framework/web/CWebApplication.php:286
Stack trace:
#0 /home/f7000414/public_html/yii-1.1.13/framework/web/CWebApplication.php(141): CWebApplication->runController('robots.txt')
#1 /home/f7000414/public_html/yii-1.1.13/framework/base/CApplication.php(169): CWebApplication->processRequest()
#2 /home/f7000414/public_html/index.php(17): CApplication->run()
#3 {main}
REQUEST_URI=/robots.txt
---
2025/09/04 11:17:31 [error] [exception.CHttpException.404] CHttpException: Unable to resolve the request "robots.txt". in /home/f7000414/public_html/yii-1.1.13/framework/web/CWebApplication.php:286
Stack trace:
#0 /home/f7000414/public_html/yii-1.1.13/framework/web/CWebApplication.php(141): CWebApplication->runController('robots.txt')
#1 /home/f7000414/public_html/yii-1.1.13/framework/base/CApplication.php(169): CWebApplication->processRequest()
#2 /home/f7000414/public_html/index.php(17): CApplication->run()
#3 {main}
REQUEST_URI=/robots.txt
---
2025/09/04 11:17:34 [error] [exception.CHttpException.404] CHttpException: Unable to resolve the request "robots.txt". in /home/f7000414/public_html/yii-1.1.13/framework/web/CWebApplication.php:286
Stack trace:
#0 /home/f7000414/public_html/yii-1.1.13/framework/web/CWebApplication.php(141): CWebApplication->runController('robots.txt')
#1 /home/f7000414/public_html/yii-1.1.13/framework/base/CApplication.php(169): CWebApplication->processRequest()
#2 /home/f7000414/public_html/index.php(17): CApplication->run()
#3 {main}
REQUEST_URI=/robots.txt
---
2025/09/04 11:38:00 [error] [exception.CHttpException.404] CHttpException: Unable to resolve the request "robots.txt". in /home/f7000414/public_html/yii-1.1.13/framework/web/CWebApplication.php:286
Stack trace:
#0 /home/f7000414/public_html/yii-1.1.13/framework/web/CWebApplication.php(141): CWebApplication->runController('robots.txt')
#1 /home/f7000414/public_html/yii-1.1.13/framework/base/CApplication.php(169): CWebApplication->processRequest()
#2 /home/f7000414/public_html/index.php(17): CApplication->run()
#3 {main}
REQUEST_URI=/robots.txt
---
2025/09/04 11:38:02 [error] [exception.CHttpException.404] CHttpException: Unable to resolve the request "robots.txt". in /home/f7000414/public_html/yii-1.1.13/framework/web/CWebApplication.php:286
Stack trace:
#0 /home/f7000414/public_html/yii-1.1.13/framework/web/CWebApplication.php(141): CWebApplication->runController('robots.txt')
#1 /home/f7000414/public_html/yii-1.1.13/framework/base/CApplication.php(169): CWebApplication->processRequest()
#2 /home/f7000414/public_html/index.php(17): CApplication->run()
#3 {main}
REQUEST_URI=/robots.txt
---
2025/09/04 12:07:54 [error] [exception.CHttpException.404] CHttpException: Unable to resolve the request "favicon.ico". in /home/f7000414/public_html/yii-1.1.13/framework/web/CWebApplication.php:286
Stack trace:
#0 /home/f7000414/public_html/yii-1.1.13/framework/web/CWebApplication.php(141): CWebApplication->runController('favicon.ico')
#1 /home/f7000414/public_html/yii-1.1.13/framework/base/CApplication.php(169): CWebApplication->processRequest()
#2 /home/f7000414/public_html/index.php(17): CApplication->run()
#3 {main}
REQUEST_URI=/favicon.ico
---
2025/09/04 13:25:03 [error] [exception.CHttpException.404] CHttpException: Unable to resolve the request "ads.txt". in /home/f7000414/public_html/yii-1.1.13/framework/web/CWebApplication.php:286
Stack trace:
#0 /home/f7000414/public_html/yii-1.1.13/framework/web/CWebApplication.php(141): CWebApplication->runController('ads.txt')
#1 /home/f7000414/public_html/yii-1.1.13/framework/base/CApplication.php(169): CWebApplication->processRequest()
#2 /home/f7000414/public_html/index.php(17): CApplication->run()
#3 {main}
REQUEST_URI=/ads.txt
---
2025/09/04 13:58:28 [error] [exception.CHttpException.404] CHttpException: Unable to resolve the request "sitemap_index.xml". in /home/f7000414/public_html/yii-1.1.13/framework/web/CWebApplication.php:286
Stack trace:
#0 /home/f7000414/public_html/yii-1.1.13/framework/web/CWebApplication.php(141): CWebApplication->runController('sitemap_index.x...')
#1 /home/f7000414/public_html/yii-1.1.13/framework/base/CApplication.php(169): CWebApplication->processRequest()
#2 /home/f7000414/public_html/index.php(17): CApplication->run()
#3 {main}
REQUEST_URI=/sitemap_index.xml
---
2025/09/04 14:13:36 [error] [exception.CHttpException.404] CHttpException: Unable to resolve the request "robots.txt". in /home/f7000414/public_html/yii-1.1.13/framework/web/CWebApplication.php:286
Stack trace:
#0 /home/f7000414/public_html/yii-1.1.13/framework/web/CWebApplication.php(141): CWebApplication->runController('robots.txt')
#1 /home/f7000414/public_html/yii-1.1.13/framework/base/CApplication.php(169): CWebApplication->processRequest()
#2 /home/f7000414/public_html/index.php(17): CApplication->run()
#3 {main}
REQUEST_URI=/robots.txt
---
2025/09/04 14:13:40 [error] [exception.CHttpException.404] CHttpException: Unable to resolve the request "sitemaps.xml". in /home/f7000414/public_html/yii-1.1.13/framework/web/CWebApplication.php:286
Stack trace:
#0 /home/f7000414/public_html/yii-1.1.13/framework/web/CWebApplication.php(141): CWebApplication->runController('sitemaps.xml')
#1 /home/f7000414/public_html/yii-1.1.13/framework/base/CApplication.php(169): CWebApplication->processRequest()
#2 /home/f7000414/public_html/index.php(17): CApplication->run()
#3 {main}
REQUEST_URI=/sitemaps.xml
---
2025/09/04 14:30:00 [error] [exception.CHttpException.404] CHttpException: Unable to resolve the request "wordpress/wp-admin/setup-config.php". in /home/f7000414/public_html/yii-1.1.13/framework/web/CWebApplication.php:286
Stack trace:
#0 /home/f7000414/public_html/yii-1.1.13/framework/web/CWebApplication.php(141): CWebApplication->runController('wordpress/wp-ad...')
#1 /home/f7000414/public_html/yii-1.1.13/framework/base/CApplication.php(169): CWebApplication->processRequest()
#2 /home/f7000414/public_html/index.php(17): CApplication->run()
#3 {main}
REQUEST_URI=/wordpress/wp-admin/setup-config.php
---
2025/09/04 14:30:15 [error] [exception.CHttpException.404] CHttpException: Unable to resolve the request "wordpress/wp-admin/setup-config.php". in /home/f7000414/public_html/yii-1.1.13/framework/web/CWebApplication.php:286
Stack trace:
#0 /home/f7000414/public_html/yii-1.1.13/framework/web/CWebApplication.php(141): CWebApplication->runController('wordpress/wp-ad...')
#1 /home/f7000414/public_html/yii-1.1.13/framework/base/CApplication.php(169): CWebApplication->processRequest()
#2 /home/f7000414/public_html/index.php(17): CApplication->run()
#3 {main}
REQUEST_URI=/wordpress/wp-admin/setup-config.php
---
2025/09/04 14:31:05 [error] [exception.CHttpException.404] CHttpException: Unable to resolve the request "wp-admin/setup-config.php". in /home/f7000414/public_html/yii-1.1.13/framework/web/CWebApplication.php:286
Stack trace:
#0 /home/f7000414/public_html/yii-1.1.13/framework/web/CWebApplication.php(141): CWebApplication->runController('wp-admin/setup-...')
#1 /home/f7000414/public_html/yii-1.1.13/framework/base/CApplication.php(169): CWebApplication->processRequest()
#2 /home/f7000414/public_html/index.php(17): CApplication->run()
#3 {main}
REQUEST_URI=/wp-admin/setup-config.php
---
2025/09/04 14:31:25 [error] [exception.CHttpException.404] CHttpException: Unable to resolve the request "wp-admin/setup-config.php". in /home/f7000414/public_html/yii-1.1.13/framework/web/CWebApplication.php:286
Stack trace:
#0 /home/f7000414/public_html/yii-1.1.13/framework/web/CWebApplication.php(141): CWebApplication->runController('wp-admin/setup-...')
#1 /home/f7000414/public_html/yii-1.1.13/framework/base/CApplication.php(169): CWebApplication->processRequest()
#2 /home/f7000414/public_html/index.php(17): CApplication->run()
#3 {main}
REQUEST_URI=/wp-admin/setup-config.php
---
2025/09/04 15:05:44 [error] [exception.CHttpException.404] CHttpException: Unable to resolve the request "sitemap_index.xml". in /home/f7000414/public_html/yii-1.1.13/framework/web/CWebApplication.php:286
Stack trace:
#0 /home/f7000414/public_html/yii-1.1.13/framework/web/CWebApplication.php(141): CWebApplication->runController('sitemap_index.x...')
#1 /home/f7000414/public_html/yii-1.1.13/framework/base/CApplication.php(169): CWebApplication->processRequest()
#2 /home/f7000414/public_html/index.php(17): CApplication->run()
#3 {main}
REQUEST_URI=/sitemap_index.xml
---
2025/09/04 15:12:01 [error] [exception.CHttpException.404] CHttpException: Unable to resolve the request "robots.txt". in /home/f7000414/public_html/yii-1.1.13/framework/web/CWebApplication.php:286
Stack trace:
#0 /home/f7000414/public_html/yii-1.1.13/framework/web/CWebApplication.php(141): CWebApplication->runController('robots.txt')
#1 /home/f7000414/public_html/yii-1.1.13/framework/base/CApplication.php(169): CWebApplication->processRequest()
#2 /home/f7000414/public_html/index.php(17): CApplication->run()
#3 {main}
REQUEST_URI=/robots.txt
---
2025/09/04 15:15:07 [error] [exception.CHttpException.404] CHttpException: Unable to resolve the request "sitemap.xml". in /home/f7000414/public_html/yii-1.1.13/framework/web/CWebApplication.php:286
Stack trace:
#0 /home/f7000414/public_html/yii-1.1.13/framework/web/CWebApplication.php(141): CWebApplication->runController('sitemap.xml')
#1 /home/f7000414/public_html/yii-1.1.13/framework/base/CApplication.php(169): CWebApplication->processRequest()
#2 /home/f7000414/public_html/index.php(17): CApplication->run()
#3 {main}
REQUEST_URI=/sitemap.xml
---
2025/09/04 15:20:38 [error] [exception.CHttpException.404] CHttpException: Unable to resolve the request "sitemaps.xml". in /home/f7000414/public_html/yii-1.1.13/framework/web/CWebApplication.php:286
Stack trace:
#0 /home/f7000414/public_html/yii-1.1.13/framework/web/CWebApplication.php(141): CWebApplication->runController('sitemaps.xml')
#1 /home/f7000414/public_html/yii-1.1.13/framework/base/CApplication.php(169): CWebApplication->processRequest()
#2 /home/f7000414/public_html/index.php(17): CApplication->run()
#3 {main}
REQUEST_URI=/sitemaps.xml
---
2025/09/04 16:38:34 [error] [exception.CHttpException.404] CHttpException: Unable to resolve the request "index.html". in /home/f7000414/public_html/yii-1.1.13/framework/web/CWebApplication.php:286
Stack trace:
#0 /home/f7000414/public_html/yii-1.1.13/framework/web/CWebApplication.php(141): CWebApplication->runController('index.html')
#1 /home/f7000414/public_html/yii-1.1.13/framework/base/CApplication.php(169): CWebApplication->processRequest()
#2 /home/f7000414/public_html/index.php(17): CApplication->run()
#3 {main}
REQUEST_URI=/index.html
---
2025/09/04 17:15:49 [error] [exception.CHttpException.404] CHttpException: Unable to resolve the request "robots.txt". in /home/f7000414/public_html/yii-1.1.13/framework/web/CWebApplication.php:286
Stack trace:
#0 /home/f7000414/public_html/yii-1.1.13/framework/web/CWebApplication.php(141): CWebApplication->runController('robots.txt')
#1 /home/f7000414/public_html/yii-1.1.13/framework/base/CApplication.php(169): CWebApplication->processRequest()
#2 /home/f7000414/public_html/index.php(17): CApplication->run()
#3 {main}
REQUEST_URI=/robots.txt
---
2025/09/04 17:15:50 [error] [exception.CHttpException.404] CHttpException: Unable to resolve the request "robots.txt". in /home/f7000414/public_html/yii-1.1.13/framework/web/CWebApplication.php:286
Stack trace:
#0 /home/f7000414/public_html/yii-1.1.13/framework/web/CWebApplication.php(141): CWebApplication->runController('robots.txt')
#1 /home/f7000414/public_html/yii-1.1.13/framework/base/CApplication.php(169): CWebApplication->processRequest()
#2 /home/f7000414/public_html/index.php(17): CApplication->run()
#3 {main}
REQUEST_URI=/robots.txt
---
2025/09/04 17:31:26 [error] [exception.CHttpException.404] CHttpException: Unable to resolve the request "robots.txt". in /home/f7000414/public_html/yii-1.1.13/framework/web/CWebApplication.php:286
Stack trace:
#0 /home/f7000414/public_html/yii-1.1.13/framework/web/CWebApplication.php(141): CWebApplication->runController('robots.txt')
#1 /home/f7000414/public_html/yii-1.1.13/framework/base/CApplication.php(169): CWebApplication->processRequest()
#2 /home/f7000414/public_html/index.php(17): CApplication->run()
#3 {main}
REQUEST_URI=/robots.txt
---
2025/09/04 17:31:28 [error] [exception.CHttpException.404] CHttpException: Unable to resolve the request "index.html". in /home/f7000414/public_html/yii-1.1.13/framework/web/CWebApplication.php:286
Stack trace:
#0 /home/f7000414/public_html/yii-1.1.13/framework/web/CWebApplication.php(141): CWebApplication->runController('index.html')
#1 /home/f7000414/public_html/yii-1.1.13/framework/base/CApplication.php(169): CWebApplication->processRequest()
#2 /home/f7000414/public_html/index.php(17): CApplication->run()
#3 {main}
REQUEST_URI=/index.html
---
2025/09/04 18:23:01 [error] [exception.CHttpException.404] CHttpException: Unable to resolve the request "robots.txt". in /home/f7000414/public_html/yii-1.1.13/framework/web/CWebApplication.php:286
Stack trace:
#0 /home/f7000414/public_html/yii-1.1.13/framework/web/CWebApplication.php(141): CWebApplication->runController('robots.txt')
#1 /home/f7000414/public_html/yii-1.1.13/framework/base/CApplication.php(169): CWebApplication->processRequest()
#2 /home/f7000414/public_html/index.php(17): CApplication->run()
#3 {main}
REQUEST_URI=/robots.txt
---
2025/09/04 18:56:31 [error] [exception.CHttpException.404] CHttpException: Unable to resolve the request "robots.txt". in /home/f7000414/public_html/yii-1.1.13/framework/web/CWebApplication.php:286
Stack trace:
#0 /home/f7000414/public_html/yii-1.1.13/framework/web/CWebApplication.php(141): CWebApplication->runController('robots.txt')
#1 /home/f7000414/public_html/yii-1.1.13/framework/base/CApplication.php(169): CWebApplication->processRequest()
#2 /home/f7000414/public_html/index.php(17): CApplication->run()
#3 {main}
REQUEST_URI=/robots.txt
---
2025/09/04 18:57:43 [error] [exception.CHttpException.404] CHttpException: Unable to resolve the request "index.html". in /home/f7000414/public_html/yii-1.1.13/framework/web/CWebApplication.php:286
Stack trace:
#0 /home/f7000414/public_html/yii-1.1.13/framework/web/CWebApplication.php(141): CWebApplication->runController('index.html')
#1 /home/f7000414/public_html/yii-1.1.13/framework/base/CApplication.php(169): CWebApplication->processRequest()
#2 /home/f7000414/public_html/index.php(17): CApplication->run()
#3 {main}
REQUEST_URI=/index.html
---
2025/09/04 19:02:48 [error] [exception.CHttpException.404] CHttpException: Unable to resolve the request "robots.txt". in /home/f7000414/public_html/yii-1.1.13/framework/web/CWebApplication.php:286
Stack trace:
#0 /home/f7000414/public_html/yii-1.1.13/framework/web/CWebApplication.php(141): CWebApplication->runController('robots.txt')
#1 /home/f7000414/public_html/yii-1.1.13/framework/base/CApplication.php(169): CWebApplication->processRequest()
#2 /home/f7000414/public_html/index.php(17): CApplication->run()
#3 {main}
REQUEST_URI=/robots.txt
---
2025/09/04 19:32:56 [error] [exception.CHttpException.404] CHttpException: Unable to resolve the request "robots.txt". in /home/f7000414/public_html/yii-1.1.13/framework/web/CWebApplication.php:286
Stack trace:
#0 /home/f7000414/public_html/yii-1.1.13/framework/web/CWebApplication.php(141): CWebApplication->runController('robots.txt')
#1 /home/f7000414/public_html/yii-1.1.13/framework/base/CApplication.php(169): CWebApplication->processRequest()
#2 /home/f7000414/public_html/index.php(17): CApplication->run()
#3 {main}
REQUEST_URI=/robots.txt
---
2025/09/04 20:23:07 [error] [exception.CHttpException.404] CHttpException: Unable to resolve the request "index.html". in /home/f7000414/public_html/yii-1.1.13/framework/web/CWebApplication.php:286
Stack trace:
#0 /home/f7000414/public_html/yii-1.1.13/framework/web/CWebApplication.php(141): CWebApplication->runController('index.html')
#1 /home/f7000414/public_html/yii-1.1.13/framework/base/CApplication.php(169): CWebApplication->processRequest()
#2 /home/f7000414/public_html/index.php(17): CApplication->run()
#3 {main}
REQUEST_URI=/index.html
---
2025/09/04 20:30:31 [error] [exception.CHttpException.404] CHttpException: Unable to resolve the request "robots.txt". in /home/f7000414/public_html/yii-1.1.13/framework/web/CWebApplication.php:286
Stack trace:
#0 /home/f7000414/public_html/yii-1.1.13/framework/web/CWebApplication.php(141): CWebApplication->runController('robots.txt')
#1 /home/f7000414/public_html/yii-1.1.13/framework/base/CApplication.php(169): CWebApplication->processRequest()
#2 /home/f7000414/public_html/index.php(17): CApplication->run()
#3 {main}
REQUEST_URI=/robots.txt
---
2025/09/04 20:55:51 [error] [exception.CHttpException.404] CHttpException: Unable to resolve the request "robots.txt". in /home/f7000414/public_html/yii-1.1.13/framework/web/CWebApplication.php:286
Stack trace:
#0 /home/f7000414/public_html/yii-1.1.13/framework/web/CWebApplication.php(141): CWebApplication->runController('robots.txt')
#1 /home/f7000414/public_html/yii-1.1.13/framework/base/CApplication.php(169): CWebApplication->processRequest()
#2 /home/f7000414/public_html/index.php(17): CApplication->run()
#3 {main}
REQUEST_URI=/robots.txt
---
2025/09/04 20:55:56 [error] [exception.CHttpException.404] CHttpException: Unable to resolve the request "robots.txt". in /home/f7000414/public_html/yii-1.1.13/framework/web/CWebApplication.php:286
Stack trace:
#0 /home/f7000414/public_html/yii-1.1.13/framework/web/CWebApplication.php(141): CWebApplication->runController('robots.txt')
#1 /home/f7000414/public_html/yii-1.1.13/framework/base/CApplication.php(169): CWebApplication->processRequest()
#2 /home/f7000414/public_html/index.php(17): CApplication->run()
#3 {main}
REQUEST_URI=/robots.txt
---
2025/09/04 20:56:14 [error] [exception.CHttpException.404] CHttpException: Unable to resolve the request "robots.txt". in /home/f7000414/public_html/yii-1.1.13/framework/web/CWebApplication.php:286
Stack trace:
#0 /home/f7000414/public_html/yii-1.1.13/framework/web/CWebApplication.php(141): CWebApplication->runController('robots.txt')
#1 /home/f7000414/public_html/yii-1.1.13/framework/base/CApplication.php(169): CWebApplication->processRequest()
#2 /home/f7000414/public_html/index.php(17): CApplication->run()
#3 {main}
REQUEST_URI=/robots.txt
---
2025/09/04 21:36:22 [error] [exception.CHttpException.404] CHttpException: Unable to resolve the request "wordpress/wp-admin/setup-config.php". in /home/f7000414/public_html/yii-1.1.13/framework/web/CWebApplication.php:286
Stack trace:
#0 /home/f7000414/public_html/yii-1.1.13/framework/web/CWebApplication.php(141): CWebApplication->runController('wordpress/wp-ad...')
#1 /home/f7000414/public_html/yii-1.1.13/framework/base/CApplication.php(169): CWebApplication->processRequest()
#2 /home/f7000414/public_html/index.php(17): CApplication->run()
#3 {main}
REQUEST_URI=/wordpress/wp-admin/setup-config.php
---
2025/09/04 22:03:10 [error] [exception.CHttpException.404] CHttpException: Unable to resolve the request "robots.txt". in /home/f7000414/public_html/yii-1.1.13/framework/web/CWebApplication.php:286
Stack trace:
#0 /home/f7000414/public_html/yii-1.1.13/framework/web/CWebApplication.php(141): CWebApplication->runController('robots.txt')
#1 /home/f7000414/public_html/yii-1.1.13/framework/base/CApplication.php(169): CWebApplication->processRequest()
#2 /home/f7000414/public_html/index.php(17): CApplication->run()
#3 {main}
REQUEST_URI=/robots.txt
---
2025/09/04 22:47:21 [error] [exception.CHttpException.404] CHttpException: Unable to resolve the request "robots.txt". in /home/f7000414/public_html/yii-1.1.13/framework/web/CWebApplication.php:286
Stack trace:
#0 /home/f7000414/public_html/yii-1.1.13/framework/web/CWebApplication.php(141): CWebApplication->runController('robots.txt')
#1 /home/f7000414/public_html/yii-1.1.13/framework/base/CApplication.php(169): CWebApplication->processRequest()
#2 /home/f7000414/public_html/index.php(17): CApplication->run()
#3 {main}
REQUEST_URI=/robots.txt
---
2025/09/04 22:54:22 [error] [exception.CHttpException.404] CHttpException: Unable to resolve the request "robots.txt". in /home/f7000414/public_html/yii-1.1.13/framework/web/CWebApplication.php:286
Stack trace:
#0 /home/f7000414/public_html/yii-1.1.13/framework/web/CWebApplication.php(141): CWebApplication->runController('robots.txt')
#1 /home/f7000414/public_html/yii-1.1.13/framework/base/CApplication.php(169): CWebApplication->processRequest()
#2 /home/f7000414/public_html/index.php(17): CApplication->run()
#3 {main}
REQUEST_URI=/robots.txt
---
2025/09/04 23:24:08 [error] [exception.CHttpException.404] CHttpException: Unable to resolve the request "robots.txt". in /home/f7000414/public_html/yii-1.1.13/framework/web/CWebApplication.php:286
Stack trace:
#0 /home/f7000414/public_html/yii-1.1.13/framework/web/CWebApplication.php(141): CWebApplication->runController('robots.txt')
#1 /home/f7000414/public_html/yii-1.1.13/framework/base/CApplication.php(169): CWebApplication->processRequest()
#2 /home/f7000414/public_html/index.php(17): CApplication->run()
#3 {main}
REQUEST_URI=/robots.txt
---
2025/09/04 23:35:35 [error] [exception.CHttpException.404] CHttpException: Unable to resolve the request "robots.txt". in /home/f7000414/public_html/yii-1.1.13/framework/web/CWebApplication.php:286
Stack trace:
#0 /home/f7000414/public_html/yii-1.1.13/framework/web/CWebApplication.php(141): CWebApplication->runController('robots.txt')
#1 /home/f7000414/public_html/yii-1.1.13/framework/base/CApplication.php(169): CWebApplication->processRequest()
#2 /home/f7000414/public_html/index.php(17): CApplication->run()
#3 {main}
REQUEST_URI=/robots.txt
---
2025/09/04 23:50:06 [error] [exception.CHttpException.404] CHttpException: Unable to resolve the request "robots.txt". in /home/f7000414/public_html/yii-1.1.13/framework/web/CWebApplication.php:286
Stack trace:
#0 /home/f7000414/public_html/yii-1.1.13/framework/web/CWebApplication.php(141): CWebApplication->runController('robots.txt')
#1 /home/f7000414/public_html/yii-1.1.13/framework/base/CApplication.php(169): CWebApplication->processRequest()
#2 /home/f7000414/public_html/index.php(17): CApplication->run()
#3 {main}
REQUEST_URI=/robots.txt
---
2025/09/05 00:30:40 [error] [exception.CHttpException.404] CHttpException: Unable to resolve the request "media/system/js/core.js". in /home/f7000414/public_html/yii-1.1.13/framework/web/CWebApplication.php:286
Stack trace:
#0 /home/f7000414/public_html/yii-1.1.13/framework/web/CWebApplication.php(141): CWebApplication->runController('media/system/js...')
#1 /home/f7000414/public_html/yii-1.1.13/framework/base/CApplication.php(169): CWebApplication->processRequest()
#2 /home/f7000414/public_html/index.php(17): CApplication->run()
#3 {main}
REQUEST_URI=/media/system/js/core.js
---
2025/09/05 00:30:40 [error] [exception.CHttpException.404] CHttpException: Unable to resolve the request "wp-includes/js/jquery/jquery.js". in /home/f7000414/public_html/yii-1.1.13/framework/web/CWebApplication.php:286
Stack trace:
#0 /home/f7000414/public_html/yii-1.1.13/framework/web/CWebApplication.php(141): CWebApplication->runController('wp-includes/js/...')
#1 /home/f7000414/public_html/yii-1.1.13/framework/base/CApplication.php(169): CWebApplication->processRequest()
#2 /home/f7000414/public_html/index.php(17): CApplication->run()
#3 {main}
REQUEST_URI=/wp-includes/js/jquery/jquery.js
---
2025/09/05 00:56:27 [error] [exception.CHttpException.404] CHttpException: Unable to resolve the request "robots.txt". in /home/f7000414/public_html/yii-1.1.13/framework/web/CWebApplication.php:286
Stack trace:
#0 /home/f7000414/public_html/yii-1.1.13/framework/web/CWebApplication.php(141): CWebApplication->runController('robots.txt')
#1 /home/f7000414/public_html/yii-1.1.13/framework/base/CApplication.php(169): CWebApplication->processRequest()
#2 /home/f7000414/public_html/index.php(17): CApplication->run()
#3 {main}
REQUEST_URI=/robots.txt
---
2025/09/05 00:56:27 [error] [exception.CHttpException.404] CHttpException: Unable to resolve the request "ads.txt". in /home/f7000414/public_html/yii-1.1.13/framework/web/CWebApplication.php:286
Stack trace:
#0 /home/f7000414/public_html/yii-1.1.13/framework/web/CWebApplication.php(141): CWebApplication->runController('ads.txt')
#1 /home/f7000414/public_html/yii-1.1.13/framework/base/CApplication.php(169): CWebApplication->processRequest()
#2 /home/f7000414/public_html/index.php(17): CApplication->run()
#3 {main}
REQUEST_URI=/ads.txt
---
2025/09/05 00:58:41 [error] [exception.CHttpException.404] CHttpException: Unable to resolve the request "robots.txt". in /home/f7000414/public_html/yii-1.1.13/framework/web/CWebApplication.php:286
Stack trace:
#0 /home/f7000414/public_html/yii-1.1.13/framework/web/CWebApplication.php(141): CWebApplication->runController('robots.txt')
#1 /home/f7000414/public_html/yii-1.1.13/framework/base/CApplication.php(169): CWebApplication->processRequest()
#2 /home/f7000414/public_html/index.php(17): CApplication->run()
#3 {main}
REQUEST_URI=/robots.txt
---
2025/09/05 01:02:53 [error] [exception.CHttpException.404] CHttpException: Unable to resolve the request "robots.txt". in /home/f7000414/public_html/yii-1.1.13/framework/web/CWebApplication.php:286
Stack trace:
#0 /home/f7000414/public_html/yii-1.1.13/framework/web/CWebApplication.php(141): CWebApplication->runController('robots.txt')
#1 /home/f7000414/public_html/yii-1.1.13/framework/base/CApplication.php(169): CWebApplication->processRequest()
#2 /home/f7000414/public_html/index.php(17): CApplication->run()
#3 {main}
REQUEST_URI=/robots.txt
---
2025/09/05 01:11:53 [error] [exception.CHttpException.404] CHttpException: Unable to resolve the request "media/system/js/core.js". in /home/f7000414/public_html/yii-1.1.13/framework/web/CWebApplication.php:286
Stack trace:
#0 /home/f7000414/public_html/yii-1.1.13/framework/web/CWebApplication.php(141): CWebApplication->runController('media/system/js...')
#1 /home/f7000414/public_html/yii-1.1.13/framework/base/CApplication.php(169): CWebApplication->processRequest()
#2 /home/f7000414/public_html/index.php(17): CApplication->run()
#3 {main}
REQUEST_URI=/media/system/js/core.js
---
2025/09/05 01:11:53 [error] [exception.CHttpException.404] CHttpException: Unable to resolve the request "wp-includes/js/jquery/jquery.js". in /home/f7000414/public_html/yii-1.1.13/framework/web/CWebApplication.php:286
Stack trace:
#0 /home/f7000414/public_html/yii-1.1.13/framework/web/CWebApplication.php(141): CWebApplication->runController('wp-includes/js/...')
#1 /home/f7000414/public_html/yii-1.1.13/framework/base/CApplication.php(169): CWebApplication->processRequest()
#2 /home/f7000414/public_html/index.php(17): CApplication->run()
#3 {main}
REQUEST_URI=/wp-includes/js/jquery/jquery.js
---
2025/09/05 02:01:23 [error] [exception.CHttpException.404] CHttpException: Unable to resolve the request "media/system/js/core.js". in /home/f7000414/public_html/yii-1.1.13/framework/web/CWebApplication.php:286
Stack trace:
#0 /home/f7000414/public_html/yii-1.1.13/framework/web/CWebApplication.php(141): CWebApplication->runController('media/system/js...')
#1 /home/f7000414/public_html/yii-1.1.13/framework/base/CApplication.php(169): CWebApplication->processRequest()
#2 /home/f7000414/public_html/index.php(17): CApplication->run()
#3 {main}
REQUEST_URI=/media/system/js/core.js
---
2025/09/05 02:01:24 [error] [exception.CHttpException.404] CHttpException: Unable to resolve the request "wp-includes/js/jquery/jquery.js". in /home/f7000414/public_html/yii-1.1.13/framework/web/CWebApplication.php:286
Stack trace:
#0 /home/f7000414/public_html/yii-1.1.13/framework/web/CWebApplication.php(141): CWebApplication->runController('wp-includes/js/...')
#1 /home/f7000414/public_html/yii-1.1.13/framework/base/CApplication.php(169): CWebApplication->processRequest()
#2 /home/f7000414/public_html/index.php(17): CApplication->run()
#3 {main}
REQUEST_URI=/wp-includes/js/jquery/jquery.js
---
2025/09/05 03:12:51 [error] [exception.CHttpException.404] CHttpException: Unable to resolve the request "robots.txt". in /home/f7000414/public_html/yii-1.1.13/framework/web/CWebApplication.php:286
Stack trace:
#0 /home/f7000414/public_html/yii-1.1.13/framework/web/CWebApplication.php(141): CWebApplication->runController('robots.txt')
#1 /home/f7000414/public_html/yii-1.1.13/framework/base/CApplication.php(169): CWebApplication->processRequest()
#2 /home/f7000414/public_html/index.php(17): CApplication->run()
#3 {main}
REQUEST_URI=/robots.txt
---
2025/09/05 03:12:55 [error] [exception.CHttpException.404] CHttpException: Unable to resolve the request "robots.txt". in /home/f7000414/public_html/yii-1.1.13/framework/web/CWebApplication.php:286
Stack trace:
#0 /home/f7000414/public_html/yii-1.1.13/framework/web/CWebApplication.php(141): CWebApplication->runController('robots.txt')
#1 /home/f7000414/public_html/yii-1.1.13/framework/base/CApplication.php(169): CWebApplication->processRequest()
#2 /home/f7000414/public_html/index.php(17): CApplication->run()
#3 {main}
REQUEST_URI=/robots.txt
---
2025/09/05 04:00:24 [error] [exception.CHttpException.404] CHttpException: Unable to resolve the request "robots.txt". in /home/f7000414/public_html/yii-1.1.13/framework/web/CWebApplication.php:286
Stack trace:
#0 /home/f7000414/public_html/yii-1.1.13/framework/web/CWebApplication.php(141): CWebApplication->runController('robots.txt')
#1 /home/f7000414/public_html/yii-1.1.13/framework/base/CApplication.php(169): CWebApplication->processRequest()
#2 /home/f7000414/public_html/index.php(17): CApplication->run()
#3 {main}
REQUEST_URI=/robots.txt
---
2025/09/05 04:28:14 [error] [exception.CHttpException.404] CHttpException: Unable to resolve the request "index.html". in /home/f7000414/public_html/yii-1.1.13/framework/web/CWebApplication.php:286
Stack trace:
#0 /home/f7000414/public_html/yii-1.1.13/framework/web/CWebApplication.php(141): CWebApplication->runController('index.html')
#1 /home/f7000414/public_html/yii-1.1.13/framework/base/CApplication.php(169): CWebApplication->processRequest()
#2 /home/f7000414/public_html/index.php(17): CApplication->run()
#3 {main}
REQUEST_URI=/index.html
---
2025/09/05 06:07:16 [error] [exception.CHttpException.404] CHttpException: Unable to resolve the request "robots.txt". in /home/f7000414/public_html/yii-1.1.13/framework/web/CWebApplication.php:286
Stack trace:
#0 /home/f7000414/public_html/yii-1.1.13/framework/web/CWebApplication.php(141): CWebApplication->runController('robots.txt')
#1 /home/f7000414/public_html/yii-1.1.13/framework/base/CApplication.php(169): CWebApplication->processRequest()
#2 /home/f7000414/public_html/index.php(17): CApplication->run()
#3 {main}
REQUEST_URI=/robots.txt
---
2025/09/05 06:07:18 [error] [exception.CHttpException.404] CHttpException: Unable to resolve the request "robots.txt". in /home/f7000414/public_html/yii-1.1.13/framework/web/CWebApplication.php:286
Stack trace:
#0 /home/f7000414/public_html/yii-1.1.13/framework/web/CWebApplication.php(141): CWebApplication->runController('robots.txt')
#1 /home/f7000414/public_html/yii-1.1.13/framework/base/CApplication.php(169): CWebApplication->processRequest()
#2 /home/f7000414/public_html/index.php(17): CApplication->run()
#3 {main}
REQUEST_URI=/robots.txt
---
2025/09/05 06:07:21 [error] [exception.CHttpException.404] CHttpException: Unable to resolve the request "index.html". in /home/f7000414/public_html/yii-1.1.13/framework/web/CWebApplication.php:286
Stack trace:
#0 /home/f7000414/public_html/yii-1.1.13/framework/web/CWebApplication.php(141): CWebApplication->runController('index.html')
#1 /home/f7000414/public_html/yii-1.1.13/framework/base/CApplication.php(169): CWebApplication->processRequest()
#2 /home/f7000414/public_html/index.php(17): CApplication->run()
#3 {main}
REQUEST_URI=/index.html
---
2025/09/05 06:16:06 [error] [exception.CHttpException.404] CHttpException: Unable to resolve the request "index.html". in /home/f7000414/public_html/yii-1.1.13/framework/web/CWebApplication.php:286
Stack trace:
#0 /home/f7000414/public_html/yii-1.1.13/framework/web/CWebApplication.php(141): CWebApplication->runController('index.html')
#1 /home/f7000414/public_html/yii-1.1.13/framework/base/CApplication.php(169): CWebApplication->processRequest()
#2 /home/f7000414/public_html/index.php(17): CApplication->run()
#3 {main}
REQUEST_URI=/index.html
---
2025/09/05 06:23:42 [error] [exception.CHttpException.404] CHttpException: Unable to resolve the request "robots.txt". in /home/f7000414/public_html/yii-1.1.13/framework/web/CWebApplication.php:286
Stack trace:
#0 /home/f7000414/public_html/yii-1.1.13/framework/web/CWebApplication.php(141): CWebApplication->runController('robots.txt')
#1 /home/f7000414/public_html/yii-1.1.13/framework/base/CApplication.php(169): CWebApplication->processRequest()
#2 /home/f7000414/public_html/index.php(17): CApplication->run()
#3 {main}
REQUEST_URI=/robots.txt
---
2025/09/05 06:23:43 [error] [exception.CHttpException.404] CHttpException: Unable to resolve the request "robots.txt". in /home/f7000414/public_html/yii-1.1.13/framework/web/CWebApplication.php:286
Stack trace:
#0 /home/f7000414/public_html/yii-1.1.13/framework/web/CWebApplication.php(141): CWebApplication->runController('robots.txt')
#1 /home/f7000414/public_html/yii-1.1.13/framework/base/CApplication.php(169): CWebApplication->processRequest()
#2 /home/f7000414/public_html/index.php(17): CApplication->run()
#3 {main}
REQUEST_URI=/robots.txt
---
2025/09/05 07:57:23 [error] [exception.CHttpException.404] CHttpException: Unable to resolve the request "robots.txt". in /home/f7000414/public_html/yii-1.1.13/framework/web/CWebApplication.php:286
Stack trace:
#0 /home/f7000414/public_html/yii-1.1.13/framework/web/CWebApplication.php(141): CWebApplication->runController('robots.txt')
#1 /home/f7000414/public_html/yii-1.1.13/framework/base/CApplication.php(169): CWebApplication->processRequest()
#2 /home/f7000414/public_html/index.php(17): CApplication->run()
#3 {main}
REQUEST_URI=/robots.txt
---
2025/09/05 08:07:53 [error] [exception.CHttpException.404] CHttpException: Unable to resolve the request "robots.txt". in /home/f7000414/public_html/yii-1.1.13/framework/web/CWebApplication.php:286
Stack trace:
#0 /home/f7000414/public_html/yii-1.1.13/framework/web/CWebApplication.php(141): CWebApplication->runController('robots.txt')
#1 /home/f7000414/public_html/yii-1.1.13/framework/base/CApplication.php(169): CWebApplication->processRequest()
#2 /home/f7000414/public_html/index.php(17): CApplication->run()
#3 {main}
REQUEST_URI=/robots.txt
---
2025/09/05 08:35:40 [error] [exception.CHttpException.404] CHttpException: Unable to resolve the request "robots.txt". in /home/f7000414/public_html/yii-1.1.13/framework/web/CWebApplication.php:286
Stack trace:
#0 /home/f7000414/public_html/yii-1.1.13/framework/web/CWebApplication.php(141): CWebApplication->runController('robots.txt')
#1 /home/f7000414/public_html/yii-1.1.13/framework/base/CApplication.php(169): CWebApplication->processRequest()
#2 /home/f7000414/public_html/index.php(17): CApplication->run()
#3 {main}
REQUEST_URI=/robots.txt
---
2025/09/05 09:15:01 [error] [exception.CHttpException.404] CHttpException: Unable to resolve the request "robots.txt". in /home/f7000414/public_html/yii-1.1.13/framework/web/CWebApplication.php:286
Stack trace:
#0 /home/f7000414/public_html/yii-1.1.13/framework/web/CWebApplication.php(141): CWebApplication->runController('robots.txt')
#1 /home/f7000414/public_html/yii-1.1.13/framework/base/CApplication.php(169): CWebApplication->processRequest()
#2 /home/f7000414/public_html/index.php(17): CApplication->run()
#3 {main}
REQUEST_URI=/robots.txt
---
2025/09/05 09:56:22 [error] [exception.CHttpException.404] CHttpException: Unable to resolve the request "index.html". in /home/f7000414/public_html/yii-1.1.13/framework/web/CWebApplication.php:286
Stack trace:
#0 /home/f7000414/public_html/yii-1.1.13/framework/web/CWebApplication.php(141): CWebApplication->runController('index.html')
#1 /home/f7000414/public_html/yii-1.1.13/framework/base/CApplication.php(169): CWebApplication->processRequest()
#2 /home/f7000414/public_html/index.php(17): CApplication->run()
#3 {main}
REQUEST_URI=/index.html
---
2025/09/05 09:56:28 [error] [exception.CHttpException.404] CHttpException: Unable to resolve the request "index.html". in /home/f7000414/public_html/yii-1.1.13/framework/web/CWebApplication.php:286
Stack trace:
#0 /home/f7000414/public_html/yii-1.1.13/framework/web/CWebApplication.php(141): CWebApplication->runController('index.html')
#1 /home/f7000414/public_html/yii-1.1.13/framework/base/CApplication.php(169): CWebApplication->processRequest()
#2 /home/f7000414/public_html/index.php(17): CApplication->run()
#3 {main}
REQUEST_URI=/index.html
---
2025/09/05 11:43:14 [error] [exception.CHttpException.404] CHttpException: Unable to resolve the request "wordpress/wp-admin/setup-config.php". in /home/f7000414/public_html/yii-1.1.13/framework/web/CWebApplication.php:286
Stack trace:
#0 /home/f7000414/public_html/yii-1.1.13/framework/web/CWebApplication.php(141): CWebApplication->runController('wordpress/wp-ad...')
#1 /home/f7000414/public_html/yii-1.1.13/framework/base/CApplication.php(169): CWebApplication->processRequest()
#2 /home/f7000414/public_html/index.php(17): CApplication->run()
#3 {main}
REQUEST_URI=/wordpress/wp-admin/setup-config.php
---
2025/09/05 11:44:42 [error] [exception.CHttpException.404] CHttpException: Unable to resolve the request "wp-admin/setup-config.php". in /home/f7000414/public_html/yii-1.1.13/framework/web/CWebApplication.php:286
Stack trace:
#0 /home/f7000414/public_html/yii-1.1.13/framework/web/CWebApplication.php(141): CWebApplication->runController('wp-admin/setup-...')
#1 /home/f7000414/public_html/yii-1.1.13/framework/base/CApplication.php(169): CWebApplication->processRequest()
#2 /home/f7000414/public_html/index.php(17): CApplication->run()
#3 {main}
REQUEST_URI=/wp-admin/setup-config.php
---
2025/09/05 11:46:53 [error] [exception.CHttpException.404] CHttpException: Unable to resolve the request "wordpress/wp-admin/setup-config.php". in /home/f7000414/public_html/yii-1.1.13/framework/web/CWebApplication.php:286
Stack trace:
#0 /home/f7000414/public_html/yii-1.1.13/framework/web/CWebApplication.php(141): CWebApplication->runController('wordpress/wp-ad...')
#1 /home/f7000414/public_html/yii-1.1.13/framework/base/CApplication.php(169): CWebApplication->processRequest()
#2 /home/f7000414/public_html/index.php(17): CApplication->run()
#3 {main}
REQUEST_URI=/wordpress/wp-admin/setup-config.php
---
2025/09/05 11:47:03 [error] [exception.CHttpException.404] CHttpException: Unable to resolve the request "wp-admin/setup-config.php". in /home/f7000414/public_html/yii-1.1.13/framework/web/CWebApplication.php:286
Stack trace:
#0 /home/f7000414/public_html/yii-1.1.13/framework/web/CWebApplication.php(141): CWebApplication->runController('wp-admin/setup-...')
#1 /home/f7000414/public_html/yii-1.1.13/framework/base/CApplication.php(169): CWebApplication->processRequest()
#2 /home/f7000414/public_html/index.php(17): CApplication->run()
#3 {main}
REQUEST_URI=/wp-admin/setup-config.php
---
2025/09/05 12:23:04 [error] [exception.CHttpException.404] CHttpException: Unable to resolve the request "robots.txt". in /home/f7000414/public_html/yii-1.1.13/framework/web/CWebApplication.php:286
Stack trace:
#0 /home/f7000414/public_html/yii-1.1.13/framework/web/CWebApplication.php(141): CWebApplication->runController('robots.txt')
#1 /home/f7000414/public_html/yii-1.1.13/framework/base/CApplication.php(169): CWebApplication->processRequest()
#2 /home/f7000414/public_html/index.php(17): CApplication->run()
#3 {main}
REQUEST_URI=/robots.txt
---
2025/09/05 12:33:17 [error] [exception.CHttpException.404] CHttpException: Unable to resolve the request "robots.txt". in /home/f7000414/public_html/yii-1.1.13/framework/web/CWebApplication.php:286
Stack trace:
#0 /home/f7000414/public_html/yii-1.1.13/framework/web/CWebApplication.php(141): CWebApplication->runController('robots.txt')
#1 /home/f7000414/public_html/yii-1.1.13/framework/base/CApplication.php(169): CWebApplication->processRequest()
#2 /home/f7000414/public_html/index.php(17): CApplication->run()
#3 {main}
REQUEST_URI=/robots.txt
---
2025/09/05 13:02:05 [error] [exception.CHttpException.404] CHttpException: Unable to resolve the request "robots.txt". in /home/f7000414/public_html/yii-1.1.13/framework/web/CWebApplication.php:286
Stack trace:
#0 /home/f7000414/public_html/yii-1.1.13/framework/web/CWebApplication.php(141): CWebApplication->runController('robots.txt')
#1 /home/f7000414/public_html/yii-1.1.13/framework/base/CApplication.php(169): CWebApplication->processRequest()
#2 /home/f7000414/public_html/index.php(17): CApplication->run()
#3 {main}
REQUEST_URI=/robots.txt
---
2025/09/05 13:02:06 [error] [exception.CHttpException.404] CHttpException: Unable to resolve the request "robots.txt". in /home/f7000414/public_html/yii-1.1.13/framework/web/CWebApplication.php:286
Stack trace:
#0 /home/f7000414/public_html/yii-1.1.13/framework/web/CWebApplication.php(141): CWebApplication->runController('robots.txt')
#1 /home/f7000414/public_html/yii-1.1.13/framework/base/CApplication.php(169): CWebApplication->processRequest()
#2 /home/f7000414/public_html/index.php(17): CApplication->run()
#3 {main}
REQUEST_URI=/robots.txt
---
2025/09/05 13:02:07 [error] [exception.CHttpException.404] CHttpException: Unable to resolve the request "index.html". in /home/f7000414/public_html/yii-1.1.13/framework/web/CWebApplication.php:286
Stack trace:
#0 /home/f7000414/public_html/yii-1.1.13/framework/web/CWebApplication.php(141): CWebApplication->runController('index.html')
#1 /home/f7000414/public_html/yii-1.1.13/framework/base/CApplication.php(169): CWebApplication->processRequest()
#2 /home/f7000414/public_html/index.php(17): CApplication->run()
#3 {main}
REQUEST_URI=/index.html
---
2025/09/05 13:22:59 [error] [exception.CHttpException.404] CHttpException: Unable to resolve the request "ads.txt". in /home/f7000414/public_html/yii-1.1.13/framework/web/CWebApplication.php:286
Stack trace:
#0 /home/f7000414/public_html/yii-1.1.13/framework/web/CWebApplication.php(141): CWebApplication->runController('ads.txt')
#1 /home/f7000414/public_html/yii-1.1.13/framework/base/CApplication.php(169): CWebApplication->processRequest()
#2 /home/f7000414/public_html/index.php(17): CApplication->run()
#3 {main}
REQUEST_URI=/ads.txt
---
2025/09/05 13:54:52 [error] [exception.CHttpException.404] CHttpException: Unable to resolve the request "sitemaps.xml". in /home/f7000414/public_html/yii-1.1.13/framework/web/CWebApplication.php:286
Stack trace:
#0 /home/f7000414/public_html/yii-1.1.13/framework/web/CWebApplication.php(141): CWebApplication->runController('sitemaps.xml')
#1 /home/f7000414/public_html/yii-1.1.13/framework/base/CApplication.php(169): CWebApplication->processRequest()
#2 /home/f7000414/public_html/index.php(17): CApplication->run()
#3 {main}
REQUEST_URI=/sitemaps.xml
---
2025/09/05 13:55:00 [error] [exception.CHttpException.404] CHttpException: Unable to resolve the request "sitemap.txt". in /home/f7000414/public_html/yii-1.1.13/framework/web/CWebApplication.php:286
Stack trace:
#0 /home/f7000414/public_html/yii-1.1.13/framework/web/CWebApplication.php(141): CWebApplication->runController('sitemap.txt')
#1 /home/f7000414/public_html/yii-1.1.13/framework/base/CApplication.php(169): CWebApplication->processRequest()
#2 /home/f7000414/public_html/index.php(17): CApplication->run()
#3 {main}
REQUEST_URI=/sitemap.txt
---
2025/09/05 13:58:54 [error] [exception.CHttpException.404] CHttpException: Unable to resolve the request "robots.txt". in /home/f7000414/public_html/yii-1.1.13/framework/web/CWebApplication.php:286
Stack trace:
#0 /home/f7000414/public_html/yii-1.1.13/framework/web/CWebApplication.php(141): CWebApplication->runController('robots.txt')
#1 /home/f7000414/public_html/yii-1.1.13/framework/base/CApplication.php(169): CWebApplication->processRequest()
#2 /home/f7000414/public_html/index.php(17): CApplication->run()
#3 {main}
REQUEST_URI=/robots.txt
---
2025/09/05 14:43:34 [error] [exception.CHttpException.404] CHttpException: Unable to resolve the request "robots.txt". in /home/f7000414/public_html/yii-1.1.13/framework/web/CWebApplication.php:286
Stack trace:
#0 /home/f7000414/public_html/yii-1.1.13/framework/web/CWebApplication.php(141): CWebApplication->runController('robots.txt')
#1 /home/f7000414/public_html/yii-1.1.13/framework/base/CApplication.php(169): CWebApplication->processRequest()
#2 /home/f7000414/public_html/index.php(17): CApplication->run()
#3 {main}
REQUEST_URI=/robots.txt
---
2025/09/05 14:43:45 [error] [exception.CHttpException.404] CHttpException: Unable to resolve the request "sitemap.xml.gz". in /home/f7000414/public_html/yii-1.1.13/framework/web/CWebApplication.php:286
Stack trace:
#0 /home/f7000414/public_html/yii-1.1.13/framework/web/CWebApplication.php(141): CWebApplication->runController('sitemap.xml.gz')
#1 /home/f7000414/public_html/yii-1.1.13/framework/base/CApplication.php(169): CWebApplication->processRequest()
#2 /home/f7000414/public_html/index.php(17): CApplication->run()
#3 {main}
REQUEST_URI=/sitemap.xml.gz
---
2025/09/05 14:52:30 [error] [exception.CHttpException.404] CHttpException: Unable to resolve the request "robots.txt". in /home/f7000414/public_html/yii-1.1.13/framework/web/CWebApplication.php:286
Stack trace:
#0 /home/f7000414/public_html/yii-1.1.13/framework/web/CWebApplication.php(141): CWebApplication->runController('robots.txt')
#1 /home/f7000414/public_html/yii-1.1.13/framework/base/CApplication.php(169): CWebApplication->processRequest()
#2 /home/f7000414/public_html/index.php(17): CApplication->run()
#3 {main}
REQUEST_URI=/robots.txt
---
2025/09/05 14:52:38 [error] [exception.CHttpException.404] CHttpException: Unable to resolve the request "sitemaps.xml". in /home/f7000414/public_html/yii-1.1.13/framework/web/CWebApplication.php:286
Stack trace:
#0 /home/f7000414/public_html/yii-1.1.13/framework/web/CWebApplication.php(141): CWebApplication->runController('sitemaps.xml')
#1 /home/f7000414/public_html/yii-1.1.13/framework/base/CApplication.php(169): CWebApplication->processRequest()
#2 /home/f7000414/public_html/index.php(17): CApplication->run()
#3 {main}
REQUEST_URI=/sitemaps.xml
---
2025/09/05 14:52:46 [error] [exception.CHttpException.404] CHttpException: Unable to resolve the request "sitemap.txt". in /home/f7000414/public_html/yii-1.1.13/framework/web/CWebApplication.php:286
Stack trace:
#0 /home/f7000414/public_html/yii-1.1.13/framework/web/CWebApplication.php(141): CWebApplication->runController('sitemap.txt')
#1 /home/f7000414/public_html/yii-1.1.13/framework/base/CApplication.php(169): CWebApplication->processRequest()
#2 /home/f7000414/public_html/index.php(17): CApplication->run()
#3 {main}
REQUEST_URI=/sitemap.txt
---
2025/09/05 15:40:40 [error] [exception.CHttpException.404] CHttpException: Unable to resolve the request "sitemap.xml.gz". in /home/f7000414/public_html/yii-1.1.13/framework/web/CWebApplication.php:286
Stack trace:
#0 /home/f7000414/public_html/yii-1.1.13/framework/web/CWebApplication.php(141): CWebApplication->runController('sitemap.xml.gz')
#1 /home/f7000414/public_html/yii-1.1.13/framework/base/CApplication.php(169): CWebApplication->processRequest()
#2 /home/f7000414/public_html/index.php(17): CApplication->run()
#3 {main}
REQUEST_URI=/sitemap.xml.gz
---
2025/09/05 16:29:14 [error] [exception.CHttpException.404] CHttpException: Unable to resolve the request "robots.txt". in /home/f7000414/public_html/yii-1.1.13/framework/web/CWebApplication.php:286
Stack trace:
#0 /home/f7000414/public_html/yii-1.1.13/framework/web/CWebApplication.php(141): CWebApplication->runController('robots.txt')
#1 /home/f7000414/public_html/yii-1.1.13/framework/base/CApplication.php(169): CWebApplication->processRequest()
#2 /home/f7000414/public_html/index.php(17): CApplication->run()
#3 {main}
REQUEST_URI=/robots.txt
---
2025/09/05 16:36:43 [error] [exception.CHttpException.404] CHttpException: Unable to resolve the request "robots.txt". in /home/f7000414/public_html/yii-1.1.13/framework/web/CWebApplication.php:286
Stack trace:
#0 /home/f7000414/public_html/yii-1.1.13/framework/web/CWebApplication.php(141): CWebApplication->runController('robots.txt')
#1 /home/f7000414/public_html/yii-1.1.13/framework/base/CApplication.php(169): CWebApplication->processRequest()
#2 /home/f7000414/public_html/index.php(17): CApplication->run()
#3 {main}
REQUEST_URI=/robots.txt
---
2025/09/05 17:11:43 [error] [exception.CHttpException.404] CHttpException: Unable to resolve the request "robots.txt". in /home/f7000414/public_html/yii-1.1.13/framework/web/CWebApplication.php:286
Stack trace:
#0 /home/f7000414/public_html/yii-1.1.13/framework/web/CWebApplication.php(141): CWebApplication->runController('robots.txt')
#1 /home/f7000414/public_html/yii-1.1.13/framework/base/CApplication.php(169): CWebApplication->processRequest()
#2 /home/f7000414/public_html/index.php(17): CApplication->run()
#3 {main}
REQUEST_URI=/robots.txt
---
2025/09/05 17:35:34 [error] [exception.CHttpException.404] CHttpException: Unable to resolve the request "wp-login.php". in /home/f7000414/public_html/yii-1.1.13/framework/web/CWebApplication.php:286
Stack trace:
#0 /home/f7000414/public_html/yii-1.1.13/framework/web/CWebApplication.php(141): CWebApplication->runController('wp-login.php')
#1 /home/f7000414/public_html/yii-1.1.13/framework/base/CApplication.php(169): CWebApplication->processRequest()
#2 /home/f7000414/public_html/index.php(17): CApplication->run()
#3 {main}
REQUEST_URI=/wp-login.php
---
2025/09/05 18:07:45 [error] [exception.CHttpException.404] CHttpException: Unable to resolve the request "favicon.ico". in /home/f7000414/public_html/yii-1.1.13/framework/web/CWebApplication.php:286
Stack trace:
#0 /home/f7000414/public_html/yii-1.1.13/framework/web/CWebApplication.php(141): CWebApplication->runController('favicon.ico')
#1 /home/f7000414/public_html/yii-1.1.13/framework/base/CApplication.php(169): CWebApplication->processRequest()
#2 /home/f7000414/public_html/index.php(17): CApplication->run()
#3 {main}
REQUEST_URI=/favicon.ico
---
2025/09/05 18:11:55 [error] [exception.CHttpException.404] CHttpException: Unable to resolve the request "robots.txt". in /home/f7000414/public_html/yii-1.1.13/framework/web/CWebApplication.php:286
Stack trace:
#0 /home/f7000414/public_html/yii-1.1.13/framework/web/CWebApplication.php(141): CWebApplication->runController('robots.txt')
#1 /home/f7000414/public_html/yii-1.1.13/framework/base/CApplication.php(169): CWebApplication->processRequest()
#2 /home/f7000414/public_html/index.php(17): CApplication->run()
#3 {main}
REQUEST_URI=/robots.txt
---
2025/09/05 18:32:16 [error] [exception.CHttpException.404] CHttpException: Unable to resolve the request "wordpress/wp-admin/setup-config.php". in /home/f7000414/public_html/yii-1.1.13/framework/web/CWebApplication.php:286
Stack trace:
#0 /home/f7000414/public_html/yii-1.1.13/framework/web/CWebApplication.php(141): CWebApplication->runController('wordpress/wp-ad...')
#1 /home/f7000414/public_html/yii-1.1.13/framework/base/CApplication.php(169): CWebApplication->processRequest()
#2 /home/f7000414/public_html/index.php(17): CApplication->run()
#3 {main}
REQUEST_URI=/wordpress/wp-admin/setup-config.php
---
2025/09/05 18:33:02 [error] [exception.CHttpException.404] CHttpException: Unable to resolve the request "robots.txt". in /home/f7000414/public_html/yii-1.1.13/framework/web/CWebApplication.php:286
Stack trace:
#0 /home/f7000414/public_html/yii-1.1.13/framework/web/CWebApplication.php(141): CWebApplication->runController('robots.txt')
#1 /home/f7000414/public_html/yii-1.1.13/framework/base/CApplication.php(169): CWebApplication->processRequest()
#2 /home/f7000414/public_html/index.php(17): CApplication->run()
#3 {main}
REQUEST_URI=/robots.txt
---
2025/09/05 18:33:11 [error] [exception.CHttpException.404] CHttpException: Unable to resolve the request "wp-admin/setup-config.php". in /home/f7000414/public_html/yii-1.1.13/framework/web/CWebApplication.php:286
Stack trace:
#0 /home/f7000414/public_html/yii-1.1.13/framework/web/CWebApplication.php(141): CWebApplication->runController('wp-admin/setup-...')
#1 /home/f7000414/public_html/yii-1.1.13/framework/base/CApplication.php(169): CWebApplication->processRequest()
#2 /home/f7000414/public_html/index.php(17): CApplication->run()
#3 {main}
REQUEST_URI=/wp-admin/setup-config.php
---
2025/09/05 18:34:19 [error] [exception.CHttpException.404] CHttpException: Unable to resolve the request ".well-known/traffic-advice". in /home/f7000414/public_html/yii-1.1.13/framework/web/CWebApplication.php:286
Stack trace:
#0 /home/f7000414/public_html/yii-1.1.13/framework/web/CWebApplication.php(141): CWebApplication->runController('.well-known/tra...')
#1 /home/f7000414/public_html/yii-1.1.13/framework/base/CApplication.php(169): CWebApplication->processRequest()
#2 /home/f7000414/public_html/index.php(17): CApplication->run()
#3 {main}
REQUEST_URI=/.well-known/traffic-advice
---
2025/09/05 18:52:46 [error] [exception.CHttpException.404] CHttpException: Unable to resolve the request "robots.txt". in /home/f7000414/public_html/yii-1.1.13/framework/web/CWebApplication.php:286
Stack trace:
#0 /home/f7000414/public_html/yii-1.1.13/framework/web/CWebApplication.php(141): CWebApplication->runController('robots.txt')
#1 /home/f7000414/public_html/yii-1.1.13/framework/base/CApplication.php(169): CWebApplication->processRequest()
#2 /home/f7000414/public_html/index.php(17): CApplication->run()
#3 {main}
REQUEST_URI=/robots.txt
---
2025/09/05 18:58:52 [error] [exception.CHttpException.404] CHttpException: Unable to resolve the request "wp-admin/setup-config.php". in /home/f7000414/public_html/yii-1.1.13/framework/web/CWebApplication.php:286
Stack trace:
#0 /home/f7000414/public_html/yii-1.1.13/framework/web/CWebApplication.php(141): CWebApplication->runController('wp-admin/setup-...')
#1 /home/f7000414/public_html/yii-1.1.13/framework/base/CApplication.php(169): CWebApplication->processRequest()
#2 /home/f7000414/public_html/index.php(17): CApplication->run()
#3 {main}
REQUEST_URI=/wp-admin/setup-config.php
---
2025/09/05 19:01:46 [error] [exception.CHttpException.404] CHttpException: Unable to resolve the request ".well-known/traffic-advice". in /home/f7000414/public_html/yii-1.1.13/framework/web/CWebApplication.php:286
Stack trace:
#0 /home/f7000414/public_html/yii-1.1.13/framework/web/CWebApplication.php(141): CWebApplication->runController('.well-known/tra...')
#1 /home/f7000414/public_html/yii-1.1.13/framework/base/CApplication.php(169): CWebApplication->processRequest()
#2 /home/f7000414/public_html/index.php(17): CApplication->run()
#3 {main}
REQUEST_URI=/.well-known/traffic-advice
---
2025/09/05 19:52:25 [error] [exception.CHttpException.404] CHttpException: Unable to resolve the request "wp-admin/setup-config.php". in /home/f7000414/public_html/yii-1.1.13/framework/web/CWebApplication.php:286
Stack trace:
#0 /home/f7000414/public_html/yii-1.1.13/framework/web/CWebApplication.php(141): CWebApplication->runController('wp-admin/setup-...')
#1 /home/f7000414/public_html/yii-1.1.13/framework/base/CApplication.php(169): CWebApplication->processRequest()
#2 /home/f7000414/public_html/index.php(17): CApplication->run()
#3 {main}
REQUEST_URI=/wp-admin/setup-config.php
---
2025/09/05 20:20:46 [error] [exception.CHttpException.404] CHttpException: Unable to resolve the request "robots.txt". in /home/f7000414/public_html/yii-1.1.13/framework/web/CWebApplication.php:286
Stack trace:
#0 /home/f7000414/public_html/yii-1.1.13/framework/web/CWebApplication.php(141): CWebApplication->runController('robots.txt')
#1 /home/f7000414/public_html/yii-1.1.13/framework/base/CApplication.php(169): CWebApplication->processRequest()
#2 /home/f7000414/public_html/index.php(17): CApplication->run()
#3 {main}
REQUEST_URI=/robots.txt
---
2025/09/05 20:23:55 [error] [exception.CHttpException.404] CHttpException: Unable to resolve the request "robots.txt". in /home/f7000414/public_html/yii-1.1.13/framework/web/CWebApplication.php:286
Stack trace:
#0 /home/f7000414/public_html/yii-1.1.13/framework/web/CWebApplication.php(141): CWebApplication->runController('robots.txt')
#1 /home/f7000414/public_html/yii-1.1.13/framework/base/CApplication.php(169): CWebApplication->processRequest()
#2 /home/f7000414/public_html/index.php(17): CApplication->run()
#3 {main}
REQUEST_URI=/robots.txt
---
2025/09/05 20:42:16 [error] [exception.CHttpException.404] CHttpException: Unable to resolve the request "robots.txt". in /home/f7000414/public_html/yii-1.1.13/framework/web/CWebApplication.php:286
Stack trace:
#0 /home/f7000414/public_html/yii-1.1.13/framework/web/CWebApplication.php(141): CWebApplication->runController('robots.txt')
#1 /home/f7000414/public_html/yii-1.1.13/framework/base/CApplication.php(169): CWebApplication->processRequest()
#2 /home/f7000414/public_html/index.php(17): CApplication->run()
#3 {main}
REQUEST_URI=/robots.txt
---
2025/09/05 22:53:01 [error] [exception.CHttpException.404] CHttpException: Unable to resolve the request "llms.txt". in /home/f7000414/public_html/yii-1.1.13/framework/web/CWebApplication.php:286
Stack trace:
#0 /home/f7000414/public_html/yii-1.1.13/framework/web/CWebApplication.php(141): CWebApplication->runController('llms.txt')
#1 /home/f7000414/public_html/yii-1.1.13/framework/base/CApplication.php(169): CWebApplication->processRequest()
#2 /home/f7000414/public_html/index.php(17): CApplication->run()
#3 {main}
REQUEST_URI=/llms.txt
---
2025/09/05 22:53:05 [error] [exception.CHttpException.404] CHttpException: Unable to resolve the request "ai.txt". in /home/f7000414/public_html/yii-1.1.13/framework/web/CWebApplication.php:286
Stack trace:
#0 /home/f7000414/public_html/yii-1.1.13/framework/web/CWebApplication.php(141): CWebApplication->runController('ai.txt')
#1 /home/f7000414/public_html/yii-1.1.13/framework/base/CApplication.php(169): CWebApplication->processRequest()
#2 /home/f7000414/public_html/index.php(17): CApplication->run()
#3 {main}
REQUEST_URI=/ai.txt
---
2025/09/05 22:53:20 [error] [exception.CHttpException.404] CHttpException: Unable to resolve the request "robots.txt". in /home/f7000414/public_html/yii-1.1.13/framework/web/CWebApplication.php:286
Stack trace:
#0 /home/f7000414/public_html/yii-1.1.13/framework/web/CWebApplication.php(141): CWebApplication->runController('robots.txt')
#1 /home/f7000414/public_html/yii-1.1.13/framework/base/CApplication.php(169): CWebApplication->processRequest()
#2 /home/f7000414/public_html/index.php(17): CApplication->run()
#3 {main}
REQUEST_URI=/robots.txt
---
2025/09/05 23:15:42 [error] [exception.CHttpException.404] CHttpException: Unable to resolve the request "llms.txt". in /home/f7000414/public_html/yii-1.1.13/framework/web/CWebApplication.php:286
Stack trace:
#0 /home/f7000414/public_html/yii-1.1.13/framework/web/CWebApplication.php(141): CWebApplication->runController('llms.txt')
#1 /home/f7000414/public_html/yii-1.1.13/framework/base/CApplication.php(169): CWebApplication->processRequest()
#2 /home/f7000414/public_html/index.php(17): CApplication->run()
#3 {main}
REQUEST_URI=/llms.txt
---
2025/09/05 23:15:47 [error] [exception.CHttpException.404] CHttpException: Unable to resolve the request "ai.txt". in /home/f7000414/public_html/yii-1.1.13/framework/web/CWebApplication.php:286
Stack trace:
#0 /home/f7000414/public_html/yii-1.1.13/framework/web/CWebApplication.php(141): CWebApplication->runController('ai.txt')
#1 /home/f7000414/public_html/yii-1.1.13/framework/base/CApplication.php(169): CWebApplication->processRequest()
#2 /home/f7000414/public_html/index.php(17): CApplication->run()
#3 {main}
REQUEST_URI=/ai.txt
---
2025/09/05 23:16:08 [error] [exception.CHttpException.404] CHttpException: Unable to resolve the request "robots.txt". in /home/f7000414/public_html/yii-1.1.13/framework/web/CWebApplication.php:286
Stack trace:
#0 /home/f7000414/public_html/yii-1.1.13/framework/web/CWebApplication.php(141): CWebApplication->runController('robots.txt')
#1 /home/f7000414/public_html/yii-1.1.13/framework/base/CApplication.php(169): CWebApplication->processRequest()
#2 /home/f7000414/public_html/index.php(17): CApplication->run()
#3 {main}
REQUEST_URI=/robots.txt
---
2025/09/06 00:27:06 [error] [exception.CHttpException.404] CHttpException: Unable to resolve the request "robots.txt". in /home/f7000414/public_html/yii-1.1.13/framework/web/CWebApplication.php:286
Stack trace:
#0 /home/f7000414/public_html/yii-1.1.13/framework/web/CWebApplication.php(141): CWebApplication->runController('robots.txt')
#1 /home/f7000414/public_html/yii-1.1.13/framework/base/CApplication.php(169): CWebApplication->processRequest()
#2 /home/f7000414/public_html/index.php(17): CApplication->run()
#3 {main}
REQUEST_URI=/robots.txt
---
2025/09/06 00:55:49 [error] [exception.CHttpException.404] CHttpException: Unable to resolve the request "ads.txt". in /home/f7000414/public_html/yii-1.1.13/framework/web/CWebApplication.php:286
Stack trace:
#0 /home/f7000414/public_html/yii-1.1.13/framework/web/CWebApplication.php(141): CWebApplication->runController('ads.txt')
#1 /home/f7000414/public_html/yii-1.1.13/framework/base/CApplication.php(169): CWebApplication->processRequest()
#2 /home/f7000414/public_html/index.php(17): CApplication->run()
#3 {main}
REQUEST_URI=/ads.txt
---
2025/09/06 01:00:38 [error] [exception.CHttpException.404] CHttpException: Unable to resolve the request "robots.txt". in /home/f7000414/public_html/yii-1.1.13/framework/web/CWebApplication.php:286
Stack trace:
#0 /home/f7000414/public_html/yii-1.1.13/framework/web/CWebApplication.php(141): CWebApplication->runController('robots.txt')
#1 /home/f7000414/public_html/yii-1.1.13/framework/base/CApplication.php(169): CWebApplication->processRequest()
#2 /home/f7000414/public_html/index.php(17): CApplication->run()
#3 {main}
REQUEST_URI=/robots.txt
---
2025/09/06 01:03:48 [error] [exception.CHttpException.404] CHttpException: Unable to resolve the request "robots.txt". in /home/f7000414/public_html/yii-1.1.13/framework/web/CWebApplication.php:286
Stack trace:
#0 /home/f7000414/public_html/yii-1.1.13/framework/web/CWebApplication.php(141): CWebApplication->runController('robots.txt')
#1 /home/f7000414/public_html/yii-1.1.13/framework/base/CApplication.php(169): CWebApplication->processRequest()
#2 /home/f7000414/public_html/index.php(17): CApplication->run()
#3 {main}
REQUEST_URI=/robots.txt
---
2025/09/06 01:06:18 [error] [exception.CHttpException.404] CHttpException: Unable to resolve the request "robots.txt". in /home/f7000414/public_html/yii-1.1.13/framework/web/CWebApplication.php:286
Stack trace:
#0 /home/f7000414/public_html/yii-1.1.13/framework/web/CWebApplication.php(141): CWebApplication->runController('robots.txt')
#1 /home/f7000414/public_html/yii-1.1.13/framework/base/CApplication.php(169): CWebApplication->processRequest()
#2 /home/f7000414/public_html/index.php(17): CApplication->run()
#3 {main}
REQUEST_URI=/robots.txt
---
2025/09/06 01:06:19 [error] [exception.CHttpException.404] CHttpException: Unable to resolve the request "index.html". in /home/f7000414/public_html/yii-1.1.13/framework/web/CWebApplication.php:286
Stack trace:
#0 /home/f7000414/public_html/yii-1.1.13/framework/web/CWebApplication.php(141): CWebApplication->runController('index.html')
#1 /home/f7000414/public_html/yii-1.1.13/framework/base/CApplication.php(169): CWebApplication->processRequest()
#2 /home/f7000414/public_html/index.php(17): CApplication->run()
#3 {main}
REQUEST_URI=/index.html
---
2025/09/06 01:20:13 [error] [exception.CHttpException.404] CHttpException: Unable to resolve the request "robots.txt". in /home/f7000414/public_html/yii-1.1.13/framework/web/CWebApplication.php:286
Stack trace:
#0 /home/f7000414/public_html/yii-1.1.13/framework/web/CWebApplication.php(141): CWebApplication->runController('robots.txt')
#1 /home/f7000414/public_html/yii-1.1.13/framework/base/CApplication.php(169): CWebApplication->processRequest()
#2 /home/f7000414/public_html/index.php(17): CApplication->run()
#3 {main}
REQUEST_URI=/robots.txt
---
2025/09/06 01:20:14 [error] [exception.CHttpException.404] CHttpException: Unable to resolve the request "robots.txt". in /home/f7000414/public_html/yii-1.1.13/framework/web/CWebApplication.php:286
Stack trace:
#0 /home/f7000414/public_html/yii-1.1.13/framework/web/CWebApplication.php(141): CWebApplication->runController('robots.txt')
#1 /home/f7000414/public_html/yii-1.1.13/framework/base/CApplication.php(169): CWebApplication->processRequest()
#2 /home/f7000414/public_html/index.php(17): CApplication->run()
#3 {main}
REQUEST_URI=/robots.txt
---
2025/09/06 01:24:29 [error] [exception.CHttpException.404] CHttpException: Unable to resolve the request "wordpress/wp-admin/setup-config.php". in /home/f7000414/public_html/yii-1.1.13/framework/web/CWebApplication.php:286
Stack trace:
#0 /home/f7000414/public_html/yii-1.1.13/framework/web/CWebApplication.php(141): CWebApplication->runController('wordpress/wp-ad...')
#1 /home/f7000414/public_html/yii-1.1.13/framework/base/CApplication.php(169): CWebApplication->processRequest()
#2 /home/f7000414/public_html/index.php(17): CApplication->run()
#3 {main}
REQUEST_URI=/wordpress/wp-admin/setup-config.php
---
2025/09/06 01:24:33 [error] [exception.CHttpException.404] CHttpException: Unable to resolve the request "wp-admin/setup-config.php". in /home/f7000414/public_html/yii-1.1.13/framework/web/CWebApplication.php:286
Stack trace:
#0 /home/f7000414/public_html/yii-1.1.13/framework/web/CWebApplication.php(141): CWebApplication->runController('wp-admin/setup-...')
#1 /home/f7000414/public_html/yii-1.1.13/framework/base/CApplication.php(169): CWebApplication->processRequest()
#2 /home/f7000414/public_html/index.php(17): CApplication->run()
#3 {main}
REQUEST_URI=/wp-admin/setup-config.php
---
2025/09/06 01:26:05 [error] [exception.CHttpException.404] CHttpException: Unable to resolve the request "wp-admin/setup-config.php". in /home/f7000414/public_html/yii-1.1.13/framework/web/CWebApplication.php:286
Stack trace:
#0 /home/f7000414/public_html/yii-1.1.13/framework/web/CWebApplication.php(141): CWebApplication->runController('wp-admin/setup-...')
#1 /home/f7000414/public_html/yii-1.1.13/framework/base/CApplication.php(169): CWebApplication->processRequest()
#2 /home/f7000414/public_html/index.php(17): CApplication->run()
#3 {main}
REQUEST_URI=/wp-admin/setup-config.php
---
2025/09/06 01:26:24 [error] [exception.CHttpException.404] CHttpException: Unable to resolve the request "wordpress/wp-admin/setup-config.php". in /home/f7000414/public_html/yii-1.1.13/framework/web/CWebApplication.php:286
Stack trace:
#0 /home/f7000414/public_html/yii-1.1.13/framework/web/CWebApplication.php(141): CWebApplication->runController('wordpress/wp-ad...')
#1 /home/f7000414/public_html/yii-1.1.13/framework/base/CApplication.php(169): CWebApplication->processRequest()
#2 /home/f7000414/public_html/index.php(17): CApplication->run()
#3 {main}
REQUEST_URI=/wordpress/wp-admin/setup-config.php
---
2025/09/06 01:33:03 [error] [exception.CHttpException.404] CHttpException: Unable to resolve the request "robots.txt". in /home/f7000414/public_html/yii-1.1.13/framework/web/CWebApplication.php:286
Stack trace:
#0 /home/f7000414/public_html/yii-1.1.13/framework/web/CWebApplication.php(141): CWebApplication->runController('robots.txt')
#1 /home/f7000414/public_html/yii-1.1.13/framework/base/CApplication.php(169): CWebApplication->processRequest()
#2 /home/f7000414/public_html/index.php(17): CApplication->run()
#3 {main}
REQUEST_URI=/robots.txt
---
2025/09/06 02:04:43 [error] [exception.CHttpException.404] CHttpException: Unable to resolve the request "robots.txt". in /home/f7000414/public_html/yii-1.1.13/framework/web/CWebApplication.php:286
Stack trace:
#0 /home/f7000414/public_html/yii-1.1.13/framework/web/CWebApplication.php(141): CWebApplication->runController('robots.txt')
#1 /home/f7000414/public_html/yii-1.1.13/framework/base/CApplication.php(169): CWebApplication->processRequest()
#2 /home/f7000414/public_html/index.php(17): CApplication->run()
#3 {main}
REQUEST_URI=/robots.txt
---
2025/09/06 02:53:44 [error] [exception.CHttpException.404] CHttpException: Unable to resolve the request "favicon.ico". in /home/f7000414/public_html/yii-1.1.13/framework/web/CWebApplication.php:286
Stack trace:
#0 /home/f7000414/public_html/yii-1.1.13/framework/web/CWebApplication.php(141): CWebApplication->runController('favicon.ico')
#1 /home/f7000414/public_html/yii-1.1.13/framework/base/CApplication.php(169): CWebApplication->processRequest()
#2 /home/f7000414/public_html/index.php(17): CApplication->run()
#3 {main}
REQUEST_URI=/favicon.ico
---
2025/09/06 03:48:38 [error] [exception.CHttpException.404] CHttpException: Unable to resolve the request "media/system/js/core.js". in /home/f7000414/public_html/yii-1.1.13/framework/web/CWebApplication.php:286
Stack trace:
#0 /home/f7000414/public_html/yii-1.1.13/framework/web/CWebApplication.php(141): CWebApplication->runController('media/system/js...')
#1 /home/f7000414/public_html/yii-1.1.13/framework/base/CApplication.php(169): CWebApplication->processRequest()
#2 /home/f7000414/public_html/index.php(17): CApplication->run()
#3 {main}
REQUEST_URI=/media/system/js/core.js
---
2025/09/06 03:48:38 [error] [exception.CHttpException.404] CHttpException: Unable to resolve the request "wp-includes/js/jquery/jquery.js". in /home/f7000414/public_html/yii-1.1.13/framework/web/CWebApplication.php:286
Stack trace:
#0 /home/f7000414/public_html/yii-1.1.13/framework/web/CWebApplication.php(141): CWebApplication->runController('wp-includes/js/...')
#1 /home/f7000414/public_html/yii-1.1.13/framework/base/CApplication.php(169): CWebApplication->processRequest()
#2 /home/f7000414/public_html/index.php(17): CApplication->run()
#3 {main}
REQUEST_URI=/wp-includes/js/jquery/jquery.js
---
2025/09/06 03:50:51 [error] [exception.CHttpException.404] CHttpException: Unable to resolve the request "robots.txt". in /home/f7000414/public_html/yii-1.1.13/framework/web/CWebApplication.php:286
Stack trace:
#0 /home/f7000414/public_html/yii-1.1.13/framework/web/CWebApplication.php(141): CWebApplication->runController('robots.txt')
#1 /home/f7000414/public_html/yii-1.1.13/framework/base/CApplication.php(169): CWebApplication->processRequest()
#2 /home/f7000414/public_html/index.php(17): CApplication->run()
#3 {main}
REQUEST_URI=/robots.txt
---
2025/09/06 04:33:46 [error] [exception.CHttpException.404] CHttpException: Unable to resolve the request "robots.txt". in /home/f7000414/public_html/yii-1.1.13/framework/web/CWebApplication.php:286
Stack trace:
#0 /home/f7000414/public_html/yii-1.1.13/framework/web/CWebApplication.php(141): CWebApplication->runController('robots.txt')
#1 /home/f7000414/public_html/yii-1.1.13/framework/base/CApplication.php(169): CWebApplication->processRequest()
#2 /home/f7000414/public_html/index.php(17): CApplication->run()
#3 {main}
REQUEST_URI=/robots.txt
---
2025/09/06 05:56:52 [error] [exception.Swift_TransportException] Swift_TransportException: Expected response code 250 but got code "535", with message "535-5.7.8 Username and Password not accepted. For more information, go to
535 5.7.8  https://support.google.com/mail/?p=BadCredentials 46e09a7af769-74bb93ce115sm634539a34.14 - gsmtp
" in /home/f7000414/public_html/protected/extensions/yii-mail/vendors/swiftMailer/classes/Swift/Transport/AbstractSmtpTransport.php:386
Stack trace:
#0 /home/f7000414/public_html/protected/extensions/yii-mail/vendors/swiftMailer/classes/Swift/Transport/AbstractSmtpTransport.php(281): Swift_Transport_AbstractSmtpTransport->_assertResponseCode('535-5.7.8 Usern...', Array)
#1 /home/f7000414/public_html/protected/extensions/yii-mail/vendors/swiftMailer/classes/Swift/Transport/EsmtpTransport.php(245): Swift_Transport_AbstractSmtpTransport->executeCommand('RSET\r\n', Array, Array)
#2 /home/f7000414/public_html/protected/extensions/yii-mail/vendors/swiftMailer/classes/Swift/Transport/Esmtp/Auth/XOAuth2Authenticator.php(56): Swift_Transport_EsmtpTransport->executeCommand('RSET\r\n', Array)
#3 /home/f7000414/public_html/protected/extensions/yii-mail/vendors/swiftMailer/classes/Swift/Transport/Esmtp/AuthHandler.php(179): Swift_Transport_Esmtp_Auth_XOAuth2Authenticator->authenticate(Object(Swift_SmtpTransport), '0800cocinas@gma...', 'tkkhpsyqsrfixna...')
#4 /home/f7000414/public_html/protected/extensions/yii-mail/vendors/swiftMailer/classes/Swift/Transport/EsmtpTransport.php(312): Swift_Transport_Esmtp_AuthHandler->afterEhlo(Object(Swift_SmtpTransport))
#5 /home/f7000414/public_html/protected/extensions/yii-mail/vendors/swiftMailer/classes/Swift/Transport/AbstractSmtpTransport.php(120): Swift_Transport_EsmtpTransport->_doHeloCommand()
#6 /home/f7000414/public_html/protected/extensions/yii-mail/vendors/swiftMailer/classes/Swift/Mailer.php(80): Swift_Transport_AbstractSmtpTransport->start()
#7 /home/f7000414/public_html/protected/extensions/yii-mail/YiiMail.php(133): Swift_Mailer->send(Object(Swift_Message), Array)
#8 /home/f7000414/public_html/protected/controllers/SiteController.php(284): YiiMail->send(Object(YiiMailMessage))
#9 [internal function]: SiteController->actionContacto(0)
#10 /home/f7000414/public_html/yii-1.1.13/framework/web/actions/CAction.php(108): ReflectionMethod->invokeArgs(Object(SiteController), Array)
#11 /home/f7000414/public_html/yii-1.1.13/framework/web/actions/CInlineAction.php(47): CAction->runWithParamsInternal(Object(SiteController), Object(ReflectionMethod), Array)
#12 /home/f7000414/public_html/yii-1.1.13/framework/web/CController.php(308): CInlineAction->runWithParams(Array)
#13 /home/f7000414/public_html/yii-1.1.13/framework/web/CController.php(286): CController->runAction(Object(CInlineAction))
#14 /home/f7000414/public_html/yii-1.1.13/framework/web/CController.php(265): CController->runActionWithFilters(Object(CInlineAction), Array)
#15 /home/f7000414/public_html/yii-1.1.13/framework/web/CWebApplication.php(282): CController->run('contacto')
#16 /home/f7000414/public_html/yii-1.1.13/framework/web/CWebApplication.php(141): CWebApplication->runController('site/contacto')
#17 /home/f7000414/public_html/yii-1.1.13/framework/base/CApplication.php(169): CWebApplication->processRequest()
#18 /home/f7000414/public_html/index.php(17): CApplication->run()
#19 {main}
REQUEST_URI=/site/contacto
HTTP_REFERER=https://0800cocinas.com/site/contacto
---
